path_A,speaker_id_A,yt_id_A,vid_id_A,path_B,speaker_id_B,yt_id_B,vid_id_B
data/Edward_Asner/1.6/R_h7875g_PI/8,16,R_h7875g_PI,8,data/Eoin_Macken/1.6/TnOGBL8p-RM/2,1015,TnOGBL8p-RM,2
data/Ernest_Borgnine/1.6/8EDKH42GZ1o/25,650,8EDKH42GZ1o,25,data/Eddie_McClintock/1.6/CVUXDNZzcmA/6,699,CVUXDNZzcmA,6
data/Elaine_Cassidy/1.6/9AtE4C309P8/5,491,9AtE4C309P8,5,data/Emile_Hirsch/1.6/HYiqXC0B3iY/29,158,HYiqXC0B3iY,29
data/Evanna_Lynch/1.6/ygGJs_Rh7ds/5,1129,ygGJs_Rh7ds,5,data/Esai_Morales/1.6/K2_D_tFdAgY/27,437,K2_D_tFdAgY,27
data/Erin_Andrews/1.6/z1ZWYfCuRKY/1,919,z1ZWYfCuRKY,1,data/Edward_Asner/1.6/Pp-rAswo4Xg/8,16,Pp-rAswo4Xg,8
data/Elaine_Hendrix/1.6/ni6gO5jDLJE/10,781,ni6gO5jDLJE,10,data/Edward_Asner/1.6/DSGE2F5sTcg/23,16,DSGE2F5sTcg,23
data/Emily_Atack/1.6/7lrVxsJOOZ4/1,871,7lrVxsJOOZ4,1,data/Eva_Longoria/1.6/Zftj0BQFRdY/4,716,Zftj0BQFRdY,4
data/Edgar_Wright/1.6/FDhJhEu0JUM/14,943,FDhJhEu0JUM,14,data/Eli_Wallach/1.6/YN4cTBWM-QE/4,770,YN4cTBWM-QE,4
data/Esai_Morales/1.6/K2_D_tFdAgY/9,437,K2_D_tFdAgY,9,data/Ernest_Borgnine/1.6/SQzWyPhRqmk/12,650,SQzWyPhRqmk,12
data/Eoin_Macken/1.6/Mp1IXRquJ9s/12,1015,Mp1IXRquJ9s,12,data/Eoin_Macken/1.6/rZQMeH1FCvM/1,1015,rZQMeH1FCvM,1
data/Ellen_Burstyn/1.6/bP0bKbQQlzc/1,268,bP0bKbQQlzc,1,data/Eddie_McClintock/1.6/QjrBKqx_Xeo/6,699,QjrBKqx_Xeo,6
data/Elle_Fanning/1.6/Qkll9n7U5ak/12,1119,Qkll9n7U5ak,12,data/Eartha_Kitt/1.6/8jEAjG6SegY/11,365,8jEAjG6SegY,11
data/Ernest_Borgnine/1.6/TMBdUkVfwOg/1,650,TMBdUkVfwOg,1,data/Ezra_Miller/1.6/pwfqGqgezH4/1,106,pwfqGqgezH4,1
data/Emile_Hirsch/1.6/cIi74VD0LF0/1,158,cIi74VD0LF0,1,data/Edward_Asner/1.6/iEAqbqZ7dDg/12,16,iEAqbqZ7dDg,12
data/Edward_Asner/1.6/Pp-rAswo4Xg/34,16,Pp-rAswo4Xg,34,data/Eric_Roberts/1.6/o1EKUvjvNHY/2,687,o1EKUvjvNHY,2
data/Ellen_Wong/1.6/CGFR9WP0Rno/1,1156,CGFR9WP0Rno,1,data/Eugene_Levy/1.6/JQtDfEz08aU/34,166,JQtDfEz08aU,34
data/Eleanor_Tomlinson/1.6/s4X9cwCCnFo/5,906,s4X9cwCCnFo,5,data/Ernie_Hudson/1.6/VIAnMw7J5tI/7,1132,VIAnMw7J5tI,7
data/Eleanor_Tomlinson/1.6/YmJBoCojXf4/3,906,YmJBoCojXf4,3,data/Eva_Green/1.6/SBO7kM1IPaY/10,833,SBO7kM1IPaY,10
data/Ed_Westwick/1.6/PMWQqW_ia58/1,844,PMWQqW_ia58,1,data/Esai_Morales/1.6/K2_D_tFdAgY/7,437,K2_D_tFdAgY,7
data/Eugene_Levy/1.6/hDBMV_0Vz4E/8,166,hDBMV_0Vz4E,8,data/Eli_Roth/1.6/gAKHqHbNt2g/10,753,gAKHqHbNt2g,10
data/Edward_Asner/1.6/qN6dBTlT3HA/2,16,qN6dBTlT3HA,2,data/Ellen_Burstyn/1.6/I99R40TUF1s/18,268,I99R40TUF1s,18
data/Eugenio_Derbez/1.6/Piw0wvQbpnQ/4,1066,Piw0wvQbpnQ,4,data/Eric_Roberts/1.6/FvbLoirHpx0/2,687,FvbLoirHpx0,2
data/Eric_Dane/1.6/WxDEVkQKPow/3,983,WxDEVkQKPow,3,data/Edgar_Wright/1.6/HrA2BLcLApA/25,943,HrA2BLcLApA,25
data/Eleanor_Tomlinson/1.6/IDA_ElNHLn4/1,906,IDA_ElNHLn4,1,data/Eugene_Levy/1.6/zV7LlMi0eHo/11,166,zV7LlMi0eHo,11
data/Eoin_Macken/1.6/nAtqrkWKIhM/5,1015,nAtqrkWKIhM,5,data/Elle_Fanning/1.6/lBkbWztMEUY/4,1119,lBkbWztMEUY,4
data/Ezra_Miller/1.6/XMLMvfrgdzY/5,106,XMLMvfrgdzY,5,data/Eva_Green/1.6/QRMq4DnyM3I/4,833,QRMq4DnyM3I,4
data/Elaine_Hendrix/1.6/FL2UicCNcwI/3,781,FL2UicCNcwI,3,data/Eddie_Kaye_Thomas/1.6/wH6ebv-K8AA/3,865,wH6ebv-K8AA,3
data/Eric_Braeden/1.6/1l9B0dz7gjc/5,364,1l9B0dz7gjc,5,data/Eli_Roth/1.6/S-dgypZHvhg/5,753,S-dgypZHvhg,5
data/Erin_Andrews/1.6/uaPd2Ix-wSI/6,919,uaPd2Ix-wSI,6,data/Ernie_Hudson/1.6/AeRSD9jIdSg/4,1132,AeRSD9jIdSg,4
data/Eugenio_Derbez/1.6/nJbBcMdxQU4/9,1066,nJbBcMdxQU4,9,data/Emraan_Hashmi/1.6/gm6PJowclv0/22,457,gm6PJowclv0,22
data/Eoin_Macken/1.6/CvoEw4AJj6c/3,1015,CvoEw4AJj6c,3,data/Emraan_Hashmi/1.6/YvmWRnJnTz0/9,457,YvmWRnJnTz0,9
data/Eva_Longoria/1.6/120gjdqGWNQ/8,716,120gjdqGWNQ,8,data/Elle_Fanning/1.6/lBkbWztMEUY/6,1119,lBkbWztMEUY,6
data/Eugenio_Derbez/1.6/nJbBcMdxQU4/8,1066,nJbBcMdxQU4,8,data/Eoin_Macken/1.6/g2jVmC3qCNA/3,1015,g2jVmC3qCNA,3
data/Eric_Roberts/1.6/31XtFWtF7Sc/2,687,31XtFWtF7Sc,2,data/Elisabeth_Moss/1.6/thghCiJZYwI/13,587,thghCiJZYwI,13
data/Evanna_Lynch/1.6/XQWpVt5n3Ic/10,1129,XQWpVt5n3Ic,10,data/Eli_Roth/1.6/clznvDi-ybg/10,753,clznvDi-ybg,10
data/Eric_Braeden/1.6/VweNonqOdrE/4,364,VweNonqOdrE,4,data/Eli_Roth/1.6/GcHWzqveqyc/4,753,GcHWzqveqyc,4
data/Emraan_Hashmi/1.6/0H91VC07Q3s/4,457,0H91VC07Q3s,4,data/Eddie_Izzard/1.6/ZpPPaMazpf0/11,113,ZpPPaMazpf0,11
data/Edgar_Wright/1.6/AeZoMAJ4Ejs/12,943,AeZoMAJ4Ejs,12,data/Emile_Hirsch/1.6/A3QwQ3D35rc/7,158,A3QwQ3D35rc,7
data/Eddie_Izzard/1.6/Ed918auNI0Y/5,113,Ed918auNI0Y,5,data/Esai_Morales/1.6/ekqJava7sdE/2,437,ekqJava7sdE,2
data/Eugenio_Derbez/1.6/3QrLepYlH6o/6,1066,3QrLepYlH6o,6,data/Eddie_Griffin/1.6/0qqQJVFKpbA/5,1014,0qqQJVFKpbA,5
data/Ernest_Borgnine/1.6/7byARrJfhlI/12,650,7byARrJfhlI,12,data/Eva_Green/1.6/XcXDiYWIS6E/1,833,XcXDiYWIS6E,1
data/Eddie_Izzard/1.6/8cfyJEV7hP8/14,113,8cfyJEV7hP8,14,data/Eoin_Macken/1.6/g2jVmC3qCNA/5,1015,g2jVmC3qCNA,5
data/Elisabeth_Moss/1.6/Zdmm9Mrr8Ts/4,587,Zdmm9Mrr8Ts,4,data/Ernest_Borgnine/1.6/fAe7DXqrZls/3,650,fAe7DXqrZls,3
data/Erin_Andrews/1.6/SX-117N_MoI/6,919,SX-117N_MoI,6,data/Erin_Andrews/1.6/HcyUmRYz-aE/1,919,HcyUmRYz-aE,1
data/Eddie_Izzard/1.6/hW0Q6eHqN-U/6,113,hW0Q6eHqN-U,6,data/Erik_Estrada/1.6/hjvQiiG71rM/18,1106,hjvQiiG71rM,18
data/Ellen_Burstyn/1.6/bP0bKbQQlzc/2,268,bP0bKbQQlzc,2,data/Eugenio_Derbez/1.6/Piw0wvQbpnQ/7,1066,Piw0wvQbpnQ,7
data/Eva_Green/1.6/ehwAeTUqH0s/8,833,ehwAeTUqH0s,8,data/Edgar_Wright/1.6/5YncBThNd5E/3,943,5YncBThNd5E,3
data/Eddie_Izzard/1.6/prqT1CcDqMc/11,113,prqT1CcDqMc,11,data/Emile_Hirsch/1.6/T1y64qFjv3M/6,158,T1y64qFjv3M,6
data/Emraan_Hashmi/1.6/N8_clYCM9n8/4,457,N8_clYCM9n8,4,data/Elodie_Yung/1.6/VIELknoQMyo/2,270,VIELknoQMyo,2
data/Eartha_Kitt/1.6/5r0dWxy17C8/10,365,5r0dWxy17C8,10,data/Eoin_Macken/1.6/r4aP67VNNrc/1,1015,r4aP67VNNrc,1
data/Eli_Wallach/1.6/Uzxv7Axh3Z8/4,770,Uzxv7Axh3Z8,4,data/Erik_Estrada/1.6/Cjt5DP6qc5Q/3,1106,Cjt5DP6qc5Q,3
data/Elle_Fanning/1.6/7I1GtGzVfmw/15,1119,7I1GtGzVfmw,15,data/Eddie_Kaye_Thomas/1.6/wH6ebv-K8AA/6,865,wH6ebv-K8AA,6
data/Edward_Asner/1.6/fvX1Vtx3sNo/2,16,fvX1Vtx3sNo,2,data/Emraan_Hashmi/1.6/ya6VNZp-pXw/29,457,ya6VNZp-pXw,29
data/Elle_Fanning/1.6/Qkll9n7U5ak/10,1119,Qkll9n7U5ak,10,data/Eugenio_Derbez/1.6/3QrLepYlH6o/16,1066,3QrLepYlH6o,16
data/Estelle_Harris/1.6/Zs8VK91yVMI/10,518,Zs8VK91yVMI,10,data/Emraan_Hashmi/1.6/ya6VNZp-pXw/10,457,ya6VNZp-pXw,10
data/Eric_Braeden/1.6/dYC_mN16I_k/2,364,dYC_mN16I_k,2,data/Ezra_Miller/1.6/rxnN8thYzEQ/8,106,rxnN8thYzEQ,8
data/Edgar_Wright/1.6/HrA2BLcLApA/19,943,HrA2BLcLApA,19,data/Emraan_Hashmi/1.6/57KbI2UvGss/17,457,57KbI2UvGss,17
data/Eoin_Macken/1.6/rZQMeH1FCvM/2,1015,rZQMeH1FCvM,2,data/Ellen_Burstyn/1.6/I99R40TUF1s/17,268,I99R40TUF1s,17
data/Eli_Roth/1.6/cmG1DiHm-fM/4,753,cmG1DiHm-fM,4,data/Elaine_Cassidy/1.6/PQBBKBYGWgU/8,491,PQBBKBYGWgU,8
data/Eva_Green/1.6/2SaEbN8hYz4/11,833,2SaEbN8hYz4,11,data/Ezra_Miller/1.6/0cYFdtyWVds/5,106,0cYFdtyWVds,5
data/Eoin_Macken/1.6/vD3qGRbmXws/5,1015,vD3qGRbmXws,5,data/Eli_Roth/1.6/j5ArtKwbobY/1,753,j5ArtKwbobY,1
data/Eli_Roth/1.6/vaK4t1-WD4M/17,753,vaK4t1-WD4M,17,data/Eric_Roberts/1.6/2eJ33J6xFVM/1,687,2eJ33J6xFVM,1
data/Ezra_Miller/1.6/rqaAm4bEsXc/8,106,rqaAm4bEsXc,8,data/Esai_Morales/1.6/VRCidrXwd1s/17,437,VRCidrXwd1s,17
data/Eva_Green/1.6/kQOkcEZUpJ4/3,833,kQOkcEZUpJ4,3,data/Ezra_Miller/1.6/V_tzoDBiP8A/1,106,V_tzoDBiP8A,1
data/Edgar_Wright/1.6/5YncBThNd5E/27,943,5YncBThNd5E,27,data/Erin_Andrews/1.6/IwB3vu418E4/7,919,IwB3vu418E4,7
data/Elaine_Cassidy/1.6/9AtE4C309P8/13,491,9AtE4C309P8,13,data/Emraan_Hashmi/1.6/azw51ZGuz9k/5,457,azw51ZGuz9k,5
data/Emily_Atack/1.6/oLJhH76d0kU/4,871,oLJhH76d0kU,4,data/Eli_Roth/1.6/vaK4t1-WD4M/25,753,vaK4t1-WD4M,25
data/Eoin_Macken/1.6/8lGvPwJszxI/2,1015,8lGvPwJszxI,2,data/Eddie_Kaye_Thomas/1.6/YCIIiIR9B60/1,865,YCIIiIR9B60,1
data/Emraan_Hashmi/1.6/57KbI2UvGss/20,457,57KbI2UvGss,20,data/Eli_Roth/1.6/clznvDi-ybg/6,753,clznvDi-ybg,6
data/Eric_Braeden/1.6/oTRparDs-84/3,364,oTRparDs-84,3,data/Eva_Green/1.6/wHmbXYotPCg/1,833,wHmbXYotPCg,1
data/Eugenio_Derbez/1.6/t0EX2dOBQjw/2,1066,t0EX2dOBQjw,2,data/Eugenio_Derbez/1.6/lZH9MOxJqtA/1,1066,lZH9MOxJqtA,1
data/Eli_Wallach/1.6/RNYNkXzY5Hk/22,770,RNYNkXzY5Hk,22,data/Erik_Estrada/1.6/6qFnVechX9o/17,1106,6qFnVechX9o,17
data/Ezra_Miller/1.6/GyJHpVQmcvc/1,106,GyJHpVQmcvc,1,data/Erin_Andrews/1.6/HcyUmRYz-aE/3,919,HcyUmRYz-aE,3
data/Eugene_Levy/1.6/JQtDfEz08aU/14,166,JQtDfEz08aU,14,data/Eli_Roth/1.6/j5ArtKwbobY/14,753,j5ArtKwbobY,14
data/Efren_Ramirez/1.6/PQHz4fGHPK8/1,915,PQHz4fGHPK8,1,data/Elaine_Cassidy/1.6/PQBBKBYGWgU/5,491,PQBBKBYGWgU,5
data/Erik_Estrada/1.6/SCYPNx1H2pM/1,1106,SCYPNx1H2pM,1,data/Erik_Estrada/1.6/U_1vfIVOigA/10,1106,U_1vfIVOigA,10
data/Elisabeth_Moss/1.6/d-ZEojJk-rs/5,587,d-ZEojJk-rs,5,data/Edgar_Wright/1.6/5YncBThNd5E/2,943,5YncBThNd5E,2
data/Elle_Fanning/1.6/isKyMAYUOgg/6,1119,isKyMAYUOgg,6,data/Edward_Asner/1.6/QOq66XogW3Q/11,16,QOq66XogW3Q,11
data/Estelle_Harris/1.6/LKDWhdJQFco/7,518,LKDWhdJQFco,7,data/Eartha_Kitt/1.6/8jEAjG6SegY/32,365,8jEAjG6SegY,32
data/Edgar_Wright/1.6/FDhJhEu0JUM/12,943,FDhJhEu0JUM,12,data/Ezra_Miller/1.6/e-IdJ8a4gy4/8,106,e-IdJ8a4gy4,8
data/Elaine_Hendrix/1.6/o-L8P0xj3qk/3,781,o-L8P0xj3qk,3,data/Eli_Roth/1.6/u3s9xdUlmmk/8,753,u3s9xdUlmmk,8
data/Eric_McCormack/1.6/_BVSKK5mGnY/7,379,_BVSKK5mGnY,7,data/Eric_Braeden/1.6/KMM3INYWEeY/3,364,KMM3INYWEeY,3
data/Eric_Roberts/1.6/0mtJFC7OJv4/1,687,0mtJFC7OJv4,1,data/Erik_Estrada/1.6/a0S-epXYJME/1,1106,a0S-epXYJME,1
data/Estelle_Harris/1.6/Zs8VK91yVMI/7,518,Zs8VK91yVMI,7,data/Eddie_Izzard/1.6/58VB-LYIoRM/3,113,58VB-LYIoRM,3
data/Edgar_Wright/1.6/AeZoMAJ4Ejs/4,943,AeZoMAJ4Ejs,4,data/Eli_Roth/1.6/Ma_3RlzPUOM/1,753,Ma_3RlzPUOM,1
data/Eddie_Izzard/1.6/prqT1CcDqMc/2,113,prqT1CcDqMc,2,data/Ezra_Miller/1.6/_z_BR0ERa9g/2,106,_z_BR0ERa9g,2
data/Eric_Roberts/1.6/0mtJFC7OJv4/2,687,0mtJFC7OJv4,2,data/Eoin_Macken/1.6/k1jiAINXHRI/13,1015,k1jiAINXHRI,13
data/Eugenio_Derbez/1.6/7IIlj0cmQOI/3,1066,7IIlj0cmQOI,3,data/Eddie_McClintock/1.6/pV6cJibX6Ik/1,699,pV6cJibX6Ik,1
data/Eddie_Kaye_Thomas/1.6/s7vZT3_8Smo/6,865,s7vZT3_8Smo,6,data/Elodie_Yung/1.6/sf4uMnkYFG8/13,270,sf4uMnkYFG8,13
data/Eddie_Izzard/1.6/8cfyJEV7hP8/9,113,8cfyJEV7hP8,9,data/Emile_Hirsch/1.6/0bA1AJCGEOo/2,158,0bA1AJCGEOo,2
data/Erik_Estrada/1.6/U_1vfIVOigA/13,1106,U_1vfIVOigA,13,data/Eleanor_Tomlinson/1.6/s4X9cwCCnFo/4,906,s4X9cwCCnFo,4
data/Emraan_Hashmi/1.6/57KbI2UvGss/15,457,57KbI2UvGss,15,data/Edward_Asner/1.6/s_rtHBpzrQc/5,16,s_rtHBpzrQc,5
data/Eddie_McClintock/1.6/CVUXDNZzcmA/2,699,CVUXDNZzcmA,2,data/Emily_Atack/1.6/ibDSPLFJIu0/1,871,ibDSPLFJIu0,1
data/Eddie_Izzard/1.6/8cfyJEV7hP8/3,113,8cfyJEV7hP8,3,data/Eugenio_Derbez/1.6/Piw0wvQbpnQ/11,1066,Piw0wvQbpnQ,11
data/Eugene_Levy/1.6/hDBMV_0Vz4E/11,166,hDBMV_0Vz4E,11,data/Emily_Atack/1.6/iPZGPcrYIZs/8,871,iPZGPcrYIZs,8
data/Eva_Green/1.6/WOjNZFtRwDg/5,833,WOjNZFtRwDg,5,data/Eugenio_Derbez/1.6/nJbBcMdxQU4/15,1066,nJbBcMdxQU4,15
data/Eartha_Kitt/1.6/8jEAjG6SegY/10,365,8jEAjG6SegY,10,data/Eoin_Macken/1.6/TnOGBL8p-RM/3,1015,TnOGBL8p-RM,3
data/Eva_Longoria/1.6/IASj5B-pAyM/9,716,IASj5B-pAyM,9,data/Eric_McCormack/1.6/ZEpT2orkZTc/2,379,ZEpT2orkZTc,2
data/Eli_Wallach/1.6/YN4cTBWM-QE/8,770,YN4cTBWM-QE,8,data/Eric_McCormack/1.6/_BVSKK5mGnY/4,379,_BVSKK5mGnY,4
data/Eva_Longoria/1.6/f8Ms66atECE/9,716,f8Ms66atECE,9,data/Eoin_Macken/1.6/k1jiAINXHRI/21,1015,k1jiAINXHRI,21
data/Eric_Roberts/1.6/31XtFWtF7Sc/9,687,31XtFWtF7Sc,9,data/Eric_Dane/1.6/WxDEVkQKPow/9,983,WxDEVkQKPow,9
data/Ernest_Borgnine/1.6/fAe7DXqrZls/13,650,fAe7DXqrZls,13,data/Eoin_Macken/1.6/BbAymRBSpPM/2,1015,BbAymRBSpPM,2
data/Eva_Green/1.6/IANjHJYjfW8/10,833,IANjHJYjfW8,10,data/Elisabeth_Moss/1.6/Zdmm9Mrr8Ts/2,587,Zdmm9Mrr8Ts,2
data/Eoin_Macken/1.6/CvoEw4AJj6c/1,1015,CvoEw4AJj6c,1,data/Eddie_Izzard/1.6/8cfyJEV7hP8/40,113,8cfyJEV7hP8,40
data/Efren_Ramirez/1.6/IvOQNamNtF4/4,915,IvOQNamNtF4,4,data/Elisabeth_Moss/1.6/m-uILToQ9ss/1,587,m-uILToQ9ss,1
data/Estelle_Harris/1.6/Tgph483ZOQ8/1,518,Tgph483ZOQ8,1,data/Eli_Roth/1.6/h87Y8nir1o0/8,753,h87Y8nir1o0,8
data/Ellen_Wong/1.6/UbApEUoPvzY/1,1156,UbApEUoPvzY,1,data/Elaine_Cassidy/1.6/d7S0qeo6EP0/4,491,d7S0qeo6EP0,4
data/Eleanor_Tomlinson/1.6/zGjY8J48FoE/5,906,zGjY8J48FoE,5,data/Eric_Braeden/1.6/1l9B0dz7gjc/6,364,1l9B0dz7gjc,6
data/Esai_Morales/1.6/WAbHmvQ9zME/6,437,WAbHmvQ9zME,6,data/Ernest_Borgnine/1.6/TMBdUkVfwOg/8,650,TMBdUkVfwOg,8
data/Esai_Morales/1.6/ekqJava7sdE/4,437,ekqJava7sdE,4,data/Eva_Green/1.6/vZ56u00v6WA/2,833,vZ56u00v6WA,2
data/Eartha_Kitt/1.6/8jEAjG6SegY/1,365,8jEAjG6SegY,1,data/Eli_Roth/1.6/vaK4t1-WD4M/7,753,vaK4t1-WD4M,7
data/Eddie_McClintock/1.6/CVUXDNZzcmA/1,699,CVUXDNZzcmA,1,data/Eugene_Levy/1.6/JQtDfEz08aU/19,166,JQtDfEz08aU,19
data/Eugenio_Derbez/1.6/19OCRADWjgA/8,1066,19OCRADWjgA,8,data/Eva_Green/1.6/SBO7kM1IPaY/7,833,SBO7kM1IPaY,7
data/Ellen_Burstyn/1.6/I99R40TUF1s/12,268,I99R40TUF1s,12,data/Emraan_Hashmi/1.6/57KbI2UvGss/11,457,57KbI2UvGss,11
data/Emraan_Hashmi/1.6/ya6VNZp-pXw/20,457,ya6VNZp-pXw,20,data/Eric_Braeden/1.6/L812MIi7ruk/6,364,L812MIi7ruk,6
data/Edgar_Wright/1.6/YloBWJxXzMI/1,943,YloBWJxXzMI,1,data/Eddie_McClintock/1.6/CVUXDNZzcmA/7,699,CVUXDNZzcmA,7
data/Edgar_Wright/1.6/wVIZhnJ79sI/1,943,wVIZhnJ79sI,1,data/Erik_Estrada/1.6/hjvQiiG71rM/20,1106,hjvQiiG71rM,20
data/Eugenio_Derbez/1.6/19OCRADWjgA/6,1066,19OCRADWjgA,6,data/Eric_Braeden/1.6/Jr2KDTTWYgM/1,364,Jr2KDTTWYgM,1
data/Eric_Dane/1.6/WxDEVkQKPow/4,983,WxDEVkQKPow,4,data/Emraan_Hashmi/1.6/ETJd_jPboYc/4,457,ETJd_jPboYc,4
data/Elle_Fanning/1.6/9K2YB1d8BqY/1,1119,9K2YB1d8BqY,1,data/Elodie_Yung/1.6/fGlKVvjgUdY/2,270,fGlKVvjgUdY,2
data/Eli_Roth/1.6/vaK4t1-WD4M/33,753,vaK4t1-WD4M,33,data/Erik_Estrada/1.6/DWT9P35cXT4/5,1106,DWT9P35cXT4,5
data/Efren_Ramirez/1.6/PQHz4fGHPK8/6,915,PQHz4fGHPK8,6,data/Ernest_Borgnine/1.6/8EDKH42GZ1o/33,650,8EDKH42GZ1o,33
data/Emile_Hirsch/1.6/O-V_sInAw5M/6,158,O-V_sInAw5M,6,data/Eric_Braeden/1.6/nkIdfM2BFS0/5,364,nkIdfM2BFS0,5
data/Eva_Green/1.6/2SaEbN8hYz4/8,833,2SaEbN8hYz4,8,data/Ernest_Borgnine/1.6/85wn4sW4CgQ/3,650,85wn4sW4CgQ,3
data/Elaine_Hendrix/1.6/RDFdX3VxjUQ/13,781,RDFdX3VxjUQ,13,data/Elaine_Hendrix/1.6/1CiBWgsHT4E/4,781,1CiBWgsHT4E,4
data/Elaine_Cassidy/1.6/v0Q-VyO4TjI/7,491,v0Q-VyO4TjI,7,data/Eddie_Griffin/1.6/wb6ligRbbZ4/10,1014,wb6ligRbbZ4,10
data/Edgar_Wright/1.6/AeZoMAJ4Ejs/7,943,AeZoMAJ4Ejs,7,data/Emraan_Hashmi/1.6/FXxcN18rX7c/1,457,FXxcN18rX7c,1
data/Emily_Atack/1.6/uiBjIKX_0l8/3,871,uiBjIKX_0l8,3,data/Ezra_Miller/1.6/rxnN8thYzEQ/10,106,rxnN8thYzEQ,10
data/Esai_Morales/1.6/VRCidrXwd1s/34,437,VRCidrXwd1s,34,data/Estelle_Harris/1.6/R5JGtwc4o1M/10,518,R5JGtwc4o1M,10
data/Eli_Wallach/1.6/7yx9A0yzLYk/22,770,7yx9A0yzLYk,22,data/Eugenio_Derbez/1.6/WMd6ot6aLj0/1,1066,WMd6ot6aLj0,1
data/Eoin_Macken/1.6/X7uOKQUYTCM/4,1015,X7uOKQUYTCM,4,data/Eddie_McClintock/1.6/LqcUAxrtYOk/1,699,LqcUAxrtYOk,1
data/Eugenio_Derbez/1.6/nJbBcMdxQU4/11,1066,nJbBcMdxQU4,11,data/Eddie_Kaye_Thomas/1.6/s7vZT3_8Smo/2,865,s7vZT3_8Smo,2
data/Edward_Asner/1.6/Pp-rAswo4Xg/7,16,Pp-rAswo4Xg,7,data/Eddie_Kaye_Thomas/1.6/L9q6XabEpEI/3,865,L9q6XabEpEI,3
data/Eduardo_Noriega/1.6/znxUWA2QAGs/15,112,znxUWA2QAGs,15,data/Eoin_Macken/1.6/rZQMeH1FCvM/8,1015,rZQMeH1FCvM,8
data/Eoin_Macken/1.6/nAtqrkWKIhM/6,1015,nAtqrkWKIhM,6,data/Emile_Hirsch/1.6/A3QwQ3D35rc/12,158,A3QwQ3D35rc,12
data/Eli_Roth/1.6/vaK4t1-WD4M/46,753,vaK4t1-WD4M,46,data/Eli_Roth/1.6/vaK4t1-WD4M/30,753,vaK4t1-WD4M,30
data/Efren_Ramirez/1.6/bmoAV7tZziI/2,915,bmoAV7tZziI,2,data/Eva_Longoria/1.6/c_aEjTGGhZ4/5,716,c_aEjTGGhZ4,5
data/Esai_Morales/1.6/2Er-cV85fc4/2,437,2Er-cV85fc4,2,data/Eric_Roberts/1.6/utAY0zpsv1U/2,687,utAY0zpsv1U,2
data/Elaine_Hendrix/1.6/UkIpd_3qMak/1,781,UkIpd_3qMak,1,data/Eva_Longoria/1.6/Vu8z_WYBGKk/1,716,Vu8z_WYBGKk,1
data/Emraan_Hashmi/1.6/3kzw8lTcUBU/25,457,3kzw8lTcUBU,25,data/Eric_McCormack/1.6/f_k09R8r_cA/4,379,f_k09R8r_cA,4
data/Elisabeth_Moss/1.6/FUqAFZmZJ80/5,587,FUqAFZmZJ80,5,data/Eric_Dane/1.6/nt7dNRvlEHE/1,983,nt7dNRvlEHE,1
data/Eartha_Kitt/1.6/GWXujl-xAVM/20,365,GWXujl-xAVM,20,data/Eric_Roberts/1.6/0mtJFC7OJv4/5,687,0mtJFC7OJv4,5
data/Eartha_Kitt/1.6/GWXujl-xAVM/3,365,GWXujl-xAVM,3,data/Eduardo_Noriega/1.6/8k8XnF__uKc/1,112,8k8XnF__uKc,1
data/Elaine_Hendrix/1.6/NHARUN9OhSo/4,781,NHARUN9OhSo,4,data/Ezra_Miller/1.6/qFrRfhWombs/10,106,qFrRfhWombs,10
data/Eugenio_Derbez/1.6/nJbBcMdxQU4/17,1066,nJbBcMdxQU4,17,data/Eva_Green/1.6/WOjNZFtRwDg/4,833,WOjNZFtRwDg,4
data/Eugene_Levy/1.6/zV7LlMi0eHo/2,166,zV7LlMi0eHo,2,data/Ernest_Borgnine/1.6/mYSVs_d1aMQ/9,650,mYSVs_d1aMQ,9
data/Elaine_Hendrix/1.6/Yw8v8055uPc/1,781,Yw8v8055uPc,1,data/Eli_Roth/1.6/vv4mvANXHcs/1,753,vv4mvANXHcs,1
data/Eli_Wallach/1.6/RNYNkXzY5Hk/19,770,RNYNkXzY5Hk,19,data/Eoin_Macken/1.6/l3J1f06Slfo/7,1015,l3J1f06Slfo,7
data/Erin_Andrews/1.6/uaPd2Ix-wSI/11,919,uaPd2Ix-wSI,11,data/Eleanor_Tomlinson/1.6/CiUT-YF34O4/1,906,CiUT-YF34O4,1
data/Estelle_Harris/1.6/LKDWhdJQFco/22,518,LKDWhdJQFco,22,data/Ernest_Borgnine/1.6/xiFC4HwUcww/13,650,xiFC4HwUcww,13
data/Eva_Green/1.6/XcXDiYWIS6E/14,833,XcXDiYWIS6E,14,data/Eric_McCormack/1.6/z2AISmwaXjo/4,379,z2AISmwaXjo,4
data/Eli_Wallach/1.6/EoCPhxtWUOc/3,770,EoCPhxtWUOc,3,data/Eli_Roth/1.6/vaK4t1-WD4M/45,753,vaK4t1-WD4M,45
data/Edward_Asner/1.6/Pp-rAswo4Xg/23,16,Pp-rAswo4Xg,23,data/Eli_Wallach/1.6/7yx9A0yzLYk/26,770,7yx9A0yzLYk,26
data/Eli_Roth/1.6/r9-0pljhZqs/13,753,r9-0pljhZqs,13,data/Elisabeth_Moss/1.6/FUqAFZmZJ80/7,587,FUqAFZmZJ80,7
data/Eddie_Izzard/1.6/8cfyJEV7hP8/5,113,8cfyJEV7hP8,5,data/Edward_Asner/1.6/R_h7875g_PI/6,16,R_h7875g_PI,6
data/Eddie_Izzard/1.6/ZpPPaMazpf0/14,113,ZpPPaMazpf0,14,data/Ellen_Wong/1.6/A3ZvNuG8_oM/11,1156,A3ZvNuG8_oM,11
data/Eduardo_Noriega/1.6/tbh20gz_KRA/20,112,tbh20gz_KRA,20,data/Eddie_Izzard/1.6/GRB1GXRafiY/3,113,GRB1GXRafiY,3
data/Edgar_Wright/1.6/5YncBThNd5E/28,943,5YncBThNd5E,28,data/Elisabeth_Moss/1.6/9HcPA8lluoY/1,587,9HcPA8lluoY,1
data/Emraan_Hashmi/1.6/gm6PJowclv0/27,457,gm6PJowclv0,27,data/Eugene_Levy/1.6/JQtDfEz08aU/20,166,JQtDfEz08aU,20
data/Ernest_Borgnine/1.6/8EDKH42GZ1o/5,650,8EDKH42GZ1o,5,data/Edward_Asner/1.6/QOq66XogW3Q/10,16,QOq66XogW3Q,10
data/Eoin_Macken/1.6/MHOCv7pOmG4/10,1015,MHOCv7pOmG4,10,data/Estelle_Harris/1.6/VCEs8oAQAiM/5,518,VCEs8oAQAiM,5
data/Eli_Roth/1.6/j5ArtKwbobY/10,753,j5ArtKwbobY,10,data/Eddie_Izzard/1.6/8cfyJEV7hP8/7,113,8cfyJEV7hP8,7
data/Eleanor_Tomlinson/1.6/XtwIcZPYN_8/1,906,XtwIcZPYN_8,1,data/Edward_Asner/1.6/rgcxEM5jOc4/1,16,rgcxEM5jOc4,1
data/Esai_Morales/1.6/33L7c-DPCJQ/1,437,33L7c-DPCJQ,1,data/Edgar_Wright/1.6/YloBWJxXzMI/4,943,YloBWJxXzMI,4
data/Eddie_Izzard/1.6/8fKRoUIpAJY/11,113,8fKRoUIpAJY,11,data/Ed_Westwick/1.6/LjLjQkfhd2o/4,844,LjLjQkfhd2o,4
data/Eddie_Kaye_Thomas/1.6/89UnsytX6Y8/10,865,89UnsytX6Y8,10,data/Eoin_Macken/1.6/l3J1f06Slfo/5,1015,l3J1f06Slfo,5
data/Emily_Atack/1.6/kt4P4cyTpWQ/8,871,kt4P4cyTpWQ,8,data/Ellen_Wong/1.6/R4S2c-NiPfA/8,1156,R4S2c-NiPfA,8
data/Elle_Fanning/1.6/PlJd6NVoigs/4,1119,PlJd6NVoigs,4,data/Esai_Morales/1.6/VRCidrXwd1s/3,437,VRCidrXwd1s,3
data/Erin_Andrews/1.6/x3QoGpHxThw/4,919,x3QoGpHxThw,4,data/Eddie_Izzard/1.6/8cfyJEV7hP8/34,113,8cfyJEV7hP8,34
data/Estelle_Harris/1.6/VCEs8oAQAiM/4,518,VCEs8oAQAiM,4,data/Ernie_Hudson/1.6/BVFTRGHuk3M/1,1132,BVFTRGHuk3M,1
data/Erin_Andrews/1.6/z1ZWYfCuRKY/4,919,z1ZWYfCuRKY,4,data/Elisabeth_Moss/1.6/FUqAFZmZJ80/14,587,FUqAFZmZJ80,14
data/Erik_Estrada/1.6/U_1vfIVOigA/6,1106,U_1vfIVOigA,6,data/Eric_Roberts/1.6/6pjKcuVoHLM/13,687,6pjKcuVoHLM,13
data/Elle_Fanning/1.6/7I1GtGzVfmw/3,1119,7I1GtGzVfmw,3,data/Eoin_Macken/1.6/TwfthltapLg/6,1015,TwfthltapLg,6
data/Ezra_Miller/1.6/qFrRfhWombs/13,106,qFrRfhWombs,13,data/Edgar_Wright/1.6/5YncBThNd5E/13,943,5YncBThNd5E,13
data/Edward_Asner/1.6/Pp-rAswo4Xg/3,16,Pp-rAswo4Xg,3,data/Eleanor_Tomlinson/1.6/ek_uqADnhPQ/9,906,ek_uqADnhPQ,9
data/Elaine_Cassidy/1.6/YcIZDAhexy8/1,491,YcIZDAhexy8,1,data/Eva_Longoria/1.6/IpBtAcwbQb0/6,716,IpBtAcwbQb0,6
data/Eoin_Macken/1.6/BbAymRBSpPM/5,1015,BbAymRBSpPM,5,data/Emraan_Hashmi/1.6/N8_clYCM9n8/2,457,N8_clYCM9n8,2
data/Eugenio_Derbez/1.6/t0EX2dOBQjw/4,1066,t0EX2dOBQjw,4,data/Eduardo_Noriega/1.6/znxUWA2QAGs/16,112,znxUWA2QAGs,16
data/Ezra_Miller/1.6/RWpuDFuKFjY/1,106,RWpuDFuKFjY,1,data/Eli_Roth/1.6/gAKHqHbNt2g/12,753,gAKHqHbNt2g,12
data/Elisabeth_Moss/1.6/FUqAFZmZJ80/16,587,FUqAFZmZJ80,16,data/Eugenio_Derbez/1.6/t0EX2dOBQjw/3,1066,t0EX2dOBQjw,3
data/Eartha_Kitt/1.6/GWXujl-xAVM/36,365,GWXujl-xAVM,36,data/Eddie_McClintock/1.6/Mdk1SXywHck/14,699,Mdk1SXywHck,14
data/Emraan_Hashmi/1.6/v6MWr5UAZ94/9,457,v6MWr5UAZ94,9,data/Eoin_Macken/1.6/k1jiAINXHRI/3,1015,k1jiAINXHRI,3
data/Eddie_Izzard/1.6/ZpPPaMazpf0/16,113,ZpPPaMazpf0,16,data/Edgar_Wright/1.6/5YncBThNd5E/7,943,5YncBThNd5E,7
data/Esai_Morales/1.6/VRCidrXwd1s/40,437,VRCidrXwd1s,40,data/Eric_Braeden/1.6/VweNonqOdrE/8,364,VweNonqOdrE,8
data/Edward_Asner/1.6/y990f6UiEEM/1,16,y990f6UiEEM,1,data/Eric_Dane/1.6/3tvnlmkCiTw/10,983,3tvnlmkCiTw,10
data/Eva_Longoria/1.6/yUv37vQWmzE/11,716,yUv37vQWmzE,11,data/Eddie_Izzard/1.6/8cfyJEV7hP8/16,113,8cfyJEV7hP8,16
data/Elaine_Hendrix/1.6/RDFdX3VxjUQ/10,781,RDFdX3VxjUQ,10,data/Eoin_Macken/1.6/rZQMeH1FCvM/3,1015,rZQMeH1FCvM,3
data/Erik_Estrada/1.6/hjvQiiG71rM/25,1106,hjvQiiG71rM,25,data/Eric_Dane/1.6/ywZWrIt52KQ/3,983,ywZWrIt52KQ,3
data/Edgar_Wright/1.6/CooJzMgoxzw/2,943,CooJzMgoxzw,2,data/Eugene_Levy/1.6/JQtDfEz08aU/4,166,JQtDfEz08aU,4
data/Edgar_Wright/1.6/AjY0B7kh_-k/1,943,AjY0B7kh_-k,1,data/Elle_Fanning/1.6/isKyMAYUOgg/8,1119,isKyMAYUOgg,8
data/Ernie_Hudson/1.6/6uqGkiR2oTI/1,1132,6uqGkiR2oTI,1,data/Emraan_Hashmi/1.6/0H91VC07Q3s/2,457,0H91VC07Q3s,2
data/Ernest_Borgnine/1.6/Xroutc-3_SU/5,650,Xroutc-3_SU,5,data/Eddie_Izzard/1.6/eLl_yTeuaKo/21,113,eLl_yTeuaKo,21
data/Elle_Fanning/1.6/rPKjog9010U/1,1119,rPKjog9010U,1,data/Eddie_McClintock/1.6/Mdk1SXywHck/11,699,Mdk1SXywHck,11
data/Eoin_Macken/1.6/MHOCv7pOmG4/5,1015,MHOCv7pOmG4,5,data/Edward_Asner/1.6/rgcxEM5jOc4/2,16,rgcxEM5jOc4,2
data/Elodie_Yung/1.6/8l5ZnDf-FUA/19,270,8l5ZnDf-FUA,19,data/Ernest_Borgnine/1.6/7byARrJfhlI/1,650,7byARrJfhlI,1
data/Ernest_Borgnine/1.6/AytdA2W0Y_M/7,650,AytdA2W0Y_M,7,data/Edgar_Wright/1.6/5WOZXLMujwY/1,943,5WOZXLMujwY,1
data/Emraan_Hashmi/1.6/gm6PJowclv0/7,457,gm6PJowclv0,7,data/Eli_Wallach/1.6/RNYNkXzY5Hk/6,770,RNYNkXzY5Hk,6
data/Estelle_Harris/1.6/Zs8VK91yVMI/14,518,Zs8VK91yVMI,14,data/Elaine_Hendrix/1.6/FL2UicCNcwI/2,781,FL2UicCNcwI,2
data/Estelle_Harris/1.6/LKDWhdJQFco/20,518,LKDWhdJQFco,20,data/Esai_Morales/1.6/_zm31vf2P7U/2,437,_zm31vf2P7U,2
data/Edward_Asner/1.6/_a9CIdlTOr8/1,16,_a9CIdlTOr8,1,data/Eugene_Levy/1.6/zV7LlMi0eHo/12,166,zV7LlMi0eHo,12
data/Eddie_Izzard/1.6/gHPh9j7lc58/6,113,gHPh9j7lc58,6,data/Eddie_Izzard/1.6/gHPh9j7lc58/8,113,gHPh9j7lc58,8
data/Eugenio_Derbez/1.6/cpXXdMJuCdw/5,1066,cpXXdMJuCdw,5,data/Eric_Roberts/1.6/6-VE8e8RtZE/3,687,6-VE8e8RtZE,3
data/Eric_McCormack/1.6/p1--IINtgGg/3,379,p1--IINtgGg,3,data/Eric_Dane/1.6/D8jV1M4V6UQ/1,983,D8jV1M4V6UQ,1
data/Edward_Asner/1.6/_a9CIdlTOr8/3,16,_a9CIdlTOr8,3,data/Eartha_Kitt/1.6/5r0dWxy17C8/18,365,5r0dWxy17C8,18
data/Eric_Dane/1.6/ywZWrIt52KQ/2,983,ywZWrIt52KQ,2,data/Emraan_Hashmi/1.6/0H91VC07Q3s/5,457,0H91VC07Q3s,5
data/Ezra_Miller/1.6/XMLMvfrgdzY/16,106,XMLMvfrgdzY,16,data/Edgar_Wright/1.6/YloBWJxXzMI/17,943,YloBWJxXzMI,17
data/Eddie_Izzard/1.6/ZpPPaMazpf0/3,113,ZpPPaMazpf0,3,data/Ernest_Borgnine/1.6/8Sz2-IYJ2GA/15,650,8Sz2-IYJ2GA,15
data/Emraan_Hashmi/1.6/gm6PJowclv0/21,457,gm6PJowclv0,21,data/Ed_Westwick/1.6/1gtz-CUIygI/9,844,1gtz-CUIygI,9
data/Emraan_Hashmi/1.6/ETJd_jPboYc/9,457,ETJd_jPboYc,9,data/Eugenio_Derbez/1.6/3QrLepYlH6o/11,1066,3QrLepYlH6o,11
data/Eartha_Kitt/1.6/5r0dWxy17C8/19,365,5r0dWxy17C8,19,data/Eric_McCormack/1.6/SKwsA_nq1P8/5,379,SKwsA_nq1P8,5
data/Edward_Asner/1.6/DSGE2F5sTcg/16,16,DSGE2F5sTcg,16,data/Edgar_Wright/1.6/wVIZhnJ79sI/3,943,wVIZhnJ79sI,3
data/Eugenio_Derbez/1.6/cYYuaKq_54I/1,1066,cYYuaKq_54I,1,data/Eugenio_Derbez/1.6/3QrLepYlH6o/4,1066,3QrLepYlH6o,4
data/Eric_McCormack/1.6/sr0JJ4UghCE/3,379,sr0JJ4UghCE,3,data/Eugenio_Derbez/1.6/Piw0wvQbpnQ/6,1066,Piw0wvQbpnQ,6
data/Efren_Ramirez/1.6/4Q1IvdayPR8/2,915,4Q1IvdayPR8,2,data/Elaine_Hendrix/1.6/R1RQnIQGy10/1,781,R1RQnIQGy10,1
data/Edgar_Wright/1.6/CAhGBfTmCHw/5,943,CAhGBfTmCHw,5,data/Emraan_Hashmi/1.6/2qlrpSAc9Xs/22,457,2qlrpSAc9Xs,22
data/Eli_Wallach/1.6/EoCPhxtWUOc/4,770,EoCPhxtWUOc,4,data/Eric_Dane/1.6/w9jwTc5wuV4/1,983,w9jwTc5wuV4,1
data/Edgar_Wright/1.6/cytGIvwJ3NA/4,943,cytGIvwJ3NA,4,data/Elaine_Hendrix/1.6/RDFdX3VxjUQ/14,781,RDFdX3VxjUQ,14
data/Erik_Estrada/1.6/hjvQiiG71rM/35,1106,hjvQiiG71rM,35,data/Erik_Estrada/1.6/U_1vfIVOigA/4,1106,U_1vfIVOigA,4
data/Emraan_Hashmi/1.6/gm6PJowclv0/13,457,gm6PJowclv0,13,data/Ezra_Miller/1.6/qFrRfhWombs/12,106,qFrRfhWombs,12
data/Eric_Braeden/1.6/49XYNpeN23I/3,364,49XYNpeN23I,3,data/Emraan_Hashmi/1.6/V8lBsb7UJEU/1,457,V8lBsb7UJEU,1
data/Edgar_Wright/1.6/5YncBThNd5E/15,943,5YncBThNd5E,15,data/Efren_Ramirez/1.6/DTbpchx4xes/7,915,DTbpchx4xes,7
data/Esai_Morales/1.6/K2_D_tFdAgY/8,437,K2_D_tFdAgY,8,data/Eddie_Izzard/1.6/prqT1CcDqMc/21,113,prqT1CcDqMc,21
data/Eva_Green/1.6/4E-dEOQQsvo/6,833,4E-dEOQQsvo,6,data/Edgar_Wright/1.6/S0j29b3KVWQ/5,943,S0j29b3KVWQ,5
data/Eric_Roberts/1.6/6pjKcuVoHLM/7,687,6pjKcuVoHLM,7,data/Edgar_Wright/1.6/FDhJhEu0JUM/6,943,FDhJhEu0JUM,6
data/Elodie_Yung/1.6/sf4uMnkYFG8/10,270,sf4uMnkYFG8,10,data/Edgar_Wright/1.6/AjY0B7kh_-k/2,943,AjY0B7kh_-k,2
data/Estelle_Harris/1.6/R5JGtwc4o1M/14,518,R5JGtwc4o1M,14,data/Eddie_Izzard/1.6/8cfyJEV7hP8/2,113,8cfyJEV7hP8,2
data/Elaine_Hendrix/1.6/UkIpd_3qMak/3,781,UkIpd_3qMak,3,data/Elaine_Cassidy/1.6/YcIZDAhexy8/3,491,YcIZDAhexy8,3
data/Eleanor_Tomlinson/1.6/Zbz058o9j6s/3,906,Zbz058o9j6s,3,data/Elodie_Yung/1.6/7UePD3HoAS8/2,270,7UePD3HoAS8,2
data/Eric_McCormack/1.6/Y-qKARMSO7k/5,379,Y-qKARMSO7k,5,data/Emile_Hirsch/1.6/KacOkTDTi-g/1,158,KacOkTDTi-g,1
data/Eoin_Macken/1.6/g2jVmC3qCNA/2,1015,g2jVmC3qCNA,2,data/Esai_Morales/1.6/WAbHmvQ9zME/2,437,WAbHmvQ9zME,2
data/Eric_McCormack/1.6/5K8DAWq6wJc/2,379,5K8DAWq6wJc,2,data/Eric_Braeden/1.6/49XYNpeN23I/2,364,49XYNpeN23I,2
data/Eva_Green/1.6/2SaEbN8hYz4/18,833,2SaEbN8hYz4,18,data/Edgar_Wright/1.6/FDhJhEu0JUM/17,943,FDhJhEu0JUM,17
data/Ernest_Borgnine/1.6/8Sz2-IYJ2GA/13,650,8Sz2-IYJ2GA,13,data/Emile_Hirsch/1.6/VYk_DxNl_T8/3,158,VYk_DxNl_T8,3
data/Ernest_Borgnine/1.6/BL7XmN8w_UY/1,650,BL7XmN8w_UY,1,data/Elodie_Yung/1.6/PUUr1KgX0Go/1,270,PUUr1KgX0Go,1
data/Ernest_Borgnine/1.6/Fi8lnFPYgII/2,650,Fi8lnFPYgII,2,data/Elle_Fanning/1.6/yAe_ZhyWdnI/1,1119,yAe_ZhyWdnI,1
data/Eoin_Macken/1.6/SJxWXqMu2ds/3,1015,SJxWXqMu2ds,3,data/Eric_Braeden/1.6/NRMQOFYS41I/4,364,NRMQOFYS41I,4
data/Eugene_Levy/1.6/CaR6c7RO7Dc/2,166,CaR6c7RO7Dc,2,data/Eugenio_Derbez/1.6/Piw0wvQbpnQ/14,1066,Piw0wvQbpnQ,14
data/Eva_Longoria/1.6/cR5FfR4TbEI/3,716,cR5FfR4TbEI,3,data/Emraan_Hashmi/1.6/ENIHEvg_VLM/10,457,ENIHEvg_VLM,10
data/Eugene_Levy/1.6/JQtDfEz08aU/32,166,JQtDfEz08aU,32,data/Emraan_Hashmi/1.6/57KbI2UvGss/21,457,57KbI2UvGss,21
data/Emile_Hirsch/1.6/dDnqp9503Mg/14,158,dDnqp9503Mg,14,data/Eartha_Kitt/1.6/GWXujl-xAVM/55,365,GWXujl-xAVM,55
data/Efren_Ramirez/1.6/f0I1IC6DJfo/1,915,f0I1IC6DJfo,1,data/Esai_Morales/1.6/2Er-cV85fc4/8,437,2Er-cV85fc4,8
data/Estelle_Harris/1.6/VCEs8oAQAiM/11,518,VCEs8oAQAiM,11,data/Elisabeth_Moss/1.6/LbFFEF1pHO0/3,587,LbFFEF1pHO0,3
data/Eli_Roth/1.6/r9-0pljhZqs/12,753,r9-0pljhZqs,12,data/Eva_Longoria/1.6/120gjdqGWNQ/15,716,120gjdqGWNQ,15
data/Eddie_Izzard/1.6/SgBON1gLfbo/1,113,SgBON1gLfbo,1,data/Ellen_Burstyn/1.6/I99R40TUF1s/20,268,I99R40TUF1s,20
data/Eddie_Izzard/1.6/hW0Q6eHqN-U/10,113,hW0Q6eHqN-U,10,data/Edward_Asner/1.6/DSGE2F5sTcg/4,16,DSGE2F5sTcg,4
data/Elaine_Cassidy/1.6/d7S0qeo6EP0/5,491,d7S0qeo6EP0,5,data/Efren_Ramirez/1.6/DTbpchx4xes/1,915,DTbpchx4xes,1
data/Emraan_Hashmi/1.6/3kzw8lTcUBU/22,457,3kzw8lTcUBU,22,data/Eugenio_Derbez/1.6/Piw0wvQbpnQ/17,1066,Piw0wvQbpnQ,17
data/Elisabeth_Moss/1.6/LbFFEF1pHO0/7,587,LbFFEF1pHO0,7,data/Eric_Roberts/1.6/6pjKcuVoHLM/2,687,6pjKcuVoHLM,2
data/Eoin_Macken/1.6/gegIAYxfpVA/2,1015,gegIAYxfpVA,2,data/Emraan_Hashmi/1.6/3kzw8lTcUBU/29,457,3kzw8lTcUBU,29
data/Emile_Hirsch/1.6/0bA1AJCGEOo/1,158,0bA1AJCGEOo,1,data/Eli_Wallach/1.6/7yx9A0yzLYk/6,770,7yx9A0yzLYk,6
data/Ellen_Wong/1.6/A3ZvNuG8_oM/8,1156,A3ZvNuG8_oM,8,data/Elaine_Cassidy/1.6/v0Q-VyO4TjI/4,491,v0Q-VyO4TjI,4
data/Eugenio_Derbez/1.6/3QrLepYlH6o/1,1066,3QrLepYlH6o,1,data/Eli_Wallach/1.6/7yx9A0yzLYk/35,770,7yx9A0yzLYk,35
data/Eartha_Kitt/1.6/GWXujl-xAVM/54,365,GWXujl-xAVM,54,data/Ernest_Borgnine/1.6/2cAiIYHfon0/9,650,2cAiIYHfon0,9
data/Eric_McCormack/1.6/z2AISmwaXjo/1,379,z2AISmwaXjo,1,data/Eric_Braeden/1.6/a4msZPEjhMc/1,364,a4msZPEjhMc,1
data/Eleanor_Tomlinson/1.6/nYsLbFOQfOI/1,906,nYsLbFOQfOI,1,data/Erik_Estrada/1.6/6qFnVechX9o/23,1106,6qFnVechX9o,23
data/Eartha_Kitt/1.6/GWXujl-xAVM/15,365,GWXujl-xAVM,15,data/Eleanor_Tomlinson/1.6/qkZNuvX1UNo/9,906,qkZNuvX1UNo,9
data/Esai_Morales/1.6/VRCidrXwd1s/42,437,VRCidrXwd1s,42,data/Edward_Asner/1.6/DSGE2F5sTcg/8,16,DSGE2F5sTcg,8
data/Evanna_Lynch/1.6/XQWpVt5n3Ic/7,1129,XQWpVt5n3Ic,7,data/Elle_Fanning/1.6/FP4TghS5_UQ/2,1119,FP4TghS5_UQ,2
data/Eli_Roth/1.6/r9-0pljhZqs/11,753,r9-0pljhZqs,11,data/Eli_Roth/1.6/vaK4t1-WD4M/49,753,vaK4t1-WD4M,49
data/Ernest_Borgnine/1.6/8EDKH42GZ1o/1,650,8EDKH42GZ1o,1,data/Emily_Atack/1.6/98qWWArcL3Y/2,871,98qWWArcL3Y,2
data/Eddie_Griffin/1.6/ho_r24dlPTQ/1,1014,ho_r24dlPTQ,1,data/Eartha_Kitt/1.6/8jEAjG6SegY/7,365,8jEAjG6SegY,7
data/Esai_Morales/1.6/K2_D_tFdAgY/17,437,K2_D_tFdAgY,17,data/Eleanor_Tomlinson/1.6/neQO6_CUY4w/8,906,neQO6_CUY4w,8
data/Eva_Longoria/1.6/Cb07--9j3-Q/1,716,Cb07--9j3-Q,1,data/Eva_Green/1.6/IANjHJYjfW8/3,833,IANjHJYjfW8,3
data/Ezra_Miller/1.6/e-IdJ8a4gy4/7,106,e-IdJ8a4gy4,7,data/Esai_Morales/1.6/2Er-cV85fc4/5,437,2Er-cV85fc4,5
data/Ernest_Borgnine/1.6/Fi8lnFPYgII/19,650,Fi8lnFPYgII,19,data/Ezra_Miller/1.6/XMLMvfrgdzY/4,106,XMLMvfrgdzY,4
data/Eoin_Macken/1.6/MHOCv7pOmG4/14,1015,MHOCv7pOmG4,14,data/Ernest_Borgnine/1.6/_WKW_Jkdvq8/3,650,_WKW_Jkdvq8,3
data/Ed_Westwick/1.6/gO805KoL2RM/7,844,gO805KoL2RM,7,data/Ezra_Miller/1.6/pwfqGqgezH4/6,106,pwfqGqgezH4,6
data/Erik_Estrada/1.6/Cjt5DP6qc5Q/4,1106,Cjt5DP6qc5Q,4,data/Eric_Braeden/1.6/oTRparDs-84/5,364,oTRparDs-84,5
data/Emraan_Hashmi/1.6/v6MWr5UAZ94/7,457,v6MWr5UAZ94,7,data/Esai_Morales/1.6/OMw6_X2IDvE/1,437,OMw6_X2IDvE,1
data/Ellen_Burstyn/1.6/MHoaMi5hKkE/3,268,MHoaMi5hKkE,3,data/Eoin_Macken/1.6/l3J1f06Slfo/3,1015,l3J1f06Slfo,3
data/Erin_Andrews/1.6/HcyUmRYz-aE/2,919,HcyUmRYz-aE,2,data/Emraan_Hashmi/1.6/gm6PJowclv0/16,457,gm6PJowclv0,16
data/Eric_Roberts/1.6/utAY0zpsv1U/8,687,utAY0zpsv1U,8,data/Elaine_Cassidy/1.6/YcIZDAhexy8/4,491,YcIZDAhexy8,4
data/Elaine_Hendrix/1.6/RDFdX3VxjUQ/22,781,RDFdX3VxjUQ,22,data/Elodie_Yung/1.6/zFii0ROZZjc/2,270,zFii0ROZZjc,2
data/Eric_McCormack/1.6/OVqjDafJiGQ/1,379,OVqjDafJiGQ,1,data/Elaine_Hendrix/1.6/qBTOwaSOS-M/3,781,qBTOwaSOS-M,3
data/Edgar_Wright/1.6/5WOZXLMujwY/4,943,5WOZXLMujwY,4,data/Eva_Longoria/1.6/wtqPC9vEZ0M/3,716,wtqPC9vEZ0M,3
data/Esai_Morales/1.6/VRCidrXwd1s/16,437,VRCidrXwd1s,16,data/Eartha_Kitt/1.6/GWXujl-xAVM/25,365,GWXujl-xAVM,25
data/Edward_Asner/1.6/iEAqbqZ7dDg/11,16,iEAqbqZ7dDg,11,data/Eva_Green/1.6/2SaEbN8hYz4/26,833,2SaEbN8hYz4,26
data/Efren_Ramirez/1.6/UwVmHtdkruw/1,915,UwVmHtdkruw,1,data/Emraan_Hashmi/1.6/ya6VNZp-pXw/5,457,ya6VNZp-pXw,5
data/Ernest_Borgnine/1.6/85wn4sW4CgQ/5,650,85wn4sW4CgQ,5,data/Eric_Braeden/1.6/49XYNpeN23I/11,364,49XYNpeN23I,11
data/Elaine_Hendrix/1.6/dX8RBKI2FKc/3,781,dX8RBKI2FKc,3,data/Eleanor_Tomlinson/1.6/s4X9cwCCnFo/1,906,s4X9cwCCnFo,1
data/Eugenio_Derbez/1.6/ZLzkvnq0JxI/3,1066,ZLzkvnq0JxI,3,data/Eugenio_Derbez/1.6/nJbBcMdxQU4/2,1066,nJbBcMdxQU4,2
data/Esai_Morales/1.6/K2_D_tFdAgY/37,437,K2_D_tFdAgY,37,data/Elaine_Cassidy/1.6/PQBBKBYGWgU/3,491,PQBBKBYGWgU,3
data/Emraan_Hashmi/1.6/ya6VNZp-pXw/32,457,ya6VNZp-pXw,32,data/Edgar_Wright/1.6/X1Yr4eI2oRw/1,943,X1Yr4eI2oRw,1
data/Efren_Ramirez/1.6/4Q1IvdayPR8/14,915,4Q1IvdayPR8,14,data/Ellen_Burstyn/1.6/4SgMBa9MUvc/1,268,4SgMBa9MUvc,1
data/Emraan_Hashmi/1.6/_MMwgCduP6c/1,457,_MMwgCduP6c,1,data/Eva_Green/1.6/2SaEbN8hYz4/19,833,2SaEbN8hYz4,19
data/Eartha_Kitt/1.6/x6uYqmx31kE/9,365,x6uYqmx31kE,9,data/Eugenio_Derbez/1.6/3QrLepYlH6o/9,1066,3QrLepYlH6o,9
data/Eugenio_Derbez/1.6/t0EX2dOBQjw/5,1066,t0EX2dOBQjw,5,data/Elle_Fanning/1.6/7I1GtGzVfmw/1,1119,7I1GtGzVfmw,1
data/Eduardo_Noriega/1.6/tbh20gz_KRA/17,112,tbh20gz_KRA,17,data/Eric_McCormack/1.6/sr0JJ4UghCE/1,379,sr0JJ4UghCE,1
data/Estelle_Harris/1.6/Zs8VK91yVMI/17,518,Zs8VK91yVMI,17,data/Elaine_Hendrix/1.6/RDFdX3VxjUQ/6,781,RDFdX3VxjUQ,6
data/Erin_Andrews/1.6/x3QoGpHxThw/3,919,x3QoGpHxThw,3,data/Erik_Estrada/1.6/Cjt5DP6qc5Q/5,1106,Cjt5DP6qc5Q,5
data/Edgar_Wright/1.6/AjY0B7kh_-k/7,943,AjY0B7kh_-k,7,data/Eva_Green/1.6/ST2JZXcyYkE/1,833,ST2JZXcyYkE,1
data/Eduardo_Noriega/1.6/0rpfN7wThsg/5,112,0rpfN7wThsg,5,data/Elodie_Yung/1.6/fGlKVvjgUdY/11,270,fGlKVvjgUdY,11
data/Emile_Hirsch/1.6/0bA1AJCGEOo/3,158,0bA1AJCGEOo,3,data/Esai_Morales/1.6/KaZPZcTPQ-c/3,437,KaZPZcTPQ-c,3
data/Eric_Dane/1.6/3tvnlmkCiTw/7,983,3tvnlmkCiTw,7,data/Eric_McCormack/1.6/tlP585mCdl0/1,379,tlP585mCdl0,1
data/Eric_Roberts/1.6/kWOMY99knWI/4,687,kWOMY99knWI,4,data/Ernest_Borgnine/1.6/1ZyvrJaiLQk/22,650,1ZyvrJaiLQk,22
data/Eoin_Macken/1.6/k1jiAINXHRI/4,1015,k1jiAINXHRI,4,data/Erik_Estrada/1.6/hjvQiiG71rM/19,1106,hjvQiiG71rM,19
data/Ed_Westwick/1.6/PfcJLmkhGbk/2,844,PfcJLmkhGbk,2,data/Ezra_Miller/1.6/rxnN8thYzEQ/15,106,rxnN8thYzEQ,15
data/Eli_Wallach/1.6/YN4cTBWM-QE/6,770,YN4cTBWM-QE,6,data/Eddie_Izzard/1.6/0LbtndiXJC0/7,113,0LbtndiXJC0,7
data/Emily_Atack/1.6/7lrVxsJOOZ4/2,871,7lrVxsJOOZ4,2,data/Edward_Asner/1.6/d6WJf6TOoIQ/7,16,d6WJf6TOoIQ,7
data/Eva_Longoria/1.6/120gjdqGWNQ/24,716,120gjdqGWNQ,24,data/Eddie_Griffin/1.6/uuEXZLyyWN8/1,1014,uuEXZLyyWN8,1
data/Eoin_Macken/1.6/k1jiAINXHRI/20,1015,k1jiAINXHRI,20,data/Elisabeth_Moss/1.6/FUqAFZmZJ80/9,587,FUqAFZmZJ80,9
data/Eva_Green/1.6/2SaEbN8hYz4/13,833,2SaEbN8hYz4,13,data/Emily_Atack/1.6/4aLg_keiGHw/5,871,4aLg_keiGHw,5
data/Ernest_Borgnine/1.6/mYSVs_d1aMQ/7,650,mYSVs_d1aMQ,7,data/Eoin_Macken/1.6/rZQMeH1FCvM/15,1015,rZQMeH1FCvM,15
data/Eric_McCormack/1.6/mQ5JkSVET7c/3,379,mQ5JkSVET7c,3,data/Eva_Green/1.6/2SaEbN8hYz4/9,833,2SaEbN8hYz4,9
data/Eva_Green/1.6/kp2PpLNNfQ0/1,833,kp2PpLNNfQ0,1,data/Eoin_Macken/1.6/TnOGBL8p-RM/12,1015,TnOGBL8p-RM,12
data/Eleanor_Tomlinson/1.6/U3xR3MZjEVg/10,906,U3xR3MZjEVg,10,data/Eli_Wallach/1.6/7yx9A0yzLYk/33,770,7yx9A0yzLYk,33
data/Eartha_Kitt/1.6/x6uYqmx31kE/15,365,x6uYqmx31kE,15,data/Eva_Green/1.6/ehwAeTUqH0s/3,833,ehwAeTUqH0s,3
data/Eva_Green/1.6/ux1zzNHqQI8/4,833,ux1zzNHqQI8,4,data/Eartha_Kitt/1.6/x6uYqmx31kE/18,365,x6uYqmx31kE,18
data/Elle_Fanning/1.6/9K2YB1d8BqY/4,1119,9K2YB1d8BqY,4,data/Edward_Asner/1.6/Pp-rAswo4Xg/2,16,Pp-rAswo4Xg,2
data/Estelle_Harris/1.6/LKDWhdJQFco/18,518,LKDWhdJQFco,18,data/Eugene_Levy/1.6/hDBMV_0Vz4E/4,166,hDBMV_0Vz4E,4
data/Eoin_Macken/1.6/k1jiAINXHRI/12,1015,k1jiAINXHRI,12,data/Eugenio_Derbez/1.6/gbTZ7k9e_Z0/5,1066,gbTZ7k9e_Z0,5
data/Eddie_Kaye_Thomas/1.6/xbGp2KSUr0E/4,865,xbGp2KSUr0E,4,data/Edward_Asner/1.6/DSGE2F5sTcg/13,16,DSGE2F5sTcg,13
data/Ernest_Borgnine/1.6/1ZyvrJaiLQk/3,650,1ZyvrJaiLQk,3,data/Eli_Roth/1.6/vaK4t1-WD4M/20,753,vaK4t1-WD4M,20
data/Erin_Andrews/1.6/z1ZWYfCuRKY/2,919,z1ZWYfCuRKY,2,data/Ezra_Miller/1.6/XMLMvfrgdzY/13,106,XMLMvfrgdzY,13
data/Eoin_Macken/1.6/nAtqrkWKIhM/1,1015,nAtqrkWKIhM,1,data/Elodie_Yung/1.6/8l5ZnDf-FUA/12,270,8l5ZnDf-FUA,12
data/Estelle_Harris/1.6/LKDWhdJQFco/23,518,LKDWhdJQFco,23,data/Edward_Asner/1.6/shA_TsV-PFs/8,16,shA_TsV-PFs,8
data/Eli_Roth/1.6/H4mDLFeGpLU/6,753,H4mDLFeGpLU,6,data/Erik_Estrada/1.6/hjvQiiG71rM/31,1106,hjvQiiG71rM,31
data/Emraan_Hashmi/1.6/YvmWRnJnTz0/1,457,YvmWRnJnTz0,1,data/Eoin_Macken/1.6/_FHcnO0b5hE/2,1015,_FHcnO0b5hE,2
data/Ernest_Borgnine/1.6/2cAiIYHfon0/21,650,2cAiIYHfon0,21,data/Eric_McCormack/1.6/LUFoMNPpdbY/5,379,LUFoMNPpdbY,5
data/Edgar_Wright/1.6/S0j29b3KVWQ/3,943,S0j29b3KVWQ,3,data/Efren_Ramirez/1.6/4Q1IvdayPR8/5,915,4Q1IvdayPR8,5
data/Eva_Longoria/1.6/wtqPC9vEZ0M/7,716,wtqPC9vEZ0M,7,data/Erik_Estrada/1.6/DWT9P35cXT4/4,1106,DWT9P35cXT4,4
data/Ernie_Hudson/1.6/hX6LjjVtnGs/1,1132,hX6LjjVtnGs,1,data/Eddie_Izzard/1.6/3i_6peYQarY/1,113,3i_6peYQarY,1
data/Eric_McCormack/1.6/sr0JJ4UghCE/2,379,sr0JJ4UghCE,2,data/Eva_Green/1.6/cc5WSHcgkl8/6,833,cc5WSHcgkl8,6
data/Estelle_Harris/1.6/LKDWhdJQFco/13,518,LKDWhdJQFco,13,data/Ernest_Borgnine/1.6/Xroutc-3_SU/3,650,Xroutc-3_SU,3
data/Eddie_Kaye_Thomas/1.6/89UnsytX6Y8/2,865,89UnsytX6Y8,2,data/Eddie_Izzard/1.6/5TWpQYtboq0/6,113,5TWpQYtboq0,6
data/Esai_Morales/1.6/K2_D_tFdAgY/25,437,K2_D_tFdAgY,25,data/Elodie_Yung/1.6/8l5ZnDf-FUA/2,270,8l5ZnDf-FUA,2
data/Eddie_Izzard/1.6/hW0Q6eHqN-U/9,113,hW0Q6eHqN-U,9,data/Esai_Morales/1.6/Ls9NUpj2les/1,437,Ls9NUpj2les,1
data/Efren_Ramirez/1.6/DTbpchx4xes/6,915,DTbpchx4xes,6,data/Emraan_Hashmi/1.6/ENIHEvg_VLM/7,457,ENIHEvg_VLM,7
data/Ellen_Burstyn/1.6/4SgMBa9MUvc/2,268,4SgMBa9MUvc,2,data/Ernest_Borgnine/1.6/2cAiIYHfon0/3,650,2cAiIYHfon0,3
data/Eva_Longoria/1.6/0nH78dDh0N0/18,716,0nH78dDh0N0,18,data/Eli_Wallach/1.6/7yx9A0yzLYk/21,770,7yx9A0yzLYk,21
data/Eugene_Levy/1.6/JQtDfEz08aU/31,166,JQtDfEz08aU,31,data/Eugenio_Derbez/1.6/Piw0wvQbpnQ/13,1066,Piw0wvQbpnQ,13
data/Erik_Estrada/1.6/hjvQiiG71rM/22,1106,hjvQiiG71rM,22,data/Edward_Asner/1.6/Pp-rAswo4Xg/28,16,Pp-rAswo4Xg,28
data/Erin_Andrews/1.6/SX-117N_MoI/4,919,SX-117N_MoI,4,data/Eva_Longoria/1.6/yUv37vQWmzE/4,716,yUv37vQWmzE,4
data/Ezra_Miller/1.6/pwfqGqgezH4/4,106,pwfqGqgezH4,4,data/Eric_Braeden/1.6/KMM3INYWEeY/1,364,KMM3INYWEeY,1
data/Eva_Green/1.6/XcXDiYWIS6E/2,833,XcXDiYWIS6E,2,data/Elaine_Cassidy/1.6/d7S0qeo6EP0/7,491,d7S0qeo6EP0,7
data/Erik_Estrada/1.6/hjvQiiG71rM/12,1106,hjvQiiG71rM,12,data/Eugene_Levy/1.6/dz2ohrKoOBA/2,166,dz2ohrKoOBA,2
data/Eli_Roth/1.6/gAKHqHbNt2g/17,753,gAKHqHbNt2g,17,data/Eli_Roth/1.6/eC9ZIOvohds/1,753,eC9ZIOvohds,1
data/Ernest_Borgnine/1.6/7byARrJfhlI/13,650,7byARrJfhlI,13,data/Eddie_Izzard/1.6/prqT1CcDqMc/7,113,prqT1CcDqMc,7
data/Eddie_Izzard/1.6/5TWpQYtboq0/4,113,5TWpQYtboq0,4,data/Eddie_Kaye_Thomas/1.6/89UnsytX6Y8/9,865,89UnsytX6Y8,9
data/Eugene_Levy/1.6/JQtDfEz08aU/9,166,JQtDfEz08aU,9,data/Ernest_Borgnine/1.6/8EDKH42GZ1o/23,650,8EDKH42GZ1o,23
data/Eugene_Levy/1.6/o9bD_E99Jpg/15,166,o9bD_E99Jpg,15,data/Edward_Asner/1.6/Pp-rAswo4Xg/12,16,Pp-rAswo4Xg,12
data/Eva_Green/1.6/SBO7kM1IPaY/11,833,SBO7kM1IPaY,11,data/Eli_Roth/1.6/u3s9xdUlmmk/9,753,u3s9xdUlmmk,9
data/Ernest_Borgnine/1.6/SQzWyPhRqmk/6,650,SQzWyPhRqmk,6,data/Ellen_Burstyn/1.6/RfDogGJ-UnM/1,268,RfDogGJ-UnM,1
data/Eli_Roth/1.6/j5ArtKwbobY/7,753,j5ArtKwbobY,7,data/Eddie_Izzard/1.6/8fKRoUIpAJY/4,113,8fKRoUIpAJY,4
data/Eoin_Macken/1.6/TwfthltapLg/8,1015,TwfthltapLg,8,data/Estelle_Harris/1.6/R5JGtwc4o1M/17,518,R5JGtwc4o1M,17
data/Eugene_Levy/1.6/HTL8iLI75TY/5,166,HTL8iLI75TY,5,data/Eric_McCormack/1.6/z2AISmwaXjo/6,379,z2AISmwaXjo,6
data/Estelle_Harris/1.6/Zs8VK91yVMI/6,518,Zs8VK91yVMI,6,data/Elisabeth_Moss/1.6/m-uILToQ9ss/8,587,m-uILToQ9ss,8
data/Elaine_Cassidy/1.6/9AtE4C309P8/10,491,9AtE4C309P8,10,data/Elle_Fanning/1.6/4TtOX8dgtYI/2,1119,4TtOX8dgtYI,2
data/Ernest_Borgnine/1.6/8EDKH42GZ1o/7,650,8EDKH42GZ1o,7,data/Elaine_Hendrix/1.6/1CiBWgsHT4E/1,781,1CiBWgsHT4E,1
data/Ed_Westwick/1.6/8gcdEYAKNkE/1,844,8gcdEYAKNkE,1,data/Eugene_Levy/1.6/o9bD_E99Jpg/12,166,o9bD_E99Jpg,12
data/Eartha_Kitt/1.6/GWXujl-xAVM/40,365,GWXujl-xAVM,40,data/Eva_Green/1.6/2SaEbN8hYz4/12,833,2SaEbN8hYz4,12
data/Edward_Asner/1.6/R_h7875g_PI/7,16,R_h7875g_PI,7,data/Eddie_McClintock/1.6/vAr7raTthpw/5,699,vAr7raTthpw,5
data/Eoin_Macken/1.6/gegIAYxfpVA/8,1015,gegIAYxfpVA,8,data/Eddie_Griffin/1.6/ho_r24dlPTQ/5,1014,ho_r24dlPTQ,5
data/Eric_Dane/1.6/WxDEVkQKPow/8,983,WxDEVkQKPow,8,data/Eric_Roberts/1.6/31XtFWtF7Sc/4,687,31XtFWtF7Sc,4
data/Eddie_McClintock/1.6/ICEJz3WX2n0/2,699,ICEJz3WX2n0,2,data/Ernest_Borgnine/1.6/8EDKH42GZ1o/27,650,8EDKH42GZ1o,27
data/Ernie_Hudson/1.6/UkrkPwZd77Y/1,1132,UkrkPwZd77Y,1,data/Emraan_Hashmi/1.6/ENIHEvg_VLM/11,457,ENIHEvg_VLM,11
data/Eli_Roth/1.6/SwMoq9ZHxpw/7,753,SwMoq9ZHxpw,7,data/Eric_McCormack/1.6/z2AISmwaXjo/9,379,z2AISmwaXjo,9
data/Eddie_Izzard/1.6/eLl_yTeuaKo/8,113,eLl_yTeuaKo,8,data/Ernie_Hudson/1.6/eVfmXU0RtRo/1,1132,eVfmXU0RtRo,1
data/Ernest_Borgnine/1.6/_WKW_Jkdvq8/5,650,_WKW_Jkdvq8,5,data/Ed_Westwick/1.6/LjLjQkfhd2o/2,844,LjLjQkfhd2o,2
data/Eric_McCormack/1.6/LUFoMNPpdbY/3,379,LUFoMNPpdbY,3,data/Emily_Atack/1.6/TMCTm7GxiDE/1,871,TMCTm7GxiDE,1
data/Eva_Longoria/1.6/f8Ms66atECE/5,716,f8Ms66atECE,5,data/Emraan_Hashmi/1.6/v6MWr5UAZ94/4,457,v6MWr5UAZ94,4
data/Esai_Morales/1.6/K2_D_tFdAgY/2,437,K2_D_tFdAgY,2,data/Ernie_Hudson/1.6/vhzF7dhGJzI/2,1132,vhzF7dhGJzI,2
data/Ernest_Borgnine/1.6/SQzWyPhRqmk/5,650,SQzWyPhRqmk,5,data/Eddie_Griffin/1.6/ho_r24dlPTQ/4,1014,ho_r24dlPTQ,4
data/Ernest_Borgnine/1.6/2cAiIYHfon0/12,650,2cAiIYHfon0,12,data/Esai_Morales/1.6/VRCidrXwd1s/6,437,VRCidrXwd1s,6
data/Eugene_Levy/1.6/hDBMV_0Vz4E/6,166,hDBMV_0Vz4E,6,data/Emile_Hirsch/1.6/lKe4gUde-jg/1,158,lKe4gUde-jg,1
data/Eugene_Levy/1.6/JQtDfEz08aU/6,166,JQtDfEz08aU,6,data/Ezra_Miller/1.6/pwfqGqgezH4/7,106,pwfqGqgezH4,7
data/Eleanor_Tomlinson/1.6/s4X9cwCCnFo/3,906,s4X9cwCCnFo,3,data/Eduardo_Noriega/1.6/0rpfN7wThsg/1,112,0rpfN7wThsg,1
data/Eric_Dane/1.6/K1gPy1UKmBE/11,983,K1gPy1UKmBE,11,data/Ernest_Borgnine/1.6/8EDKH42GZ1o/22,650,8EDKH42GZ1o,22
data/Ernest_Borgnine/1.6/1ZyvrJaiLQk/23,650,1ZyvrJaiLQk,23,data/Elodie_Yung/1.6/8l5ZnDf-FUA/7,270,8l5ZnDf-FUA,7
data/Erin_Andrews/1.6/IwB3vu418E4/9,919,IwB3vu418E4,9,data/Eugene_Levy/1.6/hDBMV_0Vz4E/2,166,hDBMV_0Vz4E,2
data/Elaine_Cassidy/1.6/d7S0qeo6EP0/2,491,d7S0qeo6EP0,2,data/Eric_Roberts/1.6/23tlx1v1UCA/1,687,23tlx1v1UCA,1
data/Eddie_Izzard/1.6/eLl_yTeuaKo/2,113,eLl_yTeuaKo,2,data/Erik_Estrada/1.6/DWT9P35cXT4/3,1106,DWT9P35cXT4,3
data/Ezra_Miller/1.6/pwfqGqgezH4/8,106,pwfqGqgezH4,8,data/Elle_Fanning/1.6/cJ40ZqTY3dQ/3,1119,cJ40ZqTY3dQ,3
data/Emraan_Hashmi/1.6/YvmWRnJnTz0/10,457,YvmWRnJnTz0,10,data/Eric_Braeden/1.6/oTRparDs-84/2,364,oTRparDs-84,2
data/Eugenio_Derbez/1.6/vbDKF8bZJQA/3,1066,vbDKF8bZJQA,3,data/Ezra_Miller/1.6/Zx-zA-D_DvI/1,106,Zx-zA-D_DvI,1
data/Eric_Braeden/1.6/dYC_mN16I_k/5,364,dYC_mN16I_k,5,data/Eartha_Kitt/1.6/x6uYqmx31kE/13,365,x6uYqmx31kE,13
data/Eugene_Levy/1.6/JQtDfEz08aU/25,166,JQtDfEz08aU,25,data/Edgar_Wright/1.6/aaJo0S1lnhY/4,943,aaJo0S1lnhY,4
data/Ernest_Borgnine/1.6/Fi8lnFPYgII/9,650,Fi8lnFPYgII,9,data/Ezra_Miller/1.6/XMLMvfrgdzY/11,106,XMLMvfrgdzY,11
data/Erik_Estrada/1.6/9o3HnyKpHLM/1,1106,9o3HnyKpHLM,1,data/Elodie_Yung/1.6/8l5ZnDf-FUA/3,270,8l5ZnDf-FUA,3
data/Eric_Braeden/1.6/VweNonqOdrE/7,364,VweNonqOdrE,7,data/Elisabeth_Moss/1.6/uArtiTSTnSU/9,587,uArtiTSTnSU,9
data/Elaine_Hendrix/1.6/ni6gO5jDLJE/11,781,ni6gO5jDLJE,11,data/Eva_Longoria/1.6/cR5FfR4TbEI/5,716,cR5FfR4TbEI,5
data/Eoin_Macken/1.6/SJxWXqMu2ds/5,1015,SJxWXqMu2ds,5,data/Eartha_Kitt/1.6/GWXujl-xAVM/21,365,GWXujl-xAVM,21
data/Eddie_Izzard/1.6/0LbtndiXJC0/2,113,0LbtndiXJC0,2,data/Edward_Asner/1.6/shA_TsV-PFs/1,16,shA_TsV-PFs,1
data/Eric_Roberts/1.6/3vnz4Iy5fMg/1,687,3vnz4Iy5fMg,1,data/Eric_Braeden/1.6/49XYNpeN23I/13,364,49XYNpeN23I,13
data/Eddie_Izzard/1.6/eLl_yTeuaKo/7,113,eLl_yTeuaKo,7,data/Eli_Roth/1.6/uA1E_38TuTw/3,753,uA1E_38TuTw,3
data/Eva_Green/1.6/YVeA3K_cPoc/2,833,YVeA3K_cPoc,2,data/Elodie_Yung/1.6/sf4uMnkYFG8/7,270,sf4uMnkYFG8,7
data/Erik_Estrada/1.6/6qFnVechX9o/15,1106,6qFnVechX9o,15,data/Eli_Roth/1.6/j5ArtKwbobY/6,753,j5ArtKwbobY,6
data/Elle_Fanning/1.6/cJ40ZqTY3dQ/4,1119,cJ40ZqTY3dQ,4,data/Eric_Braeden/1.6/VweNonqOdrE/1,364,VweNonqOdrE,1
data/Eric_McCormack/1.6/z2AISmwaXjo/7,379,z2AISmwaXjo,7,data/Elaine_Cassidy/1.6/v0Q-VyO4TjI/10,491,v0Q-VyO4TjI,10
data/Eva_Longoria/1.6/IASj5B-pAyM/10,716,IASj5B-pAyM,10,data/Ernest_Borgnine/1.6/8EDKH42GZ1o/29,650,8EDKH42GZ1o,29
data/Eugenio_Derbez/1.6/rldAakTgeLM/1,1066,rldAakTgeLM,1,data/Eartha_Kitt/1.6/x6uYqmx31kE/7,365,x6uYqmx31kE,7
data/Eva_Green/1.6/2SaEbN8hYz4/5,833,2SaEbN8hYz4,5,data/Edgar_Wright/1.6/5YncBThNd5E/11,943,5YncBThNd5E,11
data/Elle_Fanning/1.6/7I1GtGzVfmw/8,1119,7I1GtGzVfmw,8,data/Eric_Braeden/1.6/ba0ZhyVTodw/5,364,ba0ZhyVTodw,5
data/Erin_Andrews/1.6/uaPd2Ix-wSI/8,919,uaPd2Ix-wSI,8,data/Eli_Roth/1.6/p5g1heXp34o/6,753,p5g1heXp34o,6
data/Estelle_Harris/1.6/VCEs8oAQAiM/18,518,VCEs8oAQAiM,18,data/Emraan_Hashmi/1.6/3kzw8lTcUBU/14,457,3kzw8lTcUBU,14
data/Eddie_Izzard/1.6/OYi3rZSdAOE/1,113,OYi3rZSdAOE,1,data/Elisabeth_Moss/1.6/m-uILToQ9ss/5,587,m-uILToQ9ss,5
data/Eartha_Kitt/1.6/PXmaB6Ui0fE/1,365,PXmaB6Ui0fE,1,data/Efren_Ramirez/1.6/4Q1IvdayPR8/6,915,4Q1IvdayPR8,6
data/Edgar_Wright/1.6/YloBWJxXzMI/15,943,YloBWJxXzMI,15,data/Eugene_Levy/1.6/CN6JpPYbHCQ/3,166,CN6JpPYbHCQ,3
data/Eric_Dane/1.6/NZvythQO-SM/6,983,NZvythQO-SM,6,data/Eduardo_Noriega/1.6/cELY3LdIo-0/1,112,cELY3LdIo-0,1
data/Eoin_Macken/1.6/EHtXD7XFeeI/2,1015,EHtXD7XFeeI,2,data/Eddie_Izzard/1.6/5TWpQYtboq0/3,113,5TWpQYtboq0,3
data/Ernest_Borgnine/1.6/Fi8lnFPYgII/15,650,Fi8lnFPYgII,15,data/Eric_Dane/1.6/3tvnlmkCiTw/15,983,3tvnlmkCiTw,15
data/Edward_Asner/1.6/R_h7875g_PI/5,16,R_h7875g_PI,5,data/Ellen_Burstyn/1.6/MHoaMi5hKkE/1,268,MHoaMi5hKkE,1
data/Elodie_Yung/1.6/sf4uMnkYFG8/15,270,sf4uMnkYFG8,15,data/Elle_Fanning/1.6/L2jRsPDZGgw/7,1119,L2jRsPDZGgw,7
data/Edward_Asner/1.6/fvX1Vtx3sNo/4,16,fvX1Vtx3sNo,4,data/Eoin_Macken/1.6/_FHcnO0b5hE/3,1015,_FHcnO0b5hE,3
data/Eva_Green/1.6/2SaEbN8hYz4/16,833,2SaEbN8hYz4,16,data/Esai_Morales/1.6/VRCidrXwd1s/37,437,VRCidrXwd1s,37
data/Edgar_Wright/1.6/YloBWJxXzMI/2,943,YloBWJxXzMI,2,data/Esai_Morales/1.6/CNPsGRmW7rY/1,437,CNPsGRmW7rY,1
data/Eva_Green/1.6/kQOkcEZUpJ4/6,833,kQOkcEZUpJ4,6,data/Emraan_Hashmi/1.6/ENIHEvg_VLM/22,457,ENIHEvg_VLM,22
data/Elaine_Cassidy/1.6/IhCiRuNjZfY/1,491,IhCiRuNjZfY,1,data/Emraan_Hashmi/1.6/gm6PJowclv0/26,457,gm6PJowclv0,26
data/Ernest_Borgnine/1.6/BL7XmN8w_UY/8,650,BL7XmN8w_UY,8,data/Eric_Roberts/1.6/utAY0zpsv1U/7,687,utAY0zpsv1U,7
data/Erik_Estrada/1.6/6qFnVechX9o/14,1106,6qFnVechX9o,14,data/Eddie_Izzard/1.6/MqKFZOAwUsg/3,113,MqKFZOAwUsg,3
data/Elaine_Hendrix/1.6/RDFdX3VxjUQ/4,781,RDFdX3VxjUQ,4,data/Elle_Fanning/1.6/lBkbWztMEUY/2,1119,lBkbWztMEUY,2
data/Eddie_Izzard/1.6/8cfyJEV7hP8/6,113,8cfyJEV7hP8,6,data/Edgar_Wright/1.6/FDhJhEu0JUM/8,943,FDhJhEu0JUM,8
data/Eli_Roth/1.6/clznvDi-ybg/18,753,clznvDi-ybg,18,data/Edward_Asner/1.6/d6WJf6TOoIQ/5,16,d6WJf6TOoIQ,5
data/Emily_Atack/1.6/oa10caYOOzk/4,871,oa10caYOOzk,4,data/Ernest_Borgnine/1.6/xiFC4HwUcww/5,650,xiFC4HwUcww,5
data/Elle_Fanning/1.6/lJQTN_wK9vA/1,1119,lJQTN_wK9vA,1,data/Eugenio_Derbez/1.6/gbTZ7k9e_Z0/2,1066,gbTZ7k9e_Z0,2
data/Elle_Fanning/1.6/DPPq8w5ILrA/12,1119,DPPq8w5ILrA,12,data/Edward_Asner/1.6/Pp-rAswo4Xg/11,16,Pp-rAswo4Xg,11
data/Ezra_Miller/1.6/0b1inHMAr6o/8,106,0b1inHMAr6o,8,data/Elodie_Yung/1.6/3g9CjhcNEWk/9,270,3g9CjhcNEWk,9
data/Eoin_Macken/1.6/g2jVmC3qCNA/6,1015,g2jVmC3qCNA,6,data/Erik_Estrada/1.6/hjvQiiG71rM/33,1106,hjvQiiG71rM,33
data/Eugene_Levy/1.6/GRv7pEnTwUc/5,166,GRv7pEnTwUc,5,data/Edgar_Wright/1.6/wVIZhnJ79sI/2,943,wVIZhnJ79sI,2
data/Eartha_Kitt/1.6/GWXujl-xAVM/31,365,GWXujl-xAVM,31,data/Edgar_Wright/1.6/AeZoMAJ4Ejs/15,943,AeZoMAJ4Ejs,15
data/Elaine_Cassidy/1.6/9AtE4C309P8/11,491,9AtE4C309P8,11,data/Eddie_Izzard/1.6/8cfyJEV7hP8/10,113,8cfyJEV7hP8,10
data/Esai_Morales/1.6/K2_D_tFdAgY/38,437,K2_D_tFdAgY,38,data/Eoin_Macken/1.6/k1jiAINXHRI/15,1015,k1jiAINXHRI,15
data/Emraan_Hashmi/1.6/3kzw8lTcUBU/26,457,3kzw8lTcUBU,26,data/Eddie_Izzard/1.6/gHPh9j7lc58/9,113,gHPh9j7lc58,9
data/Edward_Asner/1.6/DSGE2F5sTcg/11,16,DSGE2F5sTcg,11,data/Eric_McCormack/1.6/tlP585mCdl0/4,379,tlP585mCdl0,4
data/Elaine_Cassidy/1.6/v0Q-VyO4TjI/11,491,v0Q-VyO4TjI,11,data/Edgar_Wright/1.6/3vWez3baO60/6,943,3vWez3baO60,6
data/Edward_Asner/1.6/d6WJf6TOoIQ/2,16,d6WJf6TOoIQ,2,data/Eddie_Izzard/1.6/5TWpQYtboq0/5,113,5TWpQYtboq0,5
data/Ernie_Hudson/1.6/eVfmXU0RtRo/7,1132,eVfmXU0RtRo,7,data/Emraan_Hashmi/1.6/57KbI2UvGss/3,457,57KbI2UvGss,3
data/Eddie_Griffin/1.6/vCjjhpaMr4A/1,1014,vCjjhpaMr4A,1,data/Elaine_Hendrix/1.6/1CiBWgsHT4E/5,781,1CiBWgsHT4E,5
data/Eduardo_Noriega/1.6/znxUWA2QAGs/3,112,znxUWA2QAGs,3,data/Eddie_Izzard/1.6/hW0Q6eHqN-U/2,113,hW0Q6eHqN-U,2
data/Eric_Dane/1.6/K1gPy1UKmBE/1,983,K1gPy1UKmBE,1,data/Ernest_Borgnine/1.6/2cAiIYHfon0/19,650,2cAiIYHfon0,19
data/Eugenio_Derbez/1.6/Piw0wvQbpnQ/2,1066,Piw0wvQbpnQ,2,data/Emraan_Hashmi/1.6/azw51ZGuz9k/4,457,azw51ZGuz9k,4
data/Eleanor_Tomlinson/1.6/hgB5ziAudzU/2,906,hgB5ziAudzU,2,data/Eva_Green/1.6/SBO7kM1IPaY/9,833,SBO7kM1IPaY,9
data/Ezra_Miller/1.6/e-IdJ8a4gy4/9,106,e-IdJ8a4gy4,9,data/Edgar_Wright/1.6/YloBWJxXzMI/6,943,YloBWJxXzMI,6
data/Eddie_Izzard/1.6/8cfyJEV7hP8/26,113,8cfyJEV7hP8,26,data/Emraan_Hashmi/1.6/2qlrpSAc9Xs/9,457,2qlrpSAc9Xs,9
data/Evanna_Lynch/1.6/ygGJs_Rh7ds/7,1129,ygGJs_Rh7ds,7,data/Efren_Ramirez/1.6/DTbpchx4xes/13,915,DTbpchx4xes,13
data/Eric_Dane/1.6/D8jV1M4V6UQ/3,983,D8jV1M4V6UQ,3,data/Emile_Hirsch/1.6/HYiqXC0B3iY/5,158,HYiqXC0B3iY,5
data/Elodie_Yung/1.6/zFii0ROZZjc/6,270,zFii0ROZZjc,6,data/Elisabeth_Moss/1.6/bd0jqkNxNdU/4,587,bd0jqkNxNdU,4
data/Esai_Morales/1.6/K2_D_tFdAgY/23,437,K2_D_tFdAgY,23,data/Eric_McCormack/1.6/iLMjiAp4rTo/2,379,iLMjiAp4rTo,2
data/Eartha_Kitt/1.6/GWXujl-xAVM/1,365,GWXujl-xAVM,1,data/Ernest_Borgnine/1.6/1ZyvrJaiLQk/24,650,1ZyvrJaiLQk,24
data/Eugene_Levy/1.6/qbrGkPrDuoU/2,166,qbrGkPrDuoU,2,data/Emily_Atack/1.6/98qWWArcL3Y/3,871,98qWWArcL3Y,3
data/Emraan_Hashmi/1.6/ENIHEvg_VLM/14,457,ENIHEvg_VLM,14,data/Eric_Roberts/1.6/uxHwuJ59xNk/4,687,uxHwuJ59xNk,4
data/Eric_McCormack/1.6/mQ5JkSVET7c/5,379,mQ5JkSVET7c,5,data/Esai_Morales/1.6/K2_D_tFdAgY/26,437,K2_D_tFdAgY,26
data/Ed_Westwick/1.6/zWyD72sHVwA/4,844,zWyD72sHVwA,4,data/Edward_Asner/1.6/iEAqbqZ7dDg/18,16,iEAqbqZ7dDg,18
data/Erin_Andrews/1.6/x3QoGpHxThw/5,919,x3QoGpHxThw,5,data/Emraan_Hashmi/1.6/KgY2xhg4Tqk/12,457,KgY2xhg4Tqk,12
data/Erin_Andrews/1.6/DdZRjmvZKbI/1,919,DdZRjmvZKbI,1,data/Eleanor_Tomlinson/1.6/neQO6_CUY4w/9,906,neQO6_CUY4w,9
data/Eddie_Kaye_Thomas/1.6/L9q6XabEpEI/6,865,L9q6XabEpEI,6,data/Eugenio_Derbez/1.6/nJbBcMdxQU4/10,1066,nJbBcMdxQU4,10
data/Ellen_Wong/1.6/DyK7j3QIO9c/1,1156,DyK7j3QIO9c,1,data/Elisabeth_Moss/1.6/thghCiJZYwI/4,587,thghCiJZYwI,4
data/Elodie_Yung/1.6/fGlKVvjgUdY/6,270,fGlKVvjgUdY,6,data/Esai_Morales/1.6/VRCidrXwd1s/21,437,VRCidrXwd1s,21
data/Eva_Longoria/1.6/0nH78dDh0N0/2,716,0nH78dDh0N0,2,data/Eugene_Levy/1.6/WBN84VSZbIQ/2,166,WBN84VSZbIQ,2
data/Ellen_Burstyn/1.6/I99R40TUF1s/9,268,I99R40TUF1s,9,data/Erin_Andrews/1.6/HcyUmRYz-aE/4,919,HcyUmRYz-aE,4
data/Ernest_Borgnine/1.6/AytdA2W0Y_M/2,650,AytdA2W0Y_M,2,data/Esai_Morales/1.6/K2_D_tFdAgY/36,437,K2_D_tFdAgY,36
data/Eugene_Levy/1.6/hDBMV_0Vz4E/5,166,hDBMV_0Vz4E,5,data/Eva_Green/1.6/f7UFndMkCDE/1,833,f7UFndMkCDE,1
data/Elle_Fanning/1.6/PlJd6NVoigs/2,1119,PlJd6NVoigs,2,data/Eleanor_Tomlinson/1.6/zGjY8J48FoE/3,906,zGjY8J48FoE,3
data/Erik_Estrada/1.6/6qFnVechX9o/19,1106,6qFnVechX9o,19,data/Emraan_Hashmi/1.6/ENIHEvg_VLM/13,457,ENIHEvg_VLM,13
data/Ernest_Borgnine/1.6/7byARrJfhlI/10,650,7byARrJfhlI,10,data/Eva_Longoria/1.6/120gjdqGWNQ/23,716,120gjdqGWNQ,23
data/Eddie_Kaye_Thomas/1.6/89UnsytX6Y8/8,865,89UnsytX6Y8,8,data/Esai_Morales/1.6/y5j-ZhbwDwE/1,437,y5j-ZhbwDwE,1
data/Emraan_Hashmi/1.6/2qlrpSAc9Xs/3,457,2qlrpSAc9Xs,3,data/Eddie_McClintock/1.6/QjrBKqx_Xeo/5,699,QjrBKqx_Xeo,5
data/Edgar_Wright/1.6/FDhJhEu0JUM/16,943,FDhJhEu0JUM,16,data/Eric_Roberts/1.6/o1EKUvjvNHY/9,687,o1EKUvjvNHY,9
data/Ezra_Miller/1.6/vobW27_-JyQ/7,106,vobW27_-JyQ,7,data/Eugene_Levy/1.6/0TJ9sdJiDvA/2,166,0TJ9sdJiDvA,2
data/Edgar_Wright/1.6/5YncBThNd5E/6,943,5YncBThNd5E,6,data/Emraan_Hashmi/1.6/YvmWRnJnTz0/2,457,YvmWRnJnTz0,2
data/Edward_Asner/1.6/DSGE2F5sTcg/1,16,DSGE2F5sTcg,1,data/Eduardo_Noriega/1.6/znxUWA2QAGs/9,112,znxUWA2QAGs,9
data/Ezra_Miller/1.6/rxnN8thYzEQ/13,106,rxnN8thYzEQ,13,data/Elisabeth_Moss/1.6/eZFHx8-7rX0/1,587,eZFHx8-7rX0,1
data/Edward_Asner/1.6/x5dqrDlwxR4/7,16,x5dqrDlwxR4,7,data/Eli_Roth/1.6/j8UugkSTzzk/4,753,j8UugkSTzzk,4
data/Emile_Hirsch/1.6/HYiqXC0B3iY/19,158,HYiqXC0B3iY,19,data/Eartha_Kitt/1.6/GWXujl-xAVM/19,365,GWXujl-xAVM,19
data/Emraan_Hashmi/1.6/tKl5Y1x4jwc/2,457,tKl5Y1x4jwc,2,data/Eddie_McClintock/1.6/LqcUAxrtYOk/5,699,LqcUAxrtYOk,5
data/Eli_Roth/1.6/r9-0pljhZqs/14,753,r9-0pljhZqs,14,data/Eoin_Macken/1.6/Mp1IXRquJ9s/5,1015,Mp1IXRquJ9s,5
data/Emraan_Hashmi/1.6/v6MWr5UAZ94/2,457,v6MWr5UAZ94,2,data/Eddie_Kaye_Thomas/1.6/89UnsytX6Y8/5,865,89UnsytX6Y8,5
data/Edward_Asner/1.6/Pp-rAswo4Xg/6,16,Pp-rAswo4Xg,6,data/Eddie_Izzard/1.6/oBaIbyCrTVw/6,113,oBaIbyCrTVw,6
data/Eddie_Griffin/1.6/wb6ligRbbZ4/2,1014,wb6ligRbbZ4,2,data/Edgar_Wright/1.6/aaJo0S1lnhY/5,943,aaJo0S1lnhY,5
data/Emraan_Hashmi/1.6/ya6VNZp-pXw/18,457,ya6VNZp-pXw,18,data/Estelle_Harris/1.6/U2oGFQmqziM/1,518,U2oGFQmqziM,1
data/Edward_Asner/1.6/_a9CIdlTOr8/4,16,_a9CIdlTOr8,4,data/Eddie_McClintock/1.6/Mdk1SXywHck/15,699,Mdk1SXywHck,15
data/Eugenio_Derbez/1.6/vbDKF8bZJQA/11,1066,vbDKF8bZJQA,11,data/Eugene_Levy/1.6/JQtDfEz08aU/36,166,JQtDfEz08aU,36
data/Edgar_Wright/1.6/YloBWJxXzMI/13,943,YloBWJxXzMI,13,data/Eva_Longoria/1.6/120gjdqGWNQ/10,716,120gjdqGWNQ,10
data/Eric_Dane/1.6/iVxjBZtQwBg/2,983,iVxjBZtQwBg,2,data/Ernest_Borgnine/1.6/xiFC4HwUcww/3,650,xiFC4HwUcww,3
data/Edward_Asner/1.6/DSGE2F5sTcg/3,16,DSGE2F5sTcg,3,data/Elle_Fanning/1.6/lBkbWztMEUY/1,1119,lBkbWztMEUY,1
data/Eugene_Levy/1.6/dz2ohrKoOBA/5,166,dz2ohrKoOBA,5,data/Ernie_Hudson/1.6/AeRSD9jIdSg/5,1132,AeRSD9jIdSg,5
data/Ed_Westwick/1.6/zWyD72sHVwA/7,844,zWyD72sHVwA,7,data/Edgar_Wright/1.6/YloBWJxXzMI/9,943,YloBWJxXzMI,9
data/Emily_Atack/1.6/d2Lasybvo7s/3,871,d2Lasybvo7s,3,data/Eddie_Izzard/1.6/ZpPPaMazpf0/2,113,ZpPPaMazpf0,2
data/Esai_Morales/1.6/n5Ffz_qwr58/1,437,n5Ffz_qwr58,1,data/Edgar_Wright/1.6/HrA2BLcLApA/2,943,HrA2BLcLApA,2
data/Edgar_Wright/1.6/5YncBThNd5E/16,943,5YncBThNd5E,16,data/Eugene_Levy/1.6/JQtDfEz08aU/3,166,JQtDfEz08aU,3
data/Eli_Roth/1.6/cmG1DiHm-fM/3,753,cmG1DiHm-fM,3,data/Eddie_Izzard/1.6/gHPh9j7lc58/3,113,gHPh9j7lc58,3
data/Eddie_Izzard/1.6/hW0Q6eHqN-U/8,113,hW0Q6eHqN-U,8,data/Elle_Fanning/1.6/9K2YB1d8BqY/10,1119,9K2YB1d8BqY,10
data/Eva_Green/1.6/XcXDiYWIS6E/5,833,XcXDiYWIS6E,5,data/Eli_Wallach/1.6/7yx9A0yzLYk/42,770,7yx9A0yzLYk,42
data/Eddie_Izzard/1.6/8cfyJEV7hP8/17,113,8cfyJEV7hP8,17,data/Eddie_Izzard/1.6/8cfyJEV7hP8/31,113,8cfyJEV7hP8,31
data/Erik_Estrada/1.6/f5eaTNf7-io/1,1106,f5eaTNf7-io,1,data/Edgar_Wright/1.6/5YncBThNd5E/23,943,5YncBThNd5E,23
data/Eugenio_Derbez/1.6/hQ1MFdZfXnI/1,1066,hQ1MFdZfXnI,1,data/Eli_Roth/1.6/N69Hp2DGMLk/6,753,N69Hp2DGMLk,6
data/Eric_Braeden/1.6/WJPpL58RruA/10,364,WJPpL58RruA,10,data/Eddie_Izzard/1.6/gHPh9j7lc58/5,113,gHPh9j7lc58,5
data/Ellen_Burstyn/1.6/2iaCNe7ajII/4,268,2iaCNe7ajII,4,data/Erik_Estrada/1.6/6qFnVechX9o/16,1106,6qFnVechX9o,16
data/Eddie_Izzard/1.6/58VB-LYIoRM/5,113,58VB-LYIoRM,5,data/Ernest_Borgnine/1.6/8Sz2-IYJ2GA/22,650,8Sz2-IYJ2GA,22
data/Erik_Estrada/1.6/8v0-r8HKI_0/4,1106,8v0-r8HKI_0,4,data/Elisabeth_Moss/1.6/d-ZEojJk-rs/2,587,d-ZEojJk-rs,2
data/Eartha_Kitt/1.6/zjwijMp0Qyw/1,365,zjwijMp0Qyw,1,data/Ernest_Borgnine/1.6/1ZyvrJaiLQk/26,650,1ZyvrJaiLQk,26
data/Eric_Dane/1.6/D8jV1M4V6UQ/6,983,D8jV1M4V6UQ,6,data/Eddie_Izzard/1.6/0LbtndiXJC0/9,113,0LbtndiXJC0,9
data/Eduardo_Noriega/1.6/tbh20gz_KRA/15,112,tbh20gz_KRA,15,data/Eddie_Griffin/1.6/olePnztkm6U/4,1014,olePnztkm6U,4
data/Eva_Longoria/1.6/0nH78dDh0N0/13,716,0nH78dDh0N0,13,data/Eddie_Izzard/1.6/Ed918auNI0Y/1,113,Ed918auNI0Y,1
data/Emile_Hirsch/1.6/T1y64qFjv3M/1,158,T1y64qFjv3M,1,data/Ernest_Borgnine/1.6/2cAiIYHfon0/5,650,2cAiIYHfon0,5
data/Eugene_Levy/1.6/0TJ9sdJiDvA/8,166,0TJ9sdJiDvA,8,data/Elisabeth_Moss/1.6/m-uILToQ9ss/7,587,m-uILToQ9ss,7
data/Ernest_Borgnine/1.6/8Sz2-IYJ2GA/11,650,8Sz2-IYJ2GA,11,data/Eric_Braeden/1.6/WJPpL58RruA/7,364,WJPpL58RruA,7
data/Eartha_Kitt/1.6/GWXujl-xAVM/49,365,GWXujl-xAVM,49,data/Eartha_Kitt/1.6/5r0dWxy17C8/23,365,5r0dWxy17C8,23
data/Esai_Morales/1.6/VRCidrXwd1s/30,437,VRCidrXwd1s,30,data/Erik_Estrada/1.6/f5eaTNf7-io/5,1106,f5eaTNf7-io,5
data/Emraan_Hashmi/1.6/ya6VNZp-pXw/15,457,ya6VNZp-pXw,15,data/Ezra_Miller/1.6/XMLMvfrgdzY/6,106,XMLMvfrgdzY,6
data/Eli_Roth/1.6/gAKHqHbNt2g/2,753,gAKHqHbNt2g,2,data/Emraan_Hashmi/1.6/3kzw8lTcUBU/11,457,3kzw8lTcUBU,11
data/Eartha_Kitt/1.6/GWXujl-xAVM/50,365,GWXujl-xAVM,50,data/Ernest_Borgnine/1.6/xiFC4HwUcww/7,650,xiFC4HwUcww,7
data/Emraan_Hashmi/1.6/57KbI2UvGss/1,457,57KbI2UvGss,1,data/Eric_Braeden/1.6/dYC_mN16I_k/4,364,dYC_mN16I_k,4
data/Eva_Green/1.6/XcXDiYWIS6E/6,833,XcXDiYWIS6E,6,data/Evanna_Lynch/1.6/sLv-3TCu2fE/1,1129,sLv-3TCu2fE,1
data/Ernest_Borgnine/1.6/8Sz2-IYJ2GA/5,650,8Sz2-IYJ2GA,5,data/Eli_Roth/1.6/clznvDi-ybg/19,753,clznvDi-ybg,19
data/Eddie_Izzard/1.6/prqT1CcDqMc/6,113,prqT1CcDqMc,6,data/Erik_Estrada/1.6/hjvQiiG71rM/7,1106,hjvQiiG71rM,7
data/Ellen_Burstyn/1.6/V0ubcXO71Sg/1,268,V0ubcXO71Sg,1,data/Eric_Roberts/1.6/HAinRPec5xI/1,687,HAinRPec5xI,1
data/Estelle_Harris/1.6/LKDWhdJQFco/17,518,LKDWhdJQFco,17,data/Esai_Morales/1.6/_zm31vf2P7U/3,437,_zm31vf2P7U,3
data/Elodie_Yung/1.6/fGlKVvjgUdY/4,270,fGlKVvjgUdY,4,data/Emily_Atack/1.6/oLJhH76d0kU/5,871,oLJhH76d0kU,5
data/Ernest_Borgnine/1.6/8EDKH42GZ1o/6,650,8EDKH42GZ1o,6,data/Ernest_Borgnine/1.6/8Sz2-IYJ2GA/2,650,8Sz2-IYJ2GA,2
data/Emily_Atack/1.6/98qWWArcL3Y/5,871,98qWWArcL3Y,5,data/Eric_Roberts/1.6/utAY0zpsv1U/5,687,utAY0zpsv1U,5
data/Elle_Fanning/1.6/gkDeAS985L4/6,1119,gkDeAS985L4,6,data/Evanna_Lynch/1.6/sLv-3TCu2fE/5,1129,sLv-3TCu2fE,5
data/Eartha_Kitt/1.6/x6uYqmx31kE/14,365,x6uYqmx31kE,14,data/Eli_Roth/1.6/vaK4t1-WD4M/28,753,vaK4t1-WD4M,28
data/Ezra_Miller/1.6/e-IdJ8a4gy4/10,106,e-IdJ8a4gy4,10,data/Efren_Ramirez/1.6/DTbpchx4xes/2,915,DTbpchx4xes,2
data/Eugene_Levy/1.6/o9bD_E99Jpg/6,166,o9bD_E99Jpg,6,data/Emily_Atack/1.6/iPZGPcrYIZs/4,871,iPZGPcrYIZs,4
data/Eli_Wallach/1.6/7yx9A0yzLYk/23,770,7yx9A0yzLYk,23,data/Elodie_Yung/1.6/fGlKVvjgUdY/1,270,fGlKVvjgUdY,1
data/Ernie_Hudson/1.6/hX6LjjVtnGs/2,1132,hX6LjjVtnGs,2,data/Eartha_Kitt/1.6/8jEAjG6SegY/18,365,8jEAjG6SegY,18
data/Elaine_Cassidy/1.6/YcIZDAhexy8/7,491,YcIZDAhexy8,7,data/Eddie_Izzard/1.6/8cfyJEV7hP8/25,113,8cfyJEV7hP8,25
data/Eartha_Kitt/1.6/GWXujl-xAVM/42,365,GWXujl-xAVM,42,data/Eva_Green/1.6/uzt36PBzT2w/4,833,uzt36PBzT2w,4
data/Eli_Roth/1.6/j5ArtKwbobY/3,753,j5ArtKwbobY,3,data/Edward_Asner/1.6/x5dqrDlwxR4/8,16,x5dqrDlwxR4,8
data/Eva_Green/1.6/tuOl16Buy1Y/3,833,tuOl16Buy1Y,3,data/Eoin_Macken/1.6/nAtqrkWKIhM/9,1015,nAtqrkWKIhM,9
data/Eddie_Griffin/1.6/wb6ligRbbZ4/4,1014,wb6ligRbbZ4,4,data/Erin_Andrews/1.6/IwB3vu418E4/2,919,IwB3vu418E4,2
data/Eli_Roth/1.6/cmG1DiHm-fM/6,753,cmG1DiHm-fM,6,data/Evanna_Lynch/1.6/MxBuaaxNnlE/2,1129,MxBuaaxNnlE,2
data/Evanna_Lynch/1.6/sGqnn4WpQCI/2,1129,sGqnn4WpQCI,2,data/Eric_McCormack/1.6/p1--IINtgGg/2,379,p1--IINtgGg,2
data/Eric_Roberts/1.6/31XtFWtF7Sc/1,687,31XtFWtF7Sc,1,data/Eddie_Griffin/1.6/olePnztkm6U/13,1014,olePnztkm6U,13
data/Elodie_Yung/1.6/8l5ZnDf-FUA/9,270,8l5ZnDf-FUA,9,data/Elle_Fanning/1.6/mmFmN0OPhKs/3,1119,mmFmN0OPhKs,3
data/Elle_Fanning/1.6/L2jRsPDZGgw/6,1119,L2jRsPDZGgw,6,data/Estelle_Harris/1.6/Zs8VK91yVMI/9,518,Zs8VK91yVMI,9
data/Eric_Braeden/1.6/1l9B0dz7gjc/2,364,1l9B0dz7gjc,2,data/Eli_Roth/1.6/vv4mvANXHcs/2,753,vv4mvANXHcs,2
data/Erin_Andrews/1.6/uaPd2Ix-wSI/3,919,uaPd2Ix-wSI,3,data/Eddie_Kaye_Thomas/1.6/L9q6XabEpEI/8,865,L9q6XabEpEI,8
data/Eddie_Izzard/1.6/xN2fSTQHHkw/5,113,xN2fSTQHHkw,5,data/Eleanor_Tomlinson/1.6/U3xR3MZjEVg/9,906,U3xR3MZjEVg,9
data/Ellen_Wong/1.6/JzNVSA7eFwc/4,1156,JzNVSA7eFwc,4,data/Ed_Westwick/1.6/PfcJLmkhGbk/4,844,PfcJLmkhGbk,4
data/Ezra_Miller/1.6/rqaAm4bEsXc/7,106,rqaAm4bEsXc,7,data/Eli_Wallach/1.6/7yx9A0yzLYk/39,770,7yx9A0yzLYk,39
data/Eli_Wallach/1.6/7yx9A0yzLYk/28,770,7yx9A0yzLYk,28,data/Ernest_Borgnine/1.6/SQzWyPhRqmk/10,650,SQzWyPhRqmk,10
data/Evanna_Lynch/1.6/MxBuaaxNnlE/1,1129,MxBuaaxNnlE,1,data/Edgar_Wright/1.6/HrA2BLcLApA/1,943,HrA2BLcLApA,1
data/Erik_Estrada/1.6/hjvQiiG71rM/9,1106,hjvQiiG71rM,9,data/Eva_Green/1.6/cc5WSHcgkl8/3,833,cc5WSHcgkl8,3
data/Eva_Longoria/1.6/yUv37vQWmzE/15,716,yUv37vQWmzE,15,data/Ezra_Miller/1.6/rxnN8thYzEQ/9,106,rxnN8thYzEQ,9
data/Eddie_Izzard/1.6/8cfyJEV7hP8/38,113,8cfyJEV7hP8,38,data/Edward_Asner/1.6/rgcxEM5jOc4/11,16,rgcxEM5jOc4,11
data/Eli_Roth/1.6/u3s9xdUlmmk/3,753,u3s9xdUlmmk,3,data/Eli_Roth/1.6/p5g1heXp34o/8,753,p5g1heXp34o,8
data/Esai_Morales/1.6/VRCidrXwd1s/18,437,VRCidrXwd1s,18,data/Efren_Ramirez/1.6/4Q1IvdayPR8/15,915,4Q1IvdayPR8,15
data/Eleanor_Tomlinson/1.6/zGjY8J48FoE/1,906,zGjY8J48FoE,1,data/Estelle_Harris/1.6/VCEs8oAQAiM/10,518,VCEs8oAQAiM,10
data/Elaine_Cassidy/1.6/XiKRlssBw2M/4,491,XiKRlssBw2M,4,data/Eva_Green/1.6/cc5WSHcgkl8/13,833,cc5WSHcgkl8,13
data/Eva_Green/1.6/tELtXMqh_xg/3,833,tELtXMqh_xg,3,data/Eddie_McClintock/1.6/CVUXDNZzcmA/4,699,CVUXDNZzcmA,4
data/Ed_Westwick/1.6/1gtz-CUIygI/17,844,1gtz-CUIygI,17,data/Elaine_Cassidy/1.6/9AtE4C309P8/2,491,9AtE4C309P8,2
data/Esai_Morales/1.6/2Er-cV85fc4/19,437,2Er-cV85fc4,19,data/Emily_Atack/1.6/kt4P4cyTpWQ/6,871,kt4P4cyTpWQ,6
data/Eddie_Izzard/1.6/E50E5hbggyM/5,113,E50E5hbggyM,5,data/Eli_Wallach/1.6/7yx9A0yzLYk/3,770,7yx9A0yzLYk,3
data/Edward_Asner/1.6/QOq66XogW3Q/6,16,QOq66XogW3Q,6,data/Ernest_Borgnine/1.6/7byARrJfhlI/8,650,7byARrJfhlI,8
data/Eva_Longoria/1.6/120gjdqGWNQ/17,716,120gjdqGWNQ,17,data/Eva_Green/1.6/WOjNZFtRwDg/3,833,WOjNZFtRwDg,3
data/Evanna_Lynch/1.6/rgpPBT4yQcg/8,1129,rgpPBT4yQcg,8,data/Emraan_Hashmi/1.6/2qlrpSAc9Xs/10,457,2qlrpSAc9Xs,10
data/Ellen_Burstyn/1.6/I99R40TUF1s/15,268,I99R40TUF1s,15,data/Emile_Hirsch/1.6/gTbcgoYXWdU/3,158,gTbcgoYXWdU,3
data/Eric_Braeden/1.6/PfQFgX_pBfU/1,364,PfQFgX_pBfU,1,data/Eric_Braeden/1.6/NRMQOFYS41I/5,364,NRMQOFYS41I,5
data/Eva_Longoria/1.6/cR5FfR4TbEI/7,716,cR5FfR4TbEI,7,data/Ezra_Miller/1.6/GyJHpVQmcvc/5,106,GyJHpVQmcvc,5
data/Emile_Hirsch/1.6/kKQpvHl21Cg/6,158,kKQpvHl21Cg,6,data/Emraan_Hashmi/1.6/KgY2xhg4Tqk/6,457,KgY2xhg4Tqk,6
data/Emraan_Hashmi/1.6/57KbI2UvGss/5,457,57KbI2UvGss,5,data/Edward_Asner/1.6/WZ6rcARSDqs/4,16,WZ6rcARSDqs,4
data/Ernest_Borgnine/1.6/fAe7DXqrZls/6,650,fAe7DXqrZls,6,data/Eddie_Izzard/1.6/8fKRoUIpAJY/2,113,8fKRoUIpAJY,2
data/Ezra_Miller/1.6/e-IdJ8a4gy4/6,106,e-IdJ8a4gy4,6,data/Ezra_Miller/1.6/GyJHpVQmcvc/3,106,GyJHpVQmcvc,3
data/Eddie_Izzard/1.6/5TWpQYtboq0/8,113,5TWpQYtboq0,8,data/Eva_Green/1.6/0YwE23t0vGA/1,833,0YwE23t0vGA,1
data/Elaine_Hendrix/1.6/UkIpd_3qMak/2,781,UkIpd_3qMak,2,data/Edgar_Wright/1.6/CooJzMgoxzw/1,943,CooJzMgoxzw,1
data/Elisabeth_Moss/1.6/uArtiTSTnSU/6,587,uArtiTSTnSU,6,data/Erik_Estrada/1.6/hjvQiiG71rM/23,1106,hjvQiiG71rM,23
data/Eoin_Macken/1.6/nAtqrkWKIhM/12,1015,nAtqrkWKIhM,12,data/Emily_Atack/1.6/98qWWArcL3Y/1,871,98qWWArcL3Y,1
data/Esai_Morales/1.6/ekqJava7sdE/3,437,ekqJava7sdE,3,data/Ernest_Borgnine/1.6/7byARrJfhlI/14,650,7byARrJfhlI,14
data/Elaine_Hendrix/1.6/ni6gO5jDLJE/3,781,ni6gO5jDLJE,3,data/Eoin_Macken/1.6/EHtXD7XFeeI/4,1015,EHtXD7XFeeI,4
data/Eddie_McClintock/1.6/Mdk1SXywHck/18,699,Mdk1SXywHck,18,data/Elaine_Cassidy/1.6/XiKRlssBw2M/2,491,XiKRlssBw2M,2
data/Efren_Ramirez/1.6/IvOQNamNtF4/5,915,IvOQNamNtF4,5,data/Edgar_Wright/1.6/3vWez3baO60/3,943,3vWez3baO60,3
data/Eva_Green/1.6/cc5WSHcgkl8/5,833,cc5WSHcgkl8,5,data/Elodie_Yung/1.6/3g9CjhcNEWk/11,270,3g9CjhcNEWk,11
data/Ezra_Miller/1.6/tGEWD2GaiDw/2,106,tGEWD2GaiDw,2,data/Emraan_Hashmi/1.6/azw51ZGuz9k/8,457,azw51ZGuz9k,8
data/Efren_Ramirez/1.6/DTbpchx4xes/11,915,DTbpchx4xes,11,data/Eduardo_Noriega/1.6/tbh20gz_KRA/24,112,tbh20gz_KRA,24
data/Emile_Hirsch/1.6/gTbcgoYXWdU/5,158,gTbcgoYXWdU,5,data/Edgar_Wright/1.6/cytGIvwJ3NA/3,943,cytGIvwJ3NA,3
data/Eleanor_Tomlinson/1.6/qkZNuvX1UNo/3,906,qkZNuvX1UNo,3,data/Ezra_Miller/1.6/tGEWD2GaiDw/6,106,tGEWD2GaiDw,6
data/Edward_Asner/1.6/Pp-rAswo4Xg/26,16,Pp-rAswo4Xg,26,data/Elle_Fanning/1.6/9K2YB1d8BqY/17,1119,9K2YB1d8BqY,17
data/Ezra_Miller/1.6/MJ3skMKNBGM/2,106,MJ3skMKNBGM,2,data/Eugenio_Derbez/1.6/3QrLepYlH6o/15,1066,3QrLepYlH6o,15
data/Emile_Hirsch/1.6/gTbcgoYXWdU/2,158,gTbcgoYXWdU,2,data/Ellen_Wong/1.6/JzNVSA7eFwc/5,1156,JzNVSA7eFwc,5
data/Eoin_Macken/1.6/EHtXD7XFeeI/1,1015,EHtXD7XFeeI,1,data/Elaine_Hendrix/1.6/dX8RBKI2FKc/1,781,dX8RBKI2FKc,1
data/Erin_Andrews/1.6/IwB3vu418E4/6,919,IwB3vu418E4,6,data/Eric_Braeden/1.6/KMM3INYWEeY/4,364,KMM3INYWEeY,4
data/Ed_Westwick/1.6/gO805KoL2RM/2,844,gO805KoL2RM,2,data/Ed_Westwick/1.6/1gtz-CUIygI/10,844,1gtz-CUIygI,10
data/Emraan_Hashmi/1.6/2qlrpSAc9Xs/4,457,2qlrpSAc9Xs,4,data/Erik_Estrada/1.6/6qFnVechX9o/4,1106,6qFnVechX9o,4
data/Emile_Hirsch/1.6/O-V_sInAw5M/1,158,O-V_sInAw5M,1,data/Eleanor_Tomlinson/1.6/zGjY8J48FoE/2,906,zGjY8J48FoE,2
data/Esai_Morales/1.6/2Er-cV85fc4/29,437,2Er-cV85fc4,29,data/Edgar_Wright/1.6/XunbBdgkGwU/1,943,XunbBdgkGwU,1
data/Erik_Estrada/1.6/hjvQiiG71rM/29,1106,hjvQiiG71rM,29,data/Eugenio_Derbez/1.6/nJbBcMdxQU4/14,1066,nJbBcMdxQU4,14
data/Eric_McCormack/1.6/DKDZ6ENKX0o/3,379,DKDZ6ENKX0o,3,data/Eva_Longoria/1.6/120gjdqGWNQ/3,716,120gjdqGWNQ,3
data/Eric_Braeden/1.6/3BRezdwX-4I/4,364,3BRezdwX-4I,4,data/Ed_Westwick/1.6/zWyD72sHVwA/6,844,zWyD72sHVwA,6
data/Ernest_Borgnine/1.6/7byARrJfhlI/4,650,7byARrJfhlI,4,data/Eric_Dane/1.6/nt7dNRvlEHE/3,983,nt7dNRvlEHE,3
data/Ezra_Miller/1.6/0b1inHMAr6o/7,106,0b1inHMAr6o,7,data/Eva_Longoria/1.6/0nH78dDh0N0/17,716,0nH78dDh0N0,17
data/Eva_Green/1.6/tuOl16Buy1Y/6,833,tuOl16Buy1Y,6,data/Edward_Asner/1.6/Pp-rAswo4Xg/36,16,Pp-rAswo4Xg,36
data/Eli_Roth/1.6/p5g1heXp34o/3,753,p5g1heXp34o,3,data/Ezra_Miller/1.6/V_tzoDBiP8A/3,106,V_tzoDBiP8A,3
data/Ezra_Miller/1.6/tGEWD2GaiDw/1,106,tGEWD2GaiDw,1,data/Eugene_Levy/1.6/U5YB7fT0We4/1,166,U5YB7fT0We4,1
data/Eartha_Kitt/1.6/8jEAjG6SegY/15,365,8jEAjG6SegY,15,data/Edward_Asner/1.6/rgcxEM5jOc4/8,16,rgcxEM5jOc4,8
data/Esai_Morales/1.6/ZAMRSlopMWA/5,437,ZAMRSlopMWA,5,data/Eli_Roth/1.6/SwMoq9ZHxpw/4,753,SwMoq9ZHxpw,4
data/Elle_Fanning/1.6/PlJd6NVoigs/3,1119,PlJd6NVoigs,3,data/Eric_Braeden/1.6/1l9B0dz7gjc/10,364,1l9B0dz7gjc,10
data/Eva_Longoria/1.6/yUv37vQWmzE/14,716,yUv37vQWmzE,14,data/Ernest_Borgnine/1.6/8Sz2-IYJ2GA/6,650,8Sz2-IYJ2GA,6
data/Emile_Hirsch/1.6/FAOLWl96MY0/4,158,FAOLWl96MY0,4,data/Ezra_Miller/1.6/rxnN8thYzEQ/12,106,rxnN8thYzEQ,12
data/Ernest_Borgnine/1.6/AsHhZ_bnpQg/7,650,AsHhZ_bnpQg,7,data/Emraan_Hashmi/1.6/2qlrpSAc9Xs/1,457,2qlrpSAc9Xs,1
data/Eli_Roth/1.6/SwMoq9ZHxpw/1,753,SwMoq9ZHxpw,1,data/Eddie_Izzard/1.6/8fKRoUIpAJY/6,113,8fKRoUIpAJY,6
data/Eric_Dane/1.6/kTLpYHUNf5A/1,983,kTLpYHUNf5A,1,data/Eugene_Levy/1.6/JQtDfEz08aU/28,166,JQtDfEz08aU,28
data/Esai_Morales/1.6/2Er-cV85fc4/13,437,2Er-cV85fc4,13,data/Eddie_Kaye_Thomas/1.6/L9q6XabEpEI/7,865,L9q6XabEpEI,7
data/Eva_Green/1.6/2SaEbN8hYz4/2,833,2SaEbN8hYz4,2,data/Ezra_Miller/1.6/RkN41E3gRpc/4,106,RkN41E3gRpc,4
data/Elaine_Hendrix/1.6/qBTOwaSOS-M/1,781,qBTOwaSOS-M,1,data/Emraan_Hashmi/1.6/ya6VNZp-pXw/2,457,ya6VNZp-pXw,2
data/Ernest_Borgnine/1.6/_WKW_Jkdvq8/2,650,_WKW_Jkdvq8,2,data/Eddie_Izzard/1.6/eLl_yTeuaKo/23,113,eLl_yTeuaKo,23
data/Eli_Roth/1.6/H4mDLFeGpLU/3,753,H4mDLFeGpLU,3,data/Eva_Green/1.6/2SaEbN8hYz4/10,833,2SaEbN8hYz4,10
data/Eric_Dane/1.6/NZvythQO-SM/5,983,NZvythQO-SM,5,data/Ernest_Borgnine/1.6/mYSVs_d1aMQ/6,650,mYSVs_d1aMQ,6
data/Edgar_Wright/1.6/5YncBThNd5E/18,943,5YncBThNd5E,18,data/Efren_Ramirez/1.6/4Q1IvdayPR8/13,915,4Q1IvdayPR8,13
data/Eli_Wallach/1.6/7yx9A0yzLYk/17,770,7yx9A0yzLYk,17,data/Ernest_Borgnine/1.6/8EDKH42GZ1o/13,650,8EDKH42GZ1o,13
data/Emraan_Hashmi/1.6/57KbI2UvGss/4,457,57KbI2UvGss,4,data/Elle_Fanning/1.6/9K2YB1d8BqY/9,1119,9K2YB1d8BqY,9
data/Eartha_Kitt/1.6/8jEAjG6SegY/14,365,8jEAjG6SegY,14,data/Eartha_Kitt/1.6/GWXujl-xAVM/34,365,GWXujl-xAVM,34
data/Emraan_Hashmi/1.6/ENIHEvg_VLM/18,457,ENIHEvg_VLM,18,data/Elisabeth_Moss/1.6/d-ZEojJk-rs/4,587,d-ZEojJk-rs,4
data/Emile_Hirsch/1.6/kKQpvHl21Cg/3,158,kKQpvHl21Cg,3,data/Eddie_McClintock/1.6/Mdk1SXywHck/12,699,Mdk1SXywHck,12
data/Ernest_Borgnine/1.6/7byARrJfhlI/11,650,7byARrJfhlI,11,data/Ernest_Borgnine/1.6/8EDKH42GZ1o/24,650,8EDKH42GZ1o,24
data/Ezra_Miller/1.6/qFrRfhWombs/14,106,qFrRfhWombs,14,data/Ernest_Borgnine/1.6/mYSVs_d1aMQ/3,650,mYSVs_d1aMQ,3
data/Esai_Morales/1.6/2Er-cV85fc4/7,437,2Er-cV85fc4,7,data/Eva_Green/1.6/tELtXMqh_xg/5,833,tELtXMqh_xg,5
data/Elaine_Cassidy/1.6/IhCiRuNjZfY/2,491,IhCiRuNjZfY,2,data/Ed_Westwick/1.6/PfcJLmkhGbk/6,844,PfcJLmkhGbk,6
data/Eli_Roth/1.6/H4mDLFeGpLU/1,753,H4mDLFeGpLU,1,data/Edward_Asner/1.6/DSGE2F5sTcg/2,16,DSGE2F5sTcg,2
data/Esai_Morales/1.6/K2_D_tFdAgY/22,437,K2_D_tFdAgY,22,data/Eugene_Levy/1.6/0TJ9sdJiDvA/3,166,0TJ9sdJiDvA,3
data/Eli_Roth/1.6/arklnCzCq48/2,753,arklnCzCq48,2,data/Ezra_Miller/1.6/0cYFdtyWVds/4,106,0cYFdtyWVds,4
data/Eli_Roth/1.6/j5ArtKwbobY/8,753,j5ArtKwbobY,8,data/Ernest_Borgnine/1.6/85wn4sW4CgQ/2,650,85wn4sW4CgQ,2
data/Elle_Fanning/1.6/7I1GtGzVfmw/7,1119,7I1GtGzVfmw,7,data/Edgar_Wright/1.6/AeZoMAJ4Ejs/8,943,AeZoMAJ4Ejs,8
data/Elle_Fanning/1.6/lJQTN_wK9vA/3,1119,lJQTN_wK9vA,3,data/Eli_Wallach/1.6/RNYNkXzY5Hk/8,770,RNYNkXzY5Hk,8
data/Ezra_Miller/1.6/tGEWD2GaiDw/4,106,tGEWD2GaiDw,4,data/Eartha_Kitt/1.6/GWXujl-xAVM/39,365,GWXujl-xAVM,39
data/Elodie_Yung/1.6/GIhCMsZrHF0/1,270,GIhCMsZrHF0,1,data/Emraan_Hashmi/1.6/ya6VNZp-pXw/12,457,ya6VNZp-pXw,12
data/Eugene_Levy/1.6/HTL8iLI75TY/7,166,HTL8iLI75TY,7,data/Ed_Westwick/1.6/gO805KoL2RM/4,844,gO805KoL2RM,4
data/Elle_Fanning/1.6/DPPq8w5ILrA/1,1119,DPPq8w5ILrA,1,data/Esai_Morales/1.6/VRCidrXwd1s/27,437,VRCidrXwd1s,27
data/Eugenio_Derbez/1.6/nJbBcMdxQU4/4,1066,nJbBcMdxQU4,4,data/Erik_Estrada/1.6/6qFnVechX9o/13,1106,6qFnVechX9o,13
data/Eva_Longoria/1.6/xypgI0Y-bFA/1,716,xypgI0Y-bFA,1,data/Esai_Morales/1.6/K2_D_tFdAgY/3,437,K2_D_tFdAgY,3
data/Ezra_Miller/1.6/XMLMvfrgdzY/14,106,XMLMvfrgdzY,14,data/Eugene_Levy/1.6/FJOvOooCIvs/7,166,FJOvOooCIvs,7
data/Eli_Roth/1.6/u3s9xdUlmmk/5,753,u3s9xdUlmmk,5,data/Eric_McCormack/1.6/SKwsA_nq1P8/4,379,SKwsA_nq1P8,4
data/Eoin_Macken/1.6/k1jiAINXHRI/2,1015,k1jiAINXHRI,2,data/Eva_Longoria/1.6/120gjdqGWNQ/19,716,120gjdqGWNQ,19
data/Eugene_Levy/1.6/o9bD_E99Jpg/9,166,o9bD_E99Jpg,9,data/Eugene_Levy/1.6/0TJ9sdJiDvA/7,166,0TJ9sdJiDvA,7
data/Eoin_Macken/1.6/k1jiAINXHRI/26,1015,k1jiAINXHRI,26,data/Elle_Fanning/1.6/mYc2BIS0zWU/4,1119,mYc2BIS0zWU,4
data/Efren_Ramirez/1.6/nTPJ6asPSV0/5,915,nTPJ6asPSV0,5,data/Eartha_Kitt/1.6/8jEAjG6SegY/3,365,8jEAjG6SegY,3
data/Eoin_Macken/1.6/k1jiAINXHRI/18,1015,k1jiAINXHRI,18,data/Evanna_Lynch/1.6/sLv-3TCu2fE/3,1129,sLv-3TCu2fE,3
data/Ellen_Burstyn/1.6/I99R40TUF1s/1,268,I99R40TUF1s,1,data/Estelle_Harris/1.6/LKDWhdJQFco/2,518,LKDWhdJQFco,2
data/Esai_Morales/1.6/K2IuvkS1s38/3,437,K2IuvkS1s38,3,data/Eddie_Izzard/1.6/xN2fSTQHHkw/6,113,xN2fSTQHHkw,6
data/Esai_Morales/1.6/VRCidrXwd1s/41,437,VRCidrXwd1s,41,data/Eric_McCormack/1.6/z2AISmwaXjo/2,379,z2AISmwaXjo,2
data/Ellen_Burstyn/1.6/MHoaMi5hKkE/2,268,MHoaMi5hKkE,2,data/Eva_Longoria/1.6/yUv37vQWmzE/6,716,yUv37vQWmzE,6
data/Elisabeth_Moss/1.6/thghCiJZYwI/5,587,thghCiJZYwI,5,data/Eddie_Izzard/1.6/SgBON1gLfbo/4,113,SgBON1gLfbo,4
data/Eddie_Izzard/1.6/oBaIbyCrTVw/10,113,oBaIbyCrTVw,10,data/Emraan_Hashmi/1.6/ETJd_jPboYc/1,457,ETJd_jPboYc,1
data/Eugene_Levy/1.6/HTL8iLI75TY/3,166,HTL8iLI75TY,3,data/Esai_Morales/1.6/2Er-cV85fc4/22,437,2Er-cV85fc4,22
data/Eric_Dane/1.6/K1gPy1UKmBE/5,983,K1gPy1UKmBE,5,data/Eva_Longoria/1.6/IASj5B-pAyM/7,716,IASj5B-pAyM,7
data/Emile_Hirsch/1.6/HYiqXC0B3iY/12,158,HYiqXC0B3iY,12,data/Ernest_Borgnine/1.6/xiFC4HwUcww/6,650,xiFC4HwUcww,6
data/Efren_Ramirez/1.6/4Q1IvdayPR8/1,915,4Q1IvdayPR8,1,data/Eva_Longoria/1.6/cR5FfR4TbEI/8,716,cR5FfR4TbEI,8
data/Ezra_Miller/1.6/3qX7bbJ17lY/3,106,3qX7bbJ17lY,3,data/Edward_Asner/1.6/s_rtHBpzrQc/2,16,s_rtHBpzrQc,2
data/Elisabeth_Moss/1.6/uArtiTSTnSU/15,587,uArtiTSTnSU,15,data/Eartha_Kitt/1.6/x6uYqmx31kE/17,365,x6uYqmx31kE,17
data/Emraan_Hashmi/1.6/gm6PJowclv0/8,457,gm6PJowclv0,8,data/Elisabeth_Moss/1.6/LbFFEF1pHO0/8,587,LbFFEF1pHO0,8
data/Efren_Ramirez/1.6/4Q1IvdayPR8/17,915,4Q1IvdayPR8,17,data/Eli_Roth/1.6/N69Hp2DGMLk/7,753,N69Hp2DGMLk,7
data/Eric_Roberts/1.6/lF4tSoY-iF4/1,687,lF4tSoY-iF4,1,data/Eric_Braeden/1.6/oTRparDs-84/6,364,oTRparDs-84,6
data/Eddie_Kaye_Thomas/1.6/89UnsytX6Y8/4,865,89UnsytX6Y8,4,data/Eli_Roth/1.6/vaK4t1-WD4M/19,753,vaK4t1-WD4M,19
data/Eva_Longoria/1.6/c_aEjTGGhZ4/10,716,c_aEjTGGhZ4,10,data/Ernest_Borgnine/1.6/8Sz2-IYJ2GA/8,650,8Sz2-IYJ2GA,8
data/Eddie_Griffin/1.6/dkN2DIBrXqQ/6,1014,dkN2DIBrXqQ,6,data/Eartha_Kitt/1.6/GWXujl-xAVM/44,365,GWXujl-xAVM,44
data/Eartha_Kitt/1.6/8jEAjG6SegY/38,365,8jEAjG6SegY,38,data/Ernest_Borgnine/1.6/8EDKH42GZ1o/35,650,8EDKH42GZ1o,35
data/Edgar_Wright/1.6/CooJzMgoxzw/4,943,CooJzMgoxzw,4,data/Emraan_Hashmi/1.6/2qlrpSAc9Xs/2,457,2qlrpSAc9Xs,2
data/Eva_Longoria/1.6/yUv37vQWmzE/5,716,yUv37vQWmzE,5,data/Emile_Hirsch/1.6/A3QwQ3D35rc/8,158,A3QwQ3D35rc,8
data/Eva_Longoria/1.6/IASj5B-pAyM/8,716,IASj5B-pAyM,8,data/Eoin_Macken/1.6/uYi5KwUCqGU/1,1015,uYi5KwUCqGU,1
data/Edward_Asner/1.6/shA_TsV-PFs/5,16,shA_TsV-PFs,5,data/Esai_Morales/1.6/2Er-cV85fc4/28,437,2Er-cV85fc4,28
data/Edgar_Wright/1.6/HrA2BLcLApA/20,943,HrA2BLcLApA,20,data/Erik_Estrada/1.6/hjvQiiG71rM/14,1106,hjvQiiG71rM,14
data/Emraan_Hashmi/1.6/YvmWRnJnTz0/4,457,YvmWRnJnTz0,4,data/Edward_Asner/1.6/fvX1Vtx3sNo/1,16,fvX1Vtx3sNo,1
data/Eugene_Levy/1.6/CN6JpPYbHCQ/5,166,CN6JpPYbHCQ,5,data/Evanna_Lynch/1.6/XQWpVt5n3Ic/6,1129,XQWpVt5n3Ic,6
data/Emraan_Hashmi/1.6/ya6VNZp-pXw/11,457,ya6VNZp-pXw,11,data/Emraan_Hashmi/1.6/ENIHEvg_VLM/21,457,ENIHEvg_VLM,21
data/Eva_Green/1.6/uzt36PBzT2w/1,833,uzt36PBzT2w,1,data/Ernest_Borgnine/1.6/fAe7DXqrZls/2,650,fAe7DXqrZls,2
data/Eartha_Kitt/1.6/OhfKF8FSq3Y/1,365,OhfKF8FSq3Y,1,data/Elaine_Hendrix/1.6/eso-dEmfC_c/1,781,eso-dEmfC_c,1
data/Eduardo_Noriega/1.6/cELY3LdIo-0/3,112,cELY3LdIo-0,3,data/Ed_Westwick/1.6/PfcJLmkhGbk/8,844,PfcJLmkhGbk,8
data/Elisabeth_Moss/1.6/FUqAFZmZJ80/20,587,FUqAFZmZJ80,20,data/Emile_Hirsch/1.6/1wx7tV3CrD0/1,158,1wx7tV3CrD0,1
data/Emile_Hirsch/1.6/HYiqXC0B3iY/21,158,HYiqXC0B3iY,21,data/Eddie_Izzard/1.6/gHPh9j7lc58/2,113,gHPh9j7lc58,2
data/Eli_Roth/1.6/GcHWzqveqyc/6,753,GcHWzqveqyc,6,data/Eric_Dane/1.6/WxDEVkQKPow/2,983,WxDEVkQKPow,2
data/Emile_Hirsch/1.6/BTnbKeUJ5r8/1,158,BTnbKeUJ5r8,1,data/Ezra_Miller/1.6/XMLMvfrgdzY/2,106,XMLMvfrgdzY,2
data/Eugenio_Derbez/1.6/ZLzkvnq0JxI/8,1066,ZLzkvnq0JxI,8,data/Esai_Morales/1.6/2Er-cV85fc4/30,437,2Er-cV85fc4,30
data/Eddie_Izzard/1.6/5TWpQYtboq0/9,113,5TWpQYtboq0,9,data/Ernest_Borgnine/1.6/fAe7DXqrZls/7,650,fAe7DXqrZls,7
data/Eli_Wallach/1.6/7yx9A0yzLYk/25,770,7yx9A0yzLYk,25,data/Emily_Atack/1.6/uiBjIKX_0l8/4,871,uiBjIKX_0l8,4
data/Eduardo_Noriega/1.6/tbh20gz_KRA/16,112,tbh20gz_KRA,16,data/Eddie_Izzard/1.6/eLl_yTeuaKo/14,113,eLl_yTeuaKo,14
data/Eli_Wallach/1.6/7yx9A0yzLYk/14,770,7yx9A0yzLYk,14,data/Edgar_Wright/1.6/AeZoMAJ4Ejs/16,943,AeZoMAJ4Ejs,16
data/Emraan_Hashmi/1.6/gm6PJowclv0/17,457,gm6PJowclv0,17,data/Ellen_Wong/1.6/A3ZvNuG8_oM/3,1156,A3ZvNuG8_oM,3
data/Emraan_Hashmi/1.6/ENIHEvg_VLM/15,457,ENIHEvg_VLM,15,data/Eugene_Levy/1.6/o9bD_E99Jpg/2,166,o9bD_E99Jpg,2
data/Ellen_Wong/1.6/A3ZvNuG8_oM/1,1156,A3ZvNuG8_oM,1,data/Eddie_McClintock/1.6/LqcUAxrtYOk/2,699,LqcUAxrtYOk,2
data/Eli_Wallach/1.6/Uzxv7Axh3Z8/1,770,Uzxv7Axh3Z8,1,data/Ernest_Borgnine/1.6/1ZyvrJaiLQk/34,650,1ZyvrJaiLQk,34
data/Ernest_Borgnine/1.6/1ZyvrJaiLQk/33,650,1ZyvrJaiLQk,33,data/Eoin_Macken/1.6/Mp1IXRquJ9s/2,1015,Mp1IXRquJ9s,2
data/Eric_Braeden/1.6/zIkTBKfnbso/4,364,zIkTBKfnbso,4,data/Edgar_Wright/1.6/FDhJhEu0JUM/4,943,FDhJhEu0JUM,4
data/Ernest_Borgnine/1.6/xiFC4HwUcww/8,650,xiFC4HwUcww,8,data/Emraan_Hashmi/1.6/v6MWr5UAZ94/6,457,v6MWr5UAZ94,6
data/Eric_Roberts/1.6/3vnz4Iy5fMg/2,687,3vnz4Iy5fMg,2,data/Eric_Braeden/1.6/1l9B0dz7gjc/1,364,1l9B0dz7gjc,1
data/Eddie_Griffin/1.6/dkN2DIBrXqQ/2,1014,dkN2DIBrXqQ,2,data/Eoin_Macken/1.6/_FHcnO0b5hE/4,1015,_FHcnO0b5hE,4
data/Erik_Estrada/1.6/Cjt5DP6qc5Q/7,1106,Cjt5DP6qc5Q,7,data/Ezra_Miller/1.6/qFrRfhWombs/3,106,qFrRfhWombs,3
data/Elaine_Cassidy/1.6/NXjT3732Ekg/1,491,NXjT3732Ekg,1,data/Edward_Asner/1.6/Pp-rAswo4Xg/27,16,Pp-rAswo4Xg,27
data/Eartha_Kitt/1.6/OhfKF8FSq3Y/2,365,OhfKF8FSq3Y,2,data/Elle_Fanning/1.6/7I1GtGzVfmw/13,1119,7I1GtGzVfmw,13
data/Evanna_Lynch/1.6/ygGJs_Rh7ds/3,1129,ygGJs_Rh7ds,3,data/Ellen_Wong/1.6/R4S2c-NiPfA/3,1156,R4S2c-NiPfA,3
data/Eli_Roth/1.6/clznvDi-ybg/8,753,clznvDi-ybg,8,data/Elle_Fanning/1.6/PlJd6NVoigs/5,1119,PlJd6NVoigs,5
data/Ed_Westwick/1.6/zWyD72sHVwA/8,844,zWyD72sHVwA,8,data/Eoin_Macken/1.6/vD3qGRbmXws/10,1015,vD3qGRbmXws,10
data/Eli_Wallach/1.6/RNYNkXzY5Hk/2,770,RNYNkXzY5Hk,2,data/Eoin_Macken/1.6/MHOCv7pOmG4/3,1015,MHOCv7pOmG4,3
data/Eva_Green/1.6/C3AhSlYJd3w/7,833,C3AhSlYJd3w,7,data/Emily_Atack/1.6/TMCTm7GxiDE/9,871,TMCTm7GxiDE,9
data/Ernest_Borgnine/1.6/1ZyvrJaiLQk/31,650,1ZyvrJaiLQk,31,data/Eoin_Macken/1.6/vD3qGRbmXws/2,1015,vD3qGRbmXws,2
data/Eugenio_Derbez/1.6/cpXXdMJuCdw/2,1066,cpXXdMJuCdw,2,data/Eugene_Levy/1.6/hDBMV_0Vz4E/1,166,hDBMV_0Vz4E,1
data/Eoin_Macken/1.6/nAtqrkWKIhM/7,1015,nAtqrkWKIhM,7,data/Eddie_Griffin/1.6/BlqlndM-quU/1,1014,BlqlndM-quU,1
data/Elisabeth_Moss/1.6/uArtiTSTnSU/4,587,uArtiTSTnSU,4,data/Eddie_Izzard/1.6/ZpPPaMazpf0/9,113,ZpPPaMazpf0,9
data/Ernest_Borgnine/1.6/Xroutc-3_SU/4,650,Xroutc-3_SU,4,data/Edward_Asner/1.6/rgcxEM5jOc4/6,16,rgcxEM5jOc4,6
data/Erik_Estrada/1.6/6qFnVechX9o/10,1106,6qFnVechX9o,10,data/Eva_Longoria/1.6/yUv37vQWmzE/16,716,yUv37vQWmzE,16
data/Erik_Estrada/1.6/6qFnVechX9o/22,1106,6qFnVechX9o,22,data/Eugenio_Derbez/1.6/nJbBcMdxQU4/5,1066,nJbBcMdxQU4,5
data/Eric_Roberts/1.6/kWOMY99knWI/3,687,kWOMY99knWI,3,data/Ernest_Borgnine/1.6/Fi8lnFPYgII/16,650,Fi8lnFPYgII,16
data/Eva_Green/1.6/U4FY88wt4w8/2,833,U4FY88wt4w8,2,data/Eric_McCormack/1.6/SKwsA_nq1P8/7,379,SKwsA_nq1P8,7
data/Edgar_Wright/1.6/3vWez3baO60/14,943,3vWez3baO60,14,data/Emile_Hirsch/1.6/FAOLWl96MY0/10,158,FAOLWl96MY0,10
data/Eddie_Izzard/1.6/ZpPPaMazpf0/8,113,ZpPPaMazpf0,8,data/Emraan_Hashmi/1.6/2qlrpSAc9Xs/14,457,2qlrpSAc9Xs,14
data/Efren_Ramirez/1.6/IvOQNamNtF4/3,915,IvOQNamNtF4,3,data/Erik_Estrada/1.6/DWT9P35cXT4/10,1106,DWT9P35cXT4,10
data/Eduardo_Noriega/1.6/tbh20gz_KRA/27,112,tbh20gz_KRA,27,data/Eugene_Levy/1.6/FJOvOooCIvs/6,166,FJOvOooCIvs,6
data/Eric_Roberts/1.6/utAY0zpsv1U/4,687,utAY0zpsv1U,4,data/Ezra_Miller/1.6/rqaAm4bEsXc/10,106,rqaAm4bEsXc,10
data/Eoin_Macken/1.6/rZQMeH1FCvM/7,1015,rZQMeH1FCvM,7,data/Emile_Hirsch/1.6/cIi74VD0LF0/8,158,cIi74VD0LF0,8
data/Eoin_Macken/1.6/k1jiAINXHRI/6,1015,k1jiAINXHRI,6,data/Elle_Fanning/1.6/7I1GtGzVfmw/6,1119,7I1GtGzVfmw,6
data/Eddie_Izzard/1.6/ZpPPaMazpf0/18,113,ZpPPaMazpf0,18,data/Estelle_Harris/1.6/VCEs8oAQAiM/12,518,VCEs8oAQAiM,12
data/Emily_Atack/1.6/0kSotQgmwoI/1,871,0kSotQgmwoI,1,data/Ellen_Wong/1.6/R4S2c-NiPfA/1,1156,R4S2c-NiPfA,1
data/Eddie_Griffin/1.6/wb6ligRbbZ4/6,1014,wb6ligRbbZ4,6,data/Esai_Morales/1.6/K2_D_tFdAgY/10,437,K2_D_tFdAgY,10
data/Eddie_Griffin/1.6/olePnztkm6U/12,1014,olePnztkm6U,12,data/Elodie_Yung/1.6/fGlKVvjgUdY/12,270,fGlKVvjgUdY,12
data/Eugene_Levy/1.6/zV7LlMi0eHo/3,166,zV7LlMi0eHo,3,data/Elle_Fanning/1.6/gkDeAS985L4/1,1119,gkDeAS985L4,1
data/Eric_McCormack/1.6/LUFoMNPpdbY/2,379,LUFoMNPpdbY,2,data/Edward_Asner/1.6/LVXvQzNatXI/2,16,LVXvQzNatXI,2
data/Eva_Green/1.6/tuOl16Buy1Y/1,833,tuOl16Buy1Y,1,data/Ernest_Borgnine/1.6/1ZyvrJaiLQk/1,650,1ZyvrJaiLQk,1
data/Eddie_Kaye_Thomas/1.6/wH6ebv-K8AA/9,865,wH6ebv-K8AA,9,data/Emily_Atack/1.6/oa10caYOOzk/1,871,oa10caYOOzk,1
data/Elle_Fanning/1.6/9K2YB1d8BqY/11,1119,9K2YB1d8BqY,11,data/Elle_Fanning/1.6/Qkll9n7U5ak/9,1119,Qkll9n7U5ak,9
data/Ernest_Borgnine/1.6/AytdA2W0Y_M/3,650,AytdA2W0Y_M,3,data/Elle_Fanning/1.6/9K2YB1d8BqY/6,1119,9K2YB1d8BqY,6
data/Elaine_Hendrix/1.6/RDFdX3VxjUQ/25,781,RDFdX3VxjUQ,25,data/Emile_Hirsch/1.6/kKQpvHl21Cg/7,158,kKQpvHl21Cg,7
data/Edward_Asner/1.6/YCDc61CNs3c/1,16,YCDc61CNs3c,1,data/Erik_Estrada/1.6/8v0-r8HKI_0/3,1106,8v0-r8HKI_0,3
data/Elaine_Cassidy/1.6/PQBBKBYGWgU/4,491,PQBBKBYGWgU,4,data/Eoin_Macken/1.6/OMOpC0gi-gQ/4,1015,OMOpC0gi-gQ,4
data/Eva_Longoria/1.6/bLrL6c37TYI/2,716,bLrL6c37TYI,2,data/Emraan_Hashmi/1.6/azw51ZGuz9k/6,457,azw51ZGuz9k,6
data/Eva_Longoria/1.6/cR5FfR4TbEI/4,716,cR5FfR4TbEI,4,data/Edgar_Wright/1.6/HrA2BLcLApA/9,943,HrA2BLcLApA,9
data/Eddie_Izzard/1.6/Ed918auNI0Y/6,113,Ed918auNI0Y,6,data/Eddie_Griffin/1.6/dkN2DIBrXqQ/8,1014,dkN2DIBrXqQ,8
data/Edward_Asner/1.6/Pp-rAswo4Xg/29,16,Pp-rAswo4Xg,29,data/Esai_Morales/1.6/ZAMRSlopMWA/2,437,ZAMRSlopMWA,2
data/Eugene_Levy/1.6/JQtDfEz08aU/7,166,JQtDfEz08aU,7,data/Emily_Atack/1.6/d2Lasybvo7s/8,871,d2Lasybvo7s,8
data/Eva_Longoria/1.6/UJYGukVojNM/1,716,UJYGukVojNM,1,data/Elle_Fanning/1.6/DPPq8w5ILrA/6,1119,DPPq8w5ILrA,6
data/Eleanor_Tomlinson/1.6/s4X9cwCCnFo/6,906,s4X9cwCCnFo,6,data/Eric_Dane/1.6/3tvnlmkCiTw/13,983,3tvnlmkCiTw,13
data/Ernest_Borgnine/1.6/8EDKH42GZ1o/34,650,8EDKH42GZ1o,34,data/Eva_Green/1.6/SBO7kM1IPaY/8,833,SBO7kM1IPaY,8
data/Edgar_Wright/1.6/FDhJhEu0JUM/7,943,FDhJhEu0JUM,7,data/Esai_Morales/1.6/2Er-cV85fc4/9,437,2Er-cV85fc4,9
data/Evanna_Lynch/1.6/rgpPBT4yQcg/2,1129,rgpPBT4yQcg,2,data/Ernest_Borgnine/1.6/Fi8lnFPYgII/20,650,Fi8lnFPYgII,20
data/Eric_Dane/1.6/K1gPy1UKmBE/15,983,K1gPy1UKmBE,15,data/Eric_Braeden/1.6/L812MIi7ruk/5,364,L812MIi7ruk,5
data/Eli_Roth/1.6/rUnfAxF1dJI/1,753,rUnfAxF1dJI,1,data/Ernest_Borgnine/1.6/2cAiIYHfon0/18,650,2cAiIYHfon0,18
data/Elodie_Yung/1.6/3g9CjhcNEWk/2,270,3g9CjhcNEWk,2,data/Edward_Asner/1.6/LVXvQzNatXI/1,16,LVXvQzNatXI,1
data/Ernest_Borgnine/1.6/7byARrJfhlI/2,650,7byARrJfhlI,2,data/Emile_Hirsch/1.6/cIi74VD0LF0/7,158,cIi74VD0LF0,7
data/Elaine_Cassidy/1.6/9AtE4C309P8/12,491,9AtE4C309P8,12,data/Eddie_Griffin/1.6/dkN2DIBrXqQ/5,1014,dkN2DIBrXqQ,5
data/Eli_Wallach/1.6/Uzxv7Axh3Z8/3,770,Uzxv7Axh3Z8,3,data/Edgar_Wright/1.6/AeZoMAJ4Ejs/2,943,AeZoMAJ4Ejs,2
data/Erik_Estrada/1.6/qrJ0fQJP5gs/1,1106,qrJ0fQJP5gs,1,data/Eric_Dane/1.6/NkqrS8yJOL0/5,983,NkqrS8yJOL0,5
data/Edward_Asner/1.6/WZ6rcARSDqs/2,16,WZ6rcARSDqs,2,data/Elodie_Yung/1.6/8l5ZnDf-FUA/8,270,8l5ZnDf-FUA,8
data/Eva_Longoria/1.6/c_aEjTGGhZ4/12,716,c_aEjTGGhZ4,12,data/Eric_McCormack/1.6/_BVSKK5mGnY/6,379,_BVSKK5mGnY,6
data/Eddie_Izzard/1.6/8cfyJEV7hP8/15,113,8cfyJEV7hP8,15,data/Eugene_Levy/1.6/JQtDfEz08aU/33,166,JQtDfEz08aU,33
data/Ernest_Borgnine/1.6/8EDKH42GZ1o/18,650,8EDKH42GZ1o,18,data/Elodie_Yung/1.6/fGlKVvjgUdY/8,270,fGlKVvjgUdY,8
data/Eugene_Levy/1.6/GRv7pEnTwUc/6,166,GRv7pEnTwUc,6,data/Emraan_Hashmi/1.6/v11Ek20Zaws/1,457,v11Ek20Zaws,1
data/Eddie_Izzard/1.6/eLl_yTeuaKo/17,113,eLl_yTeuaKo,17,data/Eoin_Macken/1.6/vD3qGRbmXws/8,1015,vD3qGRbmXws,8
data/Eddie_McClintock/1.6/Mdk1SXywHck/24,699,Mdk1SXywHck,24,data/Elisabeth_Moss/1.6/m-uILToQ9ss/11,587,m-uILToQ9ss,11
data/Esai_Morales/1.6/K2_D_tFdAgY/6,437,K2_D_tFdAgY,6,data/Eva_Green/1.6/5jsUg3uxG-E/4,833,5jsUg3uxG-E,4
data/Efren_Ramirez/1.6/4Q1IvdayPR8/19,915,4Q1IvdayPR8,19,data/Estelle_Harris/1.6/VCEs8oAQAiM/2,518,VCEs8oAQAiM,2
data/Edgar_Wright/1.6/3vWez3baO60/7,943,3vWez3baO60,7,data/Elle_Fanning/1.6/isKyMAYUOgg/5,1119,isKyMAYUOgg,5
data/Edward_Asner/1.6/Pp-rAswo4Xg/19,16,Pp-rAswo4Xg,19,data/Elaine_Hendrix/1.6/RDFdX3VxjUQ/3,781,RDFdX3VxjUQ,3
data/Eddie_Izzard/1.6/prqT1CcDqMc/23,113,prqT1CcDqMc,23,data/Eva_Longoria/1.6/IASj5B-pAyM/5,716,IASj5B-pAyM,5
data/Eva_Longoria/1.6/yUv37vQWmzE/8,716,yUv37vQWmzE,8,data/Ed_Westwick/1.6/_YimahVgI1A/5,844,_YimahVgI1A,5
data/Eddie_Izzard/1.6/8fKRoUIpAJY/8,113,8fKRoUIpAJY,8,data/Ernie_Hudson/1.6/AeRSD9jIdSg/7,1132,AeRSD9jIdSg,7
data/Eric_Roberts/1.6/kWOMY99knWI/2,687,kWOMY99knWI,2,data/Ernest_Borgnine/1.6/1ZyvrJaiLQk/5,650,1ZyvrJaiLQk,5
data/Emraan_Hashmi/1.6/3kzw8lTcUBU/17,457,3kzw8lTcUBU,17,data/Eddie_Izzard/1.6/prqT1CcDqMc/3,113,prqT1CcDqMc,3
data/Eli_Wallach/1.6/7yx9A0yzLYk/16,770,7yx9A0yzLYk,16,data/Edward_Asner/1.6/U4eRLL_--14/3,16,U4eRLL_--14,3
data/Ernest_Borgnine/1.6/mYSVs_d1aMQ/1,650,mYSVs_d1aMQ,1,data/Elaine_Cassidy/1.6/9AtE4C309P8/7,491,9AtE4C309P8,7
data/Eric_Dane/1.6/3tvnlmkCiTw/11,983,3tvnlmkCiTw,11,data/Eric_McCormack/1.6/z2AISmwaXjo/3,379,z2AISmwaXjo,3
data/Ernest_Borgnine/1.6/_WKW_Jkdvq8/6,650,_WKW_Jkdvq8,6,data/Eleanor_Tomlinson/1.6/qkZNuvX1UNo/8,906,qkZNuvX1UNo,8
data/Eleanor_Tomlinson/1.6/IDA_ElNHLn4/2,906,IDA_ElNHLn4,2,data/Edward_Asner/1.6/s_rtHBpzrQc/1,16,s_rtHBpzrQc,1
data/Emile_Hirsch/1.6/dDnqp9503Mg/7,158,dDnqp9503Mg,7,data/Ellen_Wong/1.6/dRr05CxK0jQ/5,1156,dRr05CxK0jQ,5
data/Emraan_Hashmi/1.6/2qlrpSAc9Xs/17,457,2qlrpSAc9Xs,17,data/Eddie_Izzard/1.6/8fKRoUIpAJY/15,113,8fKRoUIpAJY,15
data/Eli_Roth/1.6/vaK4t1-WD4M/43,753,vaK4t1-WD4M,43,data/Eugene_Levy/1.6/jUSC4i_eGHs/2,166,jUSC4i_eGHs,2
data/Ernest_Borgnine/1.6/1ZyvrJaiLQk/18,650,1ZyvrJaiLQk,18,data/Eddie_Izzard/1.6/GRB1GXRafiY/5,113,GRB1GXRafiY,5
data/Esai_Morales/1.6/D6gaRV0xtf8/1,437,D6gaRV0xtf8,1,data/Ed_Westwick/1.6/37nktPRUJ58/1,844,37nktPRUJ58,1
data/Emile_Hirsch/1.6/T1y64qFjv3M/7,158,T1y64qFjv3M,7,data/Ed_Westwick/1.6/1gtz-CUIygI/8,844,1gtz-CUIygI,8
data/Eddie_Kaye_Thomas/1.6/O9xLIdaUG-k/1,865,O9xLIdaUG-k,1,data/Eduardo_Noriega/1.6/tbh20gz_KRA/19,112,tbh20gz_KRA,19
data/Eddie_Izzard/1.6/eLl_yTeuaKo/11,113,eLl_yTeuaKo,11,data/Ezra_Miller/1.6/uTOEzdTJNmU/3,106,uTOEzdTJNmU,3
data/Emraan_Hashmi/1.6/3kzw8lTcUBU/19,457,3kzw8lTcUBU,19,data/Ezra_Miller/1.6/0cYFdtyWVds/2,106,0cYFdtyWVds,2
data/Esai_Morales/1.6/ekqJava7sdE/1,437,ekqJava7sdE,1,data/Emraan_Hashmi/1.6/8V_8hA4-HFE/3,457,8V_8hA4-HFE,3
data/Edgar_Wright/1.6/AeZoMAJ4Ejs/6,943,AeZoMAJ4Ejs,6,data/Eli_Roth/1.6/N69Hp2DGMLk/5,753,N69Hp2DGMLk,5
data/Eddie_Izzard/1.6/8fKRoUIpAJY/9,113,8fKRoUIpAJY,9,data/Ezra_Miller/1.6/vobW27_-JyQ/13,106,vobW27_-JyQ,13
data/Eduardo_Noriega/1.6/tbh20gz_KRA/13,112,tbh20gz_KRA,13,data/Eli_Wallach/1.6/RNYNkXzY5Hk/12,770,RNYNkXzY5Hk,12
data/Edgar_Wright/1.6/cytGIvwJ3NA/2,943,cytGIvwJ3NA,2,data/Ernest_Borgnine/1.6/AytdA2W0Y_M/5,650,AytdA2W0Y_M,5
data/Elle_Fanning/1.6/a3QzK5pWpI4/1,1119,a3QzK5pWpI4,1,data/Elle_Fanning/1.6/mmFmN0OPhKs/2,1119,mmFmN0OPhKs,2
data/Eva_Green/1.6/kQOkcEZUpJ4/4,833,kQOkcEZUpJ4,4,data/Eugenio_Derbez/1.6/vbDKF8bZJQA/1,1066,vbDKF8bZJQA,1
data/Elaine_Hendrix/1.6/ni6gO5jDLJE/7,781,ni6gO5jDLJE,7,data/Eric_Dane/1.6/K1gPy1UKmBE/12,983,K1gPy1UKmBE,12
data/Elodie_Yung/1.6/8l5ZnDf-FUA/16,270,8l5ZnDf-FUA,16,data/Eddie_McClintock/1.6/QjrBKqx_Xeo/4,699,QjrBKqx_Xeo,4
data/Eric_McCormack/1.6/mQ5JkSVET7c/2,379,mQ5JkSVET7c,2,data/Eoin_Macken/1.6/BbAymRBSpPM/4,1015,BbAymRBSpPM,4
data/Emraan_Hashmi/1.6/ENIHEvg_VLM/9,457,ENIHEvg_VLM,9,data/Estelle_Harris/1.6/R5JGtwc4o1M/19,518,R5JGtwc4o1M,19
data/Eddie_Kaye_Thomas/1.6/wH6ebv-K8AA/1,865,wH6ebv-K8AA,1,data/Eva_Green/1.6/ux1zzNHqQI8/1,833,ux1zzNHqQI8,1
data/Ernest_Borgnine/1.6/fAe7DXqrZls/16,650,fAe7DXqrZls,16,data/Eddie_McClintock/1.6/CVUXDNZzcmA/9,699,CVUXDNZzcmA,9
data/Eddie_McClintock/1.6/cFv9Ofrmc9k/1,699,cFv9Ofrmc9k,1,data/Eduardo_Noriega/1.6/8rby6ETXo8Q/1,112,8rby6ETXo8Q,1
data/Edgar_Wright/1.6/lWeNK_hi-aI/2,943,lWeNK_hi-aI,2,data/Elaine_Hendrix/1.6/ni6gO5jDLJE/13,781,ni6gO5jDLJE,13
data/Eddie_Izzard/1.6/8fKRoUIpAJY/7,113,8fKRoUIpAJY,7,data/Erik_Estrada/1.6/gNR5NHzd3o0/1,1106,gNR5NHzd3o0,1
data/Ernie_Hudson/1.6/vhzF7dhGJzI/1,1132,vhzF7dhGJzI,1,data/Estelle_Harris/1.6/VCEs8oAQAiM/16,518,VCEs8oAQAiM,16
data/Elodie_Yung/1.6/3g9CjhcNEWk/12,270,3g9CjhcNEWk,12,data/Emraan_Hashmi/1.6/57KbI2UvGss/8,457,57KbI2UvGss,8
data/Eli_Wallach/1.6/Uzxv7Axh3Z8/5,770,Uzxv7Axh3Z8,5,data/Eddie_Izzard/1.6/8fKRoUIpAJY/5,113,8fKRoUIpAJY,5
data/Eli_Wallach/1.6/RNYNkXzY5Hk/11,770,RNYNkXzY5Hk,11,data/Edgar_Wright/1.6/YloBWJxXzMI/11,943,YloBWJxXzMI,11
data/Emile_Hirsch/1.6/T1y64qFjv3M/3,158,T1y64qFjv3M,3,data/Ed_Westwick/1.6/gO805KoL2RM/3,844,gO805KoL2RM,3
data/Estelle_Harris/1.6/VCEs8oAQAiM/21,518,VCEs8oAQAiM,21,data/Eoin_Macken/1.6/k1jiAINXHRI/10,1015,k1jiAINXHRI,10
data/Eli_Roth/1.6/j8UugkSTzzk/7,753,j8UugkSTzzk,7,data/Elisabeth_Moss/1.6/FUqAFZmZJ80/17,587,FUqAFZmZJ80,17
data/Elisabeth_Moss/1.6/dG-z37iVdzA/1,587,dG-z37iVdzA,1,data/Ezra_Miller/1.6/rqaAm4bEsXc/11,106,rqaAm4bEsXc,11
data/Eddie_McClintock/1.6/QjrBKqx_Xeo/3,699,QjrBKqx_Xeo,3,data/Eric_Roberts/1.6/o1EKUvjvNHY/3,687,o1EKUvjvNHY,3
data/Ezra_Miller/1.6/3qX7bbJ17lY/2,106,3qX7bbJ17lY,2,data/Eoin_Macken/1.6/TwfthltapLg/11,1015,TwfthltapLg,11
data/Ernest_Borgnine/1.6/AytdA2W0Y_M/1,650,AytdA2W0Y_M,1,data/Estelle_Harris/1.6/R5JGtwc4o1M/15,518,R5JGtwc4o1M,15
data/Eli_Roth/1.6/vaK4t1-WD4M/1,753,vaK4t1-WD4M,1,data/Eoin_Macken/1.6/MHOCv7pOmG4/15,1015,MHOCv7pOmG4,15
data/Eddie_Griffin/1.6/olePnztkm6U/2,1014,olePnztkm6U,2,data/Esai_Morales/1.6/dtYK1cUF7mo/1,437,dtYK1cUF7mo,1
data/Elodie_Yung/1.6/Rn0Z_lIiL1w/1,270,Rn0Z_lIiL1w,1,data/Elodie_Yung/1.6/8l5ZnDf-FUA/15,270,8l5ZnDf-FUA,15
data/Ernest_Borgnine/1.6/fAe7DXqrZls/10,650,fAe7DXqrZls,10,data/Eugene_Levy/1.6/zV7LlMi0eHo/1,166,zV7LlMi0eHo,1
data/Esai_Morales/1.6/VRCidrXwd1s/14,437,VRCidrXwd1s,14,data/Eartha_Kitt/1.6/GWXujl-xAVM/45,365,GWXujl-xAVM,45
data/Elaine_Cassidy/1.6/v0Q-VyO4TjI/1,491,v0Q-VyO4TjI,1,data/Eric_Dane/1.6/K1gPy1UKmBE/7,983,K1gPy1UKmBE,7
data/Edgar_Wright/1.6/5WOZXLMujwY/2,943,5WOZXLMujwY,2,data/Eric_McCormack/1.6/tlP585mCdl0/8,379,tlP585mCdl0,8
data/Emraan_Hashmi/1.6/ENIHEvg_VLM/6,457,ENIHEvg_VLM,6,data/Eric_McCormack/1.6/8X8huGiBRAc/1,379,8X8huGiBRAc,1
data/Elaine_Hendrix/1.6/R1RQnIQGy10/3,781,R1RQnIQGy10,3,data/Esai_Morales/1.6/K2_D_tFdAgY/19,437,K2_D_tFdAgY,19
data/Eddie_Griffin/1.6/ho_r24dlPTQ/3,1014,ho_r24dlPTQ,3,data/Evanna_Lynch/1.6/sLv-3TCu2fE/2,1129,sLv-3TCu2fE,2
data/Ellen_Wong/1.6/JzNVSA7eFwc/2,1156,JzNVSA7eFwc,2,data/Ernest_Borgnine/1.6/fAe7DXqrZls/8,650,fAe7DXqrZls,8
data/Eli_Roth/1.6/vaK4t1-WD4M/4,753,vaK4t1-WD4M,4,data/Estelle_Harris/1.6/Zs8VK91yVMI/2,518,Zs8VK91yVMI,2
data/Emraan_Hashmi/1.6/57KbI2UvGss/19,457,57KbI2UvGss,19,data/Elaine_Cassidy/1.6/9AtE4C309P8/14,491,9AtE4C309P8,14
data/Ernest_Borgnine/1.6/VHWZdctr_4s/3,650,VHWZdctr_4s,3,data/Eli_Roth/1.6/N69Hp2DGMLk/2,753,N69Hp2DGMLk,2
data/Ed_Westwick/1.6/PiXU2UZAh-0/1,844,PiXU2UZAh-0,1,data/Eddie_Izzard/1.6/SgBON1gLfbo/3,113,SgBON1gLfbo,3
data/Eli_Wallach/1.6/7yx9A0yzLYk/43,770,7yx9A0yzLYk,43,data/Eugenio_Derbez/1.6/OepVWayQO3w/1,1066,OepVWayQO3w,1
data/Elodie_Yung/1.6/3g9CjhcNEWk/4,270,3g9CjhcNEWk,4,data/Estelle_Harris/1.6/VCEs8oAQAiM/8,518,VCEs8oAQAiM,8
data/Eric_Dane/1.6/WxDEVkQKPow/1,983,WxDEVkQKPow,1,data/Eartha_Kitt/1.6/8jEAjG6SegY/36,365,8jEAjG6SegY,36
data/Edgar_Wright/1.6/YloBWJxXzMI/7,943,YloBWJxXzMI,7,data/Eric_Dane/1.6/K1gPy1UKmBE/9,983,K1gPy1UKmBE,9
data/Eoin_Macken/1.6/Mp1IXRquJ9s/1,1015,Mp1IXRquJ9s,1,data/Efren_Ramirez/1.6/PQHz4fGHPK8/2,915,PQHz4fGHPK8,2
data/Elisabeth_Moss/1.6/d-ZEojJk-rs/7,587,d-ZEojJk-rs,7,data/Eric_Braeden/1.6/zIkTBKfnbso/1,364,zIkTBKfnbso,1
data/Eddie_Izzard/1.6/0LbtndiXJC0/10,113,0LbtndiXJC0,10,data/Emily_Atack/1.6/3q0vhiAP7i8/1,871,3q0vhiAP7i8,1
data/Eoin_Macken/1.6/g2jVmC3qCNA/4,1015,g2jVmC3qCNA,4,data/Erik_Estrada/1.6/6qFnVechX9o/3,1106,6qFnVechX9o,3
data/Eugenio_Derbez/1.6/gbTZ7k9e_Z0/9,1066,gbTZ7k9e_Z0,9,data/Edward_Asner/1.6/R_h7875g_PI/11,16,R_h7875g_PI,11
data/Emily_Atack/1.6/TMCTm7GxiDE/3,871,TMCTm7GxiDE,3,data/Eric_Dane/1.6/NkqrS8yJOL0/1,983,NkqrS8yJOL0,1
data/Eli_Roth/1.6/vaK4t1-WD4M/9,753,vaK4t1-WD4M,9,data/Edward_Asner/1.6/iEAqbqZ7dDg/13,16,iEAqbqZ7dDg,13
data/Eli_Roth/1.6/vaK4t1-WD4M/47,753,vaK4t1-WD4M,47,data/Estelle_Harris/1.6/R5JGtwc4o1M/4,518,R5JGtwc4o1M,4
data/Ezra_Miller/1.6/0b1inHMAr6o/6,106,0b1inHMAr6o,6,data/Eddie_Griffin/1.6/olePnztkm6U/10,1014,olePnztkm6U,10
data/Eddie_Izzard/1.6/MqKFZOAwUsg/2,113,MqKFZOAwUsg,2,data/Eduardo_Noriega/1.6/SeXsHJ3fW1c/6,112,SeXsHJ3fW1c,6
data/Eva_Longoria/1.6/120gjdqGWNQ/7,716,120gjdqGWNQ,7,data/Edgar_Wright/1.6/5YncBThNd5E/22,943,5YncBThNd5E,22
data/Eric_Roberts/1.6/uxHwuJ59xNk/1,687,uxHwuJ59xNk,1,data/Efren_Ramirez/1.6/PQHz4fGHPK8/3,915,PQHz4fGHPK8,3
data/Elaine_Hendrix/1.6/1CiBWgsHT4E/8,781,1CiBWgsHT4E,8,data/Estelle_Harris/1.6/LKDWhdJQFco/16,518,LKDWhdJQFco,16
data/Eli_Roth/1.6/gAKHqHbNt2g/21,753,gAKHqHbNt2g,21,data/Esai_Morales/1.6/2Er-cV85fc4/3,437,2Er-cV85fc4,3
data/Emile_Hirsch/1.6/FgJsZ26_AXU/1,158,FgJsZ26_AXU,1,data/Ezra_Miller/1.6/rqaAm4bEsXc/5,106,rqaAm4bEsXc,5
data/Eric_Dane/1.6/NZvythQO-SM/4,983,NZvythQO-SM,4,data/Eli_Roth/1.6/vaK4t1-WD4M/29,753,vaK4t1-WD4M,29
data/Ellen_Burstyn/1.6/RfDogGJ-UnM/2,268,RfDogGJ-UnM,2,data/Eli_Roth/1.6/vaK4t1-WD4M/2,753,vaK4t1-WD4M,2
data/Edgar_Wright/1.6/3vWez3baO60/10,943,3vWez3baO60,10,data/Ernest_Borgnine/1.6/2cAiIYHfon0/6,650,2cAiIYHfon0,6
data/Eric_Dane/1.6/OCO9SWN7EOQ/1,983,OCO9SWN7EOQ,1,data/Eva_Longoria/1.6/IASj5B-pAyM/4,716,IASj5B-pAyM,4
data/Ernest_Borgnine/1.6/_WKW_Jkdvq8/4,650,_WKW_Jkdvq8,4,data/Evanna_Lynch/1.6/ygGJs_Rh7ds/8,1129,ygGJs_Rh7ds,8
data/Erik_Estrada/1.6/U_1vfIVOigA/5,1106,U_1vfIVOigA,5,data/Edward_Asner/1.6/d6WJf6TOoIQ/1,16,d6WJf6TOoIQ,1
data/Edgar_Wright/1.6/CooJzMgoxzw/7,943,CooJzMgoxzw,7,data/Edgar_Wright/1.6/HrA2BLcLApA/4,943,HrA2BLcLApA,4
data/Elodie_Yung/1.6/2dD2ZWGfhwc/1,270,2dD2ZWGfhwc,1,data/Esai_Morales/1.6/WAbHmvQ9zME/4,437,WAbHmvQ9zME,4
data/Elodie_Yung/1.6/8l5ZnDf-FUA/13,270,8l5ZnDf-FUA,13,data/Ernest_Borgnine/1.6/pVKJjm4sKdI/2,650,pVKJjm4sKdI,2
data/Estelle_Harris/1.6/Zs8VK91yVMI/11,518,Zs8VK91yVMI,11,data/Eli_Wallach/1.6/O_rxcwBWTz4/2,770,O_rxcwBWTz4,2
data/Eric_Dane/1.6/WZ3jbVwrmS8/1,983,WZ3jbVwrmS8,1,data/Edward_Asner/1.6/iEAqbqZ7dDg/14,16,iEAqbqZ7dDg,14
data/Emile_Hirsch/1.6/cIi74VD0LF0/5,158,cIi74VD0LF0,5,data/Eli_Roth/1.6/u3s9xdUlmmk/2,753,u3s9xdUlmmk,2
data/Emily_Atack/1.6/EX6SP5_i96o/2,871,EX6SP5_i96o,2,data/Eva_Longoria/1.6/bLrL6c37TYI/3,716,bLrL6c37TYI,3
data/Efren_Ramirez/1.6/f0I1IC6DJfo/2,915,f0I1IC6DJfo,2,data/Ezra_Miller/1.6/tGEWD2GaiDw/5,106,tGEWD2GaiDw,5
data/Eli_Roth/1.6/gAKHqHbNt2g/20,753,gAKHqHbNt2g,20,data/Eddie_Izzard/1.6/hW0Q6eHqN-U/1,113,hW0Q6eHqN-U,1
data/Emile_Hirsch/1.6/dDnqp9503Mg/4,158,dDnqp9503Mg,4,data/Evanna_Lynch/1.6/XQWpVt5n3Ic/2,1129,XQWpVt5n3Ic,2
data/Edward_Asner/1.6/Pp-rAswo4Xg/35,16,Pp-rAswo4Xg,35,data/Eva_Longoria/1.6/bLrL6c37TYI/1,716,bLrL6c37TYI,1
data/Eric_Braeden/1.6/L812MIi7ruk/4,364,L812MIi7ruk,4,data/Eddie_Izzard/1.6/ZpPPaMazpf0/12,113,ZpPPaMazpf0,12
data/Eugenio_Derbez/1.6/19OCRADWjgA/10,1066,19OCRADWjgA,10,data/Ernest_Borgnine/1.6/Fi8lnFPYgII/8,650,Fi8lnFPYgII,8
data/Emily_Atack/1.6/iPZGPcrYIZs/2,871,iPZGPcrYIZs,2,data/Ernest_Borgnine/1.6/VHWZdctr_4s/11,650,VHWZdctr_4s,11
data/Emraan_Hashmi/1.6/ENIHEvg_VLM/8,457,ENIHEvg_VLM,8,data/Erik_Estrada/1.6/hjvQiiG71rM/8,1106,hjvQiiG71rM,8
data/Esai_Morales/1.6/ekqJava7sdE/5,437,ekqJava7sdE,5,data/Eoin_Macken/1.6/TnOGBL8p-RM/5,1015,TnOGBL8p-RM,5
data/Eric_Braeden/1.6/L812MIi7ruk/9,364,L812MIi7ruk,9,data/Eric_Roberts/1.6/HXlH44r0jYc/1,687,HXlH44r0jYc,1
data/Eric_Roberts/1.6/31XtFWtF7Sc/3,687,31XtFWtF7Sc,3,data/Ernie_Hudson/1.6/eVfmXU0RtRo/2,1132,eVfmXU0RtRo,2
data/Ezra_Miller/1.6/rxnN8thYzEQ/19,106,rxnN8thYzEQ,19,data/Eoin_Macken/1.6/nAtqrkWKIhM/4,1015,nAtqrkWKIhM,4
data/Eugene_Levy/1.6/JQtDfEz08aU/35,166,JQtDfEz08aU,35,data/Ernest_Borgnine/1.6/Xroutc-3_SU/6,650,Xroutc-3_SU,6
data/Eugene_Levy/1.6/CN6JpPYbHCQ/2,166,CN6JpPYbHCQ,2,data/Edward_Asner/1.6/QOq66XogW3Q/5,16,QOq66XogW3Q,5
data/Eoin_Macken/1.6/TnOGBL8p-RM/9,1015,TnOGBL8p-RM,9,data/Emile_Hirsch/1.6/HYiqXC0B3iY/20,158,HYiqXC0B3iY,20
data/Efren_Ramirez/1.6/nTPJ6asPSV0/1,915,nTPJ6asPSV0,1,data/Eddie_Izzard/1.6/eLl_yTeuaKo/26,113,eLl_yTeuaKo,26
data/Eli_Roth/1.6/clznvDi-ybg/1,753,clznvDi-ybg,1,data/Eric_Dane/1.6/WxDEVkQKPow/6,983,WxDEVkQKPow,6
data/Erik_Estrada/1.6/6qFnVechX9o/8,1106,6qFnVechX9o,8,data/Eddie_Izzard/1.6/8cfyJEV7hP8/33,113,8cfyJEV7hP8,33
data/Eoin_Macken/1.6/k1jiAINXHRI/28,1015,k1jiAINXHRI,28,data/Elaine_Cassidy/1.6/YcIZDAhexy8/6,491,YcIZDAhexy8,6
data/Eli_Roth/1.6/GcHWzqveqyc/5,753,GcHWzqveqyc,5,data/Eddie_Izzard/1.6/prqT1CcDqMc/5,113,prqT1CcDqMc,5
data/Ernest_Borgnine/1.6/Xroutc-3_SU/7,650,Xroutc-3_SU,7,data/Emraan_Hashmi/1.6/KgY2xhg4Tqk/4,457,KgY2xhg4Tqk,4
data/Elle_Fanning/1.6/Qkll9n7U5ak/8,1119,Qkll9n7U5ak,8,data/Evanna_Lynch/1.6/We7oIBrKQKg/2,1129,We7oIBrKQKg,2
data/Esai_Morales/1.6/VRCidrXwd1s/24,437,VRCidrXwd1s,24,data/Esai_Morales/1.6/n5Ffz_qwr58/2,437,n5Ffz_qwr58,2
data/Eli_Roth/1.6/vaK4t1-WD4M/15,753,vaK4t1-WD4M,15,data/Emile_Hirsch/1.6/dDnqp9503Mg/6,158,dDnqp9503Mg,6
data/Evanna_Lynch/1.6/ygGJs_Rh7ds/4,1129,ygGJs_Rh7ds,4,data/Eugene_Levy/1.6/o9bD_E99Jpg/13,166,o9bD_E99Jpg,13
data/Emile_Hirsch/1.6/FAOLWl96MY0/7,158,FAOLWl96MY0,7,data/Eartha_Kitt/1.6/OhfKF8FSq3Y/4,365,OhfKF8FSq3Y,4
data/Eli_Roth/1.6/N69Hp2DGMLk/1,753,N69Hp2DGMLk,1,data/Ernest_Borgnine/1.6/8EDKH42GZ1o/14,650,8EDKH42GZ1o,14
data/Esai_Morales/1.6/K2_D_tFdAgY/18,437,K2_D_tFdAgY,18,data/Esai_Morales/1.6/2Er-cV85fc4/12,437,2Er-cV85fc4,12
data/Eduardo_Noriega/1.6/znxUWA2QAGs/4,112,znxUWA2QAGs,4,data/Ernest_Borgnine/1.6/8EDKH42GZ1o/28,650,8EDKH42GZ1o,28
data/Eva_Green/1.6/4E-dEOQQsvo/1,833,4E-dEOQQsvo,1,data/Emile_Hirsch/1.6/dDnqp9503Mg/13,158,dDnqp9503Mg,13
data/Emily_Atack/1.6/d2Lasybvo7s/10,871,d2Lasybvo7s,10,data/Ezra_Miller/1.6/RWpuDFuKFjY/2,106,RWpuDFuKFjY,2
data/Eric_McCormack/1.6/KPKQZjynKsg/1,379,KPKQZjynKsg,1,data/Eva_Green/1.6/XcXDiYWIS6E/8,833,XcXDiYWIS6E,8
data/Eartha_Kitt/1.6/5r0dWxy17C8/13,365,5r0dWxy17C8,13,data/Eduardo_Noriega/1.6/SeXsHJ3fW1c/3,112,SeXsHJ3fW1c,3
data/Eva_Green/1.6/C3AhSlYJd3w/1,833,C3AhSlYJd3w,1,data/Ezra_Miller/1.6/vobW27_-JyQ/10,106,vobW27_-JyQ,10
data/Edward_Asner/1.6/iEAqbqZ7dDg/6,16,iEAqbqZ7dDg,6,data/Ezra_Miller/1.6/Zx-zA-D_DvI/3,106,Zx-zA-D_DvI,3
data/Ernie_Hudson/1.6/VIAnMw7J5tI/1,1132,VIAnMw7J5tI,1,data/Eddie_Kaye_Thomas/1.6/O9xLIdaUG-k/2,865,O9xLIdaUG-k,2
data/Ellen_Wong/1.6/A3ZvNuG8_oM/13,1156,A3ZvNuG8_oM,13,data/Edward_Asner/1.6/d3By4475krs/2,16,d3By4475krs,2
data/Ezra_Miller/1.6/_z_BR0ERa9g/6,106,_z_BR0ERa9g,6,data/Eli_Roth/1.6/vaK4t1-WD4M/24,753,vaK4t1-WD4M,24
data/Eric_Braeden/1.6/a4msZPEjhMc/4,364,a4msZPEjhMc,4,data/Estelle_Harris/1.6/Zs8VK91yVMI/18,518,Zs8VK91yVMI,18
data/Eric_Roberts/1.6/o1EKUvjvNHY/6,687,o1EKUvjvNHY,6,data/Eric_McCormack/1.6/tlP585mCdl0/3,379,tlP585mCdl0,3
data/Eli_Roth/1.6/vaK4t1-WD4M/41,753,vaK4t1-WD4M,41,data/Eric_McCormack/1.6/f_k09R8r_cA/5,379,f_k09R8r_cA,5
data/Erik_Estrada/1.6/6qFnVechX9o/2,1106,6qFnVechX9o,2,data/Edgar_Wright/1.6/5YncBThNd5E/25,943,5YncBThNd5E,25
data/Eoin_Macken/1.6/MHOCv7pOmG4/6,1015,MHOCv7pOmG4,6,data/Eddie_Griffin/1.6/wb6ligRbbZ4/3,1014,wb6ligRbbZ4,3
data/Eleanor_Tomlinson/1.6/CiUT-YF34O4/2,906,CiUT-YF34O4,2,data/Eugene_Levy/1.6/0TJ9sdJiDvA/4,166,0TJ9sdJiDvA,4
data/Eddie_McClintock/1.6/mWZ3l5OoyVI/2,699,mWZ3l5OoyVI,2,data/Eric_Roberts/1.6/31XtFWtF7Sc/5,687,31XtFWtF7Sc,5
data/Edgar_Wright/1.6/5YncBThNd5E/19,943,5YncBThNd5E,19,data/Erik_Estrada/1.6/KaNukQi4imU/2,1106,KaNukQi4imU,2
data/Ezra_Miller/1.6/XMLMvfrgdzY/1,106,XMLMvfrgdzY,1,data/Erik_Estrada/1.6/hjvQiiG71rM/15,1106,hjvQiiG71rM,15
data/Ed_Westwick/1.6/EOQXxK1whgU/1,844,EOQXxK1whgU,1,data/Ed_Westwick/1.6/PfcJLmkhGbk/3,844,PfcJLmkhGbk,3
data/Emily_Atack/1.6/4aLg_keiGHw/8,871,4aLg_keiGHw,8,data/Ernest_Borgnine/1.6/AsHhZ_bnpQg/2,650,AsHhZ_bnpQg,2
data/Evanna_Lynch/1.6/XQWpVt5n3Ic/8,1129,XQWpVt5n3Ic,8,data/Eva_Longoria/1.6/Zftj0BQFRdY/5,716,Zftj0BQFRdY,5
data/Edward_Asner/1.6/rgcxEM5jOc4/5,16,rgcxEM5jOc4,5,data/Eleanor_Tomlinson/1.6/U3xR3MZjEVg/3,906,U3xR3MZjEVg,3
data/Ezra_Miller/1.6/qFrRfhWombs/9,106,qFrRfhWombs,9,data/Elle_Fanning/1.6/9K2YB1d8BqY/13,1119,9K2YB1d8BqY,13
data/Emraan_Hashmi/1.6/KgY2xhg4Tqk/1,457,KgY2xhg4Tqk,1,data/Elodie_Yung/1.6/sf4uMnkYFG8/14,270,sf4uMnkYFG8,14
data/Emile_Hirsch/1.6/kKQpvHl21Cg/2,158,kKQpvHl21Cg,2,data/Emraan_Hashmi/1.6/2qlrpSAc9Xs/23,457,2qlrpSAc9Xs,23
data/Elaine_Cassidy/1.6/XiKRlssBw2M/3,491,XiKRlssBw2M,3,data/Eoin_Macken/1.6/vD3qGRbmXws/6,1015,vD3qGRbmXws,6
data/Eddie_McClintock/1.6/mWZ3l5OoyVI/1,699,mWZ3l5OoyVI,1,data/Eric_Roberts/1.6/p08spQszEYU/1,687,p08spQszEYU,1
data/Erik_Estrada/1.6/hjvQiiG71rM/13,1106,hjvQiiG71rM,13,data/Emily_Atack/1.6/oa10caYOOzk/2,871,oa10caYOOzk,2
data/Emraan_Hashmi/1.6/ETJd_jPboYc/7,457,ETJd_jPboYc,7,data/Eric_McCormack/1.6/5K8DAWq6wJc/1,379,5K8DAWq6wJc,1
data/Eva_Longoria/1.6/120gjdqGWNQ/16,716,120gjdqGWNQ,16,data/Ernest_Borgnine/1.6/8EDKH42GZ1o/2,650,8EDKH42GZ1o,2
data/Ernest_Borgnine/1.6/7byARrJfhlI/20,650,7byARrJfhlI,20,data/Elaine_Cassidy/1.6/9AtE4C309P8/17,491,9AtE4C309P8,17
data/Eric_McCormack/1.6/LUFoMNPpdbY/4,379,LUFoMNPpdbY,4,data/Erik_Estrada/1.6/hjvQiiG71rM/16,1106,hjvQiiG71rM,16
data/Elisabeth_Moss/1.6/uArtiTSTnSU/17,587,uArtiTSTnSU,17,data/Eva_Longoria/1.6/wtqPC9vEZ0M/8,716,wtqPC9vEZ0M,8
data/Eoin_Macken/1.6/rZQMeH1FCvM/4,1015,rZQMeH1FCvM,4,data/Eric_McCormack/1.6/tlP585mCdl0/5,379,tlP585mCdl0,5
data/Ezra_Miller/1.6/V_tzoDBiP8A/4,106,V_tzoDBiP8A,4,data/Eddie_Izzard/1.6/0OCW1HUxZyg/1,113,0OCW1HUxZyg,1
data/Estelle_Harris/1.6/VCEs8oAQAiM/14,518,VCEs8oAQAiM,14,data/Elaine_Hendrix/1.6/eso-dEmfC_c/6,781,eso-dEmfC_c,6
data/Eugenio_Derbez/1.6/19OCRADWjgA/7,1066,19OCRADWjgA,7,data/Eoin_Macken/1.6/vD3qGRbmXws/9,1015,vD3qGRbmXws,9
data/Ernest_Borgnine/1.6/8Sz2-IYJ2GA/21,650,8Sz2-IYJ2GA,21,data/Eoin_Macken/1.6/l3J1f06Slfo/6,1015,l3J1f06Slfo,6
data/Ed_Westwick/1.6/_pOfzIZVLFQ/1,844,_pOfzIZVLFQ,1,data/Edgar_Wright/1.6/3vWez3baO60/2,943,3vWez3baO60,2
data/Eleanor_Tomlinson/1.6/neQO6_CUY4w/3,906,neQO6_CUY4w,3,data/Eli_Roth/1.6/h87Y8nir1o0/6,753,h87Y8nir1o0,6
data/Elle_Fanning/1.6/Qkll9n7U5ak/4,1119,Qkll9n7U5ak,4,data/Eleanor_Tomlinson/1.6/IDA_ElNHLn4/5,906,IDA_ElNHLn4,5
data/Edward_Asner/1.6/iEAqbqZ7dDg/5,16,iEAqbqZ7dDg,5,data/Ernest_Borgnine/1.6/TMBdUkVfwOg/4,650,TMBdUkVfwOg,4
data/Emraan_Hashmi/1.6/57KbI2UvGss/10,457,57KbI2UvGss,10,data/Eva_Green/1.6/XcXDiYWIS6E/7,833,XcXDiYWIS6E,7
data/Erik_Estrada/1.6/6qFnVechX9o/7,1106,6qFnVechX9o,7,data/Esai_Morales/1.6/VRCidrXwd1s/7,437,VRCidrXwd1s,7
data/Eva_Green/1.6/43_6k_dVw0I/2,833,43_6k_dVw0I,2,data/Eric_Braeden/1.6/1l9B0dz7gjc/13,364,1l9B0dz7gjc,13
data/Eartha_Kitt/1.6/5r0dWxy17C8/12,365,5r0dWxy17C8,12,data/Erik_Estrada/1.6/Cjt5DP6qc5Q/2,1106,Cjt5DP6qc5Q,2
data/Emile_Hirsch/1.6/gTbcgoYXWdU/6,158,gTbcgoYXWdU,6,data/Eric_Braeden/1.6/WJPpL58RruA/8,364,WJPpL58RruA,8
data/Eric_Braeden/1.6/3BRezdwX-4I/6,364,3BRezdwX-4I,6,data/Ernest_Borgnine/1.6/2cAiIYHfon0/13,650,2cAiIYHfon0,13
data/Eugenio_Derbez/1.6/cpXXdMJuCdw/4,1066,cpXXdMJuCdw,4,data/Eric_Braeden/1.6/VweNonqOdrE/9,364,VweNonqOdrE,9
data/Eugene_Levy/1.6/Zjzoo3L9Oto/1,166,Zjzoo3L9Oto,1,data/Eli_Roth/1.6/clznvDi-ybg/13,753,clznvDi-ybg,13
data/Erik_Estrada/1.6/hjvQiiG71rM/1,1106,hjvQiiG71rM,1,data/Eddie_Izzard/1.6/jyOctu82nhs/1,113,jyOctu82nhs,1
data/Edgar_Wright/1.6/HrA2BLcLApA/21,943,HrA2BLcLApA,21,data/Eleanor_Tomlinson/1.6/Zbz058o9j6s/2,906,Zbz058o9j6s,2
data/Evanna_Lynch/1.6/MxBuaaxNnlE/5,1129,MxBuaaxNnlE,5,data/Eva_Longoria/1.6/0nH78dDh0N0/7,716,0nH78dDh0N0,7
data/Eddie_Izzard/1.6/xN2fSTQHHkw/3,113,xN2fSTQHHkw,3,data/Eugene_Levy/1.6/o9bD_E99Jpg/7,166,o9bD_E99Jpg,7
data/Edward_Asner/1.6/rgcxEM5jOc4/3,16,rgcxEM5jOc4,3,data/Ernest_Borgnine/1.6/8Sz2-IYJ2GA/19,650,8Sz2-IYJ2GA,19
data/Eva_Green/1.6/ST2JZXcyYkE/3,833,ST2JZXcyYkE,3,data/Ed_Westwick/1.6/1gtz-CUIygI/21,844,1gtz-CUIygI,21
data/Eli_Roth/1.6/cmG1DiHm-fM/2,753,cmG1DiHm-fM,2,data/Eartha_Kitt/1.6/GWXujl-xAVM/6,365,GWXujl-xAVM,6
data/Eli_Roth/1.6/QitLqlca660/2,753,QitLqlca660,2,data/Eugene_Levy/1.6/JQtDfEz08aU/18,166,JQtDfEz08aU,18
data/Eric_Dane/1.6/nt7dNRvlEHE/5,983,nt7dNRvlEHE,5,data/Emile_Hirsch/1.6/HYiqXC0B3iY/18,158,HYiqXC0B3iY,18
data/Eddie_McClintock/1.6/Mdk1SXywHck/8,699,Mdk1SXywHck,8,data/Eleanor_Tomlinson/1.6/ek_uqADnhPQ/8,906,ek_uqADnhPQ,8
data/Ezra_Miller/1.6/e-IdJ8a4gy4/11,106,e-IdJ8a4gy4,11,data/Eva_Longoria/1.6/120gjdqGWNQ/5,716,120gjdqGWNQ,5
data/Eugene_Levy/1.6/o9bD_E99Jpg/4,166,o9bD_E99Jpg,4,data/Ernest_Borgnine/1.6/2cAiIYHfon0/20,650,2cAiIYHfon0,20
data/Edgar_Wright/1.6/AjY0B7kh_-k/3,943,AjY0B7kh_-k,3,data/Eugene_Levy/1.6/JQtDfEz08aU/8,166,JQtDfEz08aU,8
data/Elaine_Hendrix/1.6/1CiBWgsHT4E/9,781,1CiBWgsHT4E,9,data/Eric_Dane/1.6/3KnwlyXVpv4/1,983,3KnwlyXVpv4,1
data/Eartha_Kitt/1.6/GWXujl-xAVM/28,365,GWXujl-xAVM,28,data/Ernie_Hudson/1.6/eVfmXU0RtRo/8,1132,eVfmXU0RtRo,8
data/Eva_Longoria/1.6/wtqPC9vEZ0M/4,716,wtqPC9vEZ0M,4,data/Emile_Hirsch/1.6/VYk_DxNl_T8/2,158,VYk_DxNl_T8,2
data/Elaine_Hendrix/1.6/1CiBWgsHT4E/3,781,1CiBWgsHT4E,3,data/Eric_Dane/1.6/WxDEVkQKPow/10,983,WxDEVkQKPow,10
data/Elle_Fanning/1.6/9K2YB1d8BqY/15,1119,9K2YB1d8BqY,15,data/Eugene_Levy/1.6/GRv7pEnTwUc/1,166,GRv7pEnTwUc,1
data/Emily_Atack/1.6/oLJhH76d0kU/2,871,oLJhH76d0kU,2,data/Eli_Wallach/1.6/7yx9A0yzLYk/2,770,7yx9A0yzLYk,2
data/Emile_Hirsch/1.6/zii-zlYDpGc/7,158,zii-zlYDpGc,7,data/Edward_Asner/1.6/Pp-rAswo4Xg/18,16,Pp-rAswo4Xg,18
data/Edward_Asner/1.6/fvX1Vtx3sNo/3,16,fvX1Vtx3sNo,3,data/Efren_Ramirez/1.6/UwVmHtdkruw/2,915,UwVmHtdkruw,2
data/Eoin_Macken/1.6/MHOCv7pOmG4/16,1015,MHOCv7pOmG4,16,data/Ellen_Burstyn/1.6/ryVdclLx7Yo/1,268,ryVdclLx7Yo,1
data/Edward_Asner/1.6/QOq66XogW3Q/9,16,QOq66XogW3Q,9,data/Ernest_Borgnine/1.6/fAe7DXqrZls/5,650,fAe7DXqrZls,5
data/Eartha_Kitt/1.6/5r0dWxy17C8/15,365,5r0dWxy17C8,15,data/Edgar_Wright/1.6/FDhJhEu0JUM/15,943,FDhJhEu0JUM,15
data/Emraan_Hashmi/1.6/ETJd_jPboYc/8,457,ETJd_jPboYc,8,data/Emraan_Hashmi/1.6/tKl5Y1x4jwc/1,457,tKl5Y1x4jwc,1
data/Eva_Longoria/1.6/0nH78dDh0N0/9,716,0nH78dDh0N0,9,data/Elisabeth_Moss/1.6/LbFFEF1pHO0/4,587,LbFFEF1pHO0,4
data/Edward_Asner/1.6/R_h7875g_PI/4,16,R_h7875g_PI,4,data/Erin_Andrews/1.6/z1ZWYfCuRKY/3,919,z1ZWYfCuRKY,3
data/Eli_Roth/1.6/H4mDLFeGpLU/4,753,H4mDLFeGpLU,4,data/Eoin_Macken/1.6/Mp1IXRquJ9s/9,1015,Mp1IXRquJ9s,9
data/Elle_Fanning/1.6/L2jRsPDZGgw/9,1119,L2jRsPDZGgw,9,data/Erik_Estrada/1.6/hjvQiiG71rM/27,1106,hjvQiiG71rM,27
data/Ernest_Borgnine/1.6/mYSVs_d1aMQ/5,650,mYSVs_d1aMQ,5,data/Eddie_Griffin/1.6/U-K8tabeDcI/1,1014,U-K8tabeDcI,1
data/Eugene_Levy/1.6/GbpCKIcUyGA/2,166,GbpCKIcUyGA,2,data/Eartha_Kitt/1.6/x6uYqmx31kE/20,365,x6uYqmx31kE,20
data/Eugene_Levy/1.6/hDBMV_0Vz4E/14,166,hDBMV_0Vz4E,14,data/Estelle_Harris/1.6/Zs8VK91yVMI/5,518,Zs8VK91yVMI,5
data/Eva_Green/1.6/ST2JZXcyYkE/4,833,ST2JZXcyYkE,4,data/Edward_Asner/1.6/Pp-rAswo4Xg/17,16,Pp-rAswo4Xg,17
data/Estelle_Harris/1.6/VCEs8oAQAiM/24,518,VCEs8oAQAiM,24,data/Ezra_Miller/1.6/0wLebLY6tcM/1,106,0wLebLY6tcM,1
data/Eartha_Kitt/1.6/5r0dWxy17C8/22,365,5r0dWxy17C8,22,data/Erin_Andrews/1.6/752GDDvGPCA/2,919,752GDDvGPCA,2
data/Eli_Wallach/1.6/RNYNkXzY5Hk/13,770,RNYNkXzY5Hk,13,data/Eugenio_Derbez/1.6/19OCRADWjgA/5,1066,19OCRADWjgA,5
data/Eddie_Griffin/1.6/U-K8tabeDcI/2,1014,U-K8tabeDcI,2,data/Erik_Estrada/1.6/hjvQiiG71rM/26,1106,hjvQiiG71rM,26
data/Eva_Green/1.6/XcXDiYWIS6E/11,833,XcXDiYWIS6E,11,data/Ezra_Miller/1.6/e-IdJ8a4gy4/3,106,e-IdJ8a4gy4,3
data/Eartha_Kitt/1.6/GWXujl-xAVM/52,365,GWXujl-xAVM,52,data/Emily_Atack/1.6/4aLg_keiGHw/9,871,4aLg_keiGHw,9
data/Eugene_Levy/1.6/JQtDfEz08aU/27,166,JQtDfEz08aU,27,data/Emily_Atack/1.6/TMCTm7GxiDE/7,871,TMCTm7GxiDE,7
data/Eugene_Levy/1.6/GRv7pEnTwUc/4,166,GRv7pEnTwUc,4,data/Emraan_Hashmi/1.6/ya6VNZp-pXw/21,457,ya6VNZp-pXw,21
data/Esai_Morales/1.6/VRCidrXwd1s/8,437,VRCidrXwd1s,8,data/Eva_Green/1.6/2SaEbN8hYz4/4,833,2SaEbN8hYz4,4
data/Edward_Asner/1.6/Pp-rAswo4Xg/25,16,Pp-rAswo4Xg,25,data/Eddie_Izzard/1.6/0LbtndiXJC0/11,113,0LbtndiXJC0,11
data/Eli_Roth/1.6/gAKHqHbNt2g/19,753,gAKHqHbNt2g,19,data/Eugenio_Derbez/1.6/ZLzkvnq0JxI/4,1066,ZLzkvnq0JxI,4
data/Eugene_Levy/1.6/7geDDtDmWQU/1,166,7geDDtDmWQU,1,data/Eoin_Macken/1.6/TwfthltapLg/12,1015,TwfthltapLg,12
data/Eli_Roth/1.6/clznvDi-ybg/17,753,clznvDi-ybg,17,data/Edward_Asner/1.6/DSGE2F5sTcg/28,16,DSGE2F5sTcg,28
data/Eleanor_Tomlinson/1.6/Tf6tGc30MVM/3,906,Tf6tGc30MVM,3,data/Edward_Asner/1.6/qN6dBTlT3HA/1,16,qN6dBTlT3HA,1
data/Elodie_Yung/1.6/sf4uMnkYFG8/12,270,sf4uMnkYFG8,12,data/Efren_Ramirez/1.6/4Q1IvdayPR8/7,915,4Q1IvdayPR8,7
data/Ernest_Borgnine/1.6/8Sz2-IYJ2GA/10,650,8Sz2-IYJ2GA,10,data/Eric_Braeden/1.6/L812MIi7ruk/13,364,L812MIi7ruk,13
data/Edgar_Wright/1.6/FDhJhEu0JUM/11,943,FDhJhEu0JUM,11,data/Eddie_Izzard/1.6/gHPh9j7lc58/4,113,gHPh9j7lc58,4
data/Ernest_Borgnine/1.6/7byARrJfhlI/15,650,7byARrJfhlI,15,data/Eoin_Macken/1.6/MHOCv7pOmG4/11,1015,MHOCv7pOmG4,11
data/Edgar_Wright/1.6/AeZoMAJ4Ejs/13,943,AeZoMAJ4Ejs,13,data/Eugenio_Derbez/1.6/nJbBcMdxQU4/12,1066,nJbBcMdxQU4,12
data/Eugene_Levy/1.6/HTL8iLI75TY/9,166,HTL8iLI75TY,9,data/Eric_Roberts/1.6/6-VE8e8RtZE/2,687,6-VE8e8RtZE,2
data/Ernie_Hudson/1.6/VIAnMw7J5tI/8,1132,VIAnMw7J5tI,8,data/Eugene_Levy/1.6/hDBMV_0Vz4E/3,166,hDBMV_0Vz4E,3
data/Ellen_Wong/1.6/A3ZvNuG8_oM/2,1156,A3ZvNuG8_oM,2,data/Eddie_Griffin/1.6/dkN2DIBrXqQ/7,1014,dkN2DIBrXqQ,7
data/Elodie_Yung/1.6/sf4uMnkYFG8/2,270,sf4uMnkYFG8,2,data/Elisabeth_Moss/1.6/LbFFEF1pHO0/2,587,LbFFEF1pHO0,2
data/Elle_Fanning/1.6/DPPq8w5ILrA/10,1119,DPPq8w5ILrA,10,data/Ernest_Borgnine/1.6/8EDKH42GZ1o/37,650,8EDKH42GZ1o,37
data/Ernest_Borgnine/1.6/8EDKH42GZ1o/10,650,8EDKH42GZ1o,10,data/Eli_Roth/1.6/p3q7Z0O6rgg/4,753,p3q7Z0O6rgg,4
data/Esai_Morales/1.6/K2_D_tFdAgY/12,437,K2_D_tFdAgY,12,data/Eric_Dane/1.6/K1gPy1UKmBE/6,983,K1gPy1UKmBE,6
data/Eddie_Izzard/1.6/8cfyJEV7hP8/21,113,8cfyJEV7hP8,21,data/Ernest_Borgnine/1.6/BL7XmN8w_UY/4,650,BL7XmN8w_UY,4
data/Elle_Fanning/1.6/L2jRsPDZGgw/1,1119,L2jRsPDZGgw,1,data/Ernest_Borgnine/1.6/BL7XmN8w_UY/7,650,BL7XmN8w_UY,7
data/Eli_Roth/1.6/p5g1heXp34o/5,753,p5g1heXp34o,5,data/Ezra_Miller/1.6/tGEWD2GaiDw/3,106,tGEWD2GaiDw,3
data/Eugene_Levy/1.6/FJOvOooCIvs/3,166,FJOvOooCIvs,3,data/Elaine_Hendrix/1.6/RDFdX3VxjUQ/17,781,RDFdX3VxjUQ,17
data/Estelle_Harris/1.6/R5JGtwc4o1M/18,518,R5JGtwc4o1M,18,data/Eric_McCormack/1.6/LUFoMNPpdbY/7,379,LUFoMNPpdbY,7
data/Edward_Asner/1.6/d3By4475krs/5,16,d3By4475krs,5,data/Eartha_Kitt/1.6/GWXujl-xAVM/13,365,GWXujl-xAVM,13
data/Elle_Fanning/1.6/cJ40ZqTY3dQ/1,1119,cJ40ZqTY3dQ,1,data/Eleanor_Tomlinson/1.6/U3xR3MZjEVg/4,906,U3xR3MZjEVg,4
data/Ellen_Wong/1.6/A3ZvNuG8_oM/10,1156,A3ZvNuG8_oM,10,data/Eva_Longoria/1.6/yUv37vQWmzE/2,716,yUv37vQWmzE,2
data/Eli_Wallach/1.6/RNYNkXzY5Hk/7,770,RNYNkXzY5Hk,7,data/Erik_Estrada/1.6/a0S-epXYJME/2,1106,a0S-epXYJME,2
data/Emraan_Hashmi/1.6/ya6VNZp-pXw/37,457,ya6VNZp-pXw,37,data/Eoin_Macken/1.6/k1jiAINXHRI/23,1015,k1jiAINXHRI,23
data/Ezra_Miller/1.6/vobW27_-JyQ/5,106,vobW27_-JyQ,5,data/Edgar_Wright/1.6/5YncBThNd5E/21,943,5YncBThNd5E,21
data/Eva_Longoria/1.6/Zftj0BQFRdY/3,716,Zftj0BQFRdY,3,data/Edward_Asner/1.6/rgcxEM5jOc4/10,16,rgcxEM5jOc4,10
data/Elle_Fanning/1.6/9K2YB1d8BqY/18,1119,9K2YB1d8BqY,18,data/Ernest_Borgnine/1.6/1ZyvrJaiLQk/25,650,1ZyvrJaiLQk,25
data/Elle_Fanning/1.6/L2jRsPDZGgw/2,1119,L2jRsPDZGgw,2,data/Erin_Andrews/1.6/it0-Z6L2128/1,919,it0-Z6L2128,1
data/Eli_Roth/1.6/j5ArtKwbobY/9,753,j5ArtKwbobY,9,data/Eddie_Izzard/1.6/DE9lM-s8LcA/2,113,DE9lM-s8LcA,2
data/Eric_Dane/1.6/S9FeIMntmUE/4,983,S9FeIMntmUE,4,data/Eleanor_Tomlinson/1.6/ek_uqADnhPQ/5,906,ek_uqADnhPQ,5
data/Eva_Longoria/1.6/kp_GCjLq4qA/1,716,kp_GCjLq4qA,1,data/Ernest_Borgnine/1.6/fAe7DXqrZls/15,650,fAe7DXqrZls,15
data/Eva_Green/1.6/cc5WSHcgkl8/9,833,cc5WSHcgkl8,9,data/Eric_Dane/1.6/w9jwTc5wuV4/3,983,w9jwTc5wuV4,3
data/Eugene_Levy/1.6/qbrGkPrDuoU/1,166,qbrGkPrDuoU,1,data/Eddie_Izzard/1.6/oBaIbyCrTVw/9,113,oBaIbyCrTVw,9
data/Eli_Roth/1.6/p3q7Z0O6rgg/2,753,p3q7Z0O6rgg,2,data/Eugene_Levy/1.6/7geDDtDmWQU/6,166,7geDDtDmWQU,6
data/Eoin_Macken/1.6/mNM0rMPJE10/1,1015,mNM0rMPJE10,1,data/Ed_Westwick/1.6/1gtz-CUIygI/3,844,1gtz-CUIygI,3
data/Edward_Asner/1.6/Pp-rAswo4Xg/30,16,Pp-rAswo4Xg,30,data/Ed_Westwick/1.6/1gtz-CUIygI/4,844,1gtz-CUIygI,4
data/Ezra_Miller/1.6/pwfqGqgezH4/2,106,pwfqGqgezH4,2,data/Eduardo_Noriega/1.6/tbh20gz_KRA/21,112,tbh20gz_KRA,21
data/Edgar_Wright/1.6/HrA2BLcLApA/13,943,HrA2BLcLApA,13,data/Edgar_Wright/1.6/AeZoMAJ4Ejs/5,943,AeZoMAJ4Ejs,5
data/Eddie_Griffin/1.6/wb6ligRbbZ4/8,1014,wb6ligRbbZ4,8,data/Ernie_Hudson/1.6/VIAnMw7J5tI/2,1132,VIAnMw7J5tI,2
data/Ernest_Borgnine/1.6/1ZyvrJaiLQk/6,650,1ZyvrJaiLQk,6,data/Ernest_Borgnine/1.6/7byARrJfhlI/9,650,7byARrJfhlI,9
data/Eddie_Kaye_Thomas/1.6/L9q6XabEpEI/10,865,L9q6XabEpEI,10,data/Emile_Hirsch/1.6/zii-zlYDpGc/6,158,zii-zlYDpGc,6
data/Eva_Green/1.6/XcXDiYWIS6E/4,833,XcXDiYWIS6E,4,data/Eddie_Izzard/1.6/SgBON1gLfbo/6,113,SgBON1gLfbo,6
data/Eartha_Kitt/1.6/x6uYqmx31kE/5,365,x6uYqmx31kE,5,data/Eli_Roth/1.6/clznvDi-ybg/4,753,clznvDi-ybg,4
data/Esai_Morales/1.6/K2_D_tFdAgY/39,437,K2_D_tFdAgY,39,data/Eva_Longoria/1.6/wtqPC9vEZ0M/11,716,wtqPC9vEZ0M,11
data/Eva_Green/1.6/IANjHJYjfW8/12,833,IANjHJYjfW8,12,data/Eddie_Izzard/1.6/5TWpQYtboq0/12,113,5TWpQYtboq0,12
data/Erik_Estrada/1.6/DWT9P35cXT4/2,1106,DWT9P35cXT4,2,data/Elle_Fanning/1.6/PlJd6NVoigs/1,1119,PlJd6NVoigs,1
data/Eric_Braeden/1.6/oTRparDs-84/1,364,oTRparDs-84,1,data/Elisabeth_Moss/1.6/FUqAFZmZJ80/8,587,FUqAFZmZJ80,8
data/Elodie_Yung/1.6/3g9CjhcNEWk/13,270,3g9CjhcNEWk,13,data/Eugenio_Derbez/1.6/nJbBcMdxQU4/13,1066,nJbBcMdxQU4,13
data/Ezra_Miller/1.6/qFrRfhWombs/5,106,qFrRfhWombs,5,data/Ellen_Burstyn/1.6/I99R40TUF1s/2,268,I99R40TUF1s,2
data/Edward_Asner/1.6/R_h7875g_PI/2,16,R_h7875g_PI,2,data/Eric_Roberts/1.6/FvbLoirHpx0/6,687,FvbLoirHpx0,6
data/Elle_Fanning/1.6/gkDeAS985L4/4,1119,gkDeAS985L4,4,data/Elle_Fanning/1.6/mYc2BIS0zWU/3,1119,mYc2BIS0zWU,3
data/Elodie_Yung/1.6/8l5ZnDf-FUA/17,270,8l5ZnDf-FUA,17,data/Eli_Roth/1.6/j5ArtKwbobY/13,753,j5ArtKwbobY,13
data/Eric_McCormack/1.6/SKwsA_nq1P8/6,379,SKwsA_nq1P8,6,data/Eric_Braeden/1.6/gETtCLtu1jA/2,364,gETtCLtu1jA,2
data/Eva_Longoria/1.6/x5H4xfXTh-I/1,716,x5H4xfXTh-I,1,data/Erin_Andrews/1.6/uaPd2Ix-wSI/9,919,uaPd2Ix-wSI,9
data/Eddie_McClintock/1.6/Mdk1SXywHck/16,699,Mdk1SXywHck,16,data/Eddie_McClintock/1.6/pV6cJibX6Ik/3,699,pV6cJibX6Ik,3
data/Ezra_Miller/1.6/XMLMvfrgdzY/3,106,XMLMvfrgdzY,3,data/Eugene_Levy/1.6/dz2ohrKoOBA/3,166,dz2ohrKoOBA,3
data/Eartha_Kitt/1.6/GWXujl-xAVM/53,365,GWXujl-xAVM,53,data/Eugenio_Derbez/1.6/Lipex1-E6VM/1,1066,Lipex1-E6VM,1
data/Eli_Roth/1.6/oGZsanLiXsY/1,753,oGZsanLiXsY,1,data/Erik_Estrada/1.6/U_1vfIVOigA/3,1106,U_1vfIVOigA,3
data/Eric_Roberts/1.6/utAY0zpsv1U/10,687,utAY0zpsv1U,10,data/Edward_Asner/1.6/Pp-rAswo4Xg/20,16,Pp-rAswo4Xg,20
data/Eli_Roth/1.6/r9-0pljhZqs/3,753,r9-0pljhZqs,3,data/Ernest_Borgnine/1.6/7byARrJfhlI/18,650,7byARrJfhlI,18
data/Emile_Hirsch/1.6/T1y64qFjv3M/2,158,T1y64qFjv3M,2,data/Emraan_Hashmi/1.6/3kzw8lTcUBU/18,457,3kzw8lTcUBU,18
data/Ed_Westwick/1.6/1gtz-CUIygI/16,844,1gtz-CUIygI,16,data/Ed_Westwick/1.6/gO805KoL2RM/5,844,gO805KoL2RM,5
data/Emraan_Hashmi/1.6/aVmHBUeThTQ/1,457,aVmHBUeThTQ,1,data/Esai_Morales/1.6/WAbHmvQ9zME/5,437,WAbHmvQ9zME,5
data/Eugene_Levy/1.6/o9bD_E99Jpg/5,166,o9bD_E99Jpg,5,data/Ezra_Miller/1.6/RkN41E3gRpc/2,106,RkN41E3gRpc,2
data/Eric_Braeden/1.6/NRMQOFYS41I/1,364,NRMQOFYS41I,1,data/Emraan_Hashmi/1.6/0zvzJa5HOUQ/1,457,0zvzJa5HOUQ,1
data/Emraan_Hashmi/1.6/ENIHEvg_VLM/12,457,ENIHEvg_VLM,12,data/Eli_Wallach/1.6/7yx9A0yzLYk/24,770,7yx9A0yzLYk,24
data/Eleanor_Tomlinson/1.6/U3xR3MZjEVg/6,906,U3xR3MZjEVg,6,data/Eli_Roth/1.6/vaK4t1-WD4M/31,753,vaK4t1-WD4M,31
data/Eleanor_Tomlinson/1.6/s4X9cwCCnFo/2,906,s4X9cwCCnFo,2,data/Ernest_Borgnine/1.6/8Sz2-IYJ2GA/14,650,8Sz2-IYJ2GA,14
data/Eric_Dane/1.6/nt7dNRvlEHE/2,983,nt7dNRvlEHE,2,data/Eva_Green/1.6/QRMq4DnyM3I/1,833,QRMq4DnyM3I,1
data/Edward_Asner/1.6/DSGE2F5sTcg/24,16,DSGE2F5sTcg,24,data/Eli_Roth/1.6/N69Hp2DGMLk/8,753,N69Hp2DGMLk,8
data/Emraan_Hashmi/1.6/ya6VNZp-pXw/28,457,ya6VNZp-pXw,28,data/Ezra_Miller/1.6/uTOEzdTJNmU/1,106,uTOEzdTJNmU,1
data/Eli_Roth/1.6/52SYuI0cCbQ/3,753,52SYuI0cCbQ,3,data/Ernest_Borgnine/1.6/xiFC4HwUcww/11,650,xiFC4HwUcww,11
data/Eric_McCormack/1.6/SKwsA_nq1P8/9,379,SKwsA_nq1P8,9,data/Eddie_Izzard/1.6/prqT1CcDqMc/10,113,prqT1CcDqMc,10
data/Emily_Atack/1.6/iPZGPcrYIZs/1,871,iPZGPcrYIZs,1,data/Eric_McCormack/1.6/tlP585mCdl0/2,379,tlP585mCdl0,2
data/Emraan_Hashmi/1.6/57KbI2UvGss/12,457,57KbI2UvGss,12,data/Estelle_Harris/1.6/EGtVKPy9xqM/1,518,EGtVKPy9xqM,1
data/Emile_Hirsch/1.6/FAOLWl96MY0/3,158,FAOLWl96MY0,3,data/Esai_Morales/1.6/2Er-cV85fc4/25,437,2Er-cV85fc4,25
data/Elle_Fanning/1.6/DPPq8w5ILrA/5,1119,DPPq8w5ILrA,5,data/Eugene_Levy/1.6/zV7LlMi0eHo/10,166,zV7LlMi0eHo,10
data/Eleanor_Tomlinson/1.6/qkZNuvX1UNo/4,906,qkZNuvX1UNo,4,data/Elle_Fanning/1.6/mYc2BIS0zWU/1,1119,mYc2BIS0zWU,1
data/Esai_Morales/1.6/n5Ffz_qwr58/3,437,n5Ffz_qwr58,3,data/Eva_Green/1.6/a2rD02CrRdU/1,833,a2rD02CrRdU,1
data/Elle_Fanning/1.6/isKyMAYUOgg/10,1119,isKyMAYUOgg,10,data/Emile_Hirsch/1.6/_mSMCsWY96o/1,158,_mSMCsWY96o,1
data/Eli_Wallach/1.6/7yx9A0yzLYk/13,770,7yx9A0yzLYk,13,data/Eleanor_Tomlinson/1.6/Zbz058o9j6s/4,906,Zbz058o9j6s,4
data/Eric_McCormack/1.6/iLMjiAp4rTo/5,379,iLMjiAp4rTo,5,data/Eugene_Levy/1.6/JQtDfEz08aU/22,166,JQtDfEz08aU,22
data/Eli_Roth/1.6/vaK4t1-WD4M/13,753,vaK4t1-WD4M,13,data/Ernest_Borgnine/1.6/xiFC4HwUcww/1,650,xiFC4HwUcww,1
data/Edgar_Wright/1.6/5YncBThNd5E/26,943,5YncBThNd5E,26,data/Elaine_Cassidy/1.6/9AtE4C309P8/9,491,9AtE4C309P8,9
data/Eric_Roberts/1.6/6pjKcuVoHLM/5,687,6pjKcuVoHLM,5,data/Eddie_Izzard/1.6/eLl_yTeuaKo/25,113,eLl_yTeuaKo,25
data/Edgar_Wright/1.6/YloBWJxXzMI/19,943,YloBWJxXzMI,19,data/Eric_McCormack/1.6/SKwsA_nq1P8/2,379,SKwsA_nq1P8,2
data/Eva_Longoria/1.6/120gjdqGWNQ/25,716,120gjdqGWNQ,25,data/Ezra_Miller/1.6/rxnN8thYzEQ/16,106,rxnN8thYzEQ,16
data/Eugenio_Derbez/1.6/vbDKF8bZJQA/10,1066,vbDKF8bZJQA,10,data/Eva_Longoria/1.6/0nH78dDh0N0/6,716,0nH78dDh0N0,6
data/Evanna_Lynch/1.6/sy19cFuDvX8/1,1129,sy19cFuDvX8,1,data/Erin_Andrews/1.6/752GDDvGPCA/1,919,752GDDvGPCA,1
data/Elodie_Yung/1.6/VIELknoQMyo/1,270,VIELknoQMyo,1,data/Ezra_Miller/1.6/e-IdJ8a4gy4/4,106,e-IdJ8a4gy4,4
data/Eric_Dane/1.6/D8jV1M4V6UQ/2,983,D8jV1M4V6UQ,2,data/Ernest_Borgnine/1.6/AsHhZ_bnpQg/1,650,AsHhZ_bnpQg,1
data/Erik_Estrada/1.6/U_1vfIVOigA/1,1106,U_1vfIVOigA,1,data/Eva_Longoria/1.6/cR5FfR4TbEI/6,716,cR5FfR4TbEI,6
data/Emile_Hirsch/1.6/HYiqXC0B3iY/16,158,HYiqXC0B3iY,16,data/Eoin_Macken/1.6/CvoEw4AJj6c/2,1015,CvoEw4AJj6c,2
data/Eoin_Macken/1.6/vD3qGRbmXws/3,1015,vD3qGRbmXws,3,data/Eva_Green/1.6/2SaEbN8hYz4/23,833,2SaEbN8hYz4,23
data/Esai_Morales/1.6/K2_D_tFdAgY/28,437,K2_D_tFdAgY,28,data/Ezra_Miller/1.6/vobW27_-JyQ/9,106,vobW27_-JyQ,9
data/Eli_Roth/1.6/oGZsanLiXsY/4,753,oGZsanLiXsY,4,data/Emraan_Hashmi/1.6/gm6PJowclv0/11,457,gm6PJowclv0,11
data/Emraan_Hashmi/1.6/gm6PJowclv0/12,457,gm6PJowclv0,12,data/Esai_Morales/1.6/VRCidrXwd1s/10,437,VRCidrXwd1s,10
data/Eva_Green/1.6/tELtXMqh_xg/2,833,tELtXMqh_xg,2,data/Ernest_Borgnine/1.6/2cAiIYHfon0/8,650,2cAiIYHfon0,8
data/Emile_Hirsch/1.6/zii-zlYDpGc/4,158,zii-zlYDpGc,4,data/Erik_Estrada/1.6/DWT9P35cXT4/6,1106,DWT9P35cXT4,6
data/Elisabeth_Moss/1.6/thghCiJZYwI/1,587,thghCiJZYwI,1,data/Eddie_Izzard/1.6/DE9lM-s8LcA/1,113,DE9lM-s8LcA,1
data/Estelle_Harris/1.6/vBG6MDaJtPk/2,518,vBG6MDaJtPk,2,data/Eric_Roberts/1.6/31XtFWtF7Sc/10,687,31XtFWtF7Sc,10
data/Ed_Westwick/1.6/1gtz-CUIygI/20,844,1gtz-CUIygI,20,data/Ezra_Miller/1.6/GyJHpVQmcvc/4,106,GyJHpVQmcvc,4
data/Efren_Ramirez/1.6/4Q1IvdayPR8/11,915,4Q1IvdayPR8,11,data/Eli_Roth/1.6/p5g1heXp34o/9,753,p5g1heXp34o,9
data/Eddie_Izzard/1.6/MqKFZOAwUsg/5,113,MqKFZOAwUsg,5,data/Ernest_Borgnine/1.6/Fi8lnFPYgII/5,650,Fi8lnFPYgII,5
data/Eartha_Kitt/1.6/GWXujl-xAVM/48,365,GWXujl-xAVM,48,data/Evanna_Lynch/1.6/igRoN6MXsWo/1,1129,igRoN6MXsWo,1
data/Eugene_Levy/1.6/JQtDfEz08aU/10,166,JQtDfEz08aU,10,data/Eddie_Izzard/1.6/xadnDft3rpU/2,113,xadnDft3rpU,2
data/Eli_Roth/1.6/x6M3KQ8-gM4/1,753,x6M3KQ8-gM4,1,data/Erik_Estrada/1.6/KaNukQi4imU/3,1106,KaNukQi4imU,3
data/Ellen_Wong/1.6/FIxC_PNJNkc/7,1156,FIxC_PNJNkc,7,data/Eva_Green/1.6/IANjHJYjfW8/11,833,IANjHJYjfW8,11
data/Eric_Braeden/1.6/VPcqW7TXwkw/1,364,VPcqW7TXwkw,1,data/Ernest_Borgnine/1.6/8Sz2-IYJ2GA/18,650,8Sz2-IYJ2GA,18
data/Emile_Hirsch/1.6/O-V_sInAw5M/4,158,O-V_sInAw5M,4,data/Elaine_Hendrix/1.6/RDFdX3VxjUQ/2,781,RDFdX3VxjUQ,2
data/Eva_Longoria/1.6/tiC1AaHnX7A/1,716,tiC1AaHnX7A,1,data/Ernest_Borgnine/1.6/Fi8lnFPYgII/3,650,Fi8lnFPYgII,3
data/Ezra_Miller/1.6/rxnN8thYzEQ/3,106,rxnN8thYzEQ,3,data/Eoin_Macken/1.6/g2jVmC3qCNA/7,1015,g2jVmC3qCNA,7
data/Emile_Hirsch/1.6/HYiqXC0B3iY/22,158,HYiqXC0B3iY,22,data/Elaine_Cassidy/1.6/v0Q-VyO4TjI/8,491,v0Q-VyO4TjI,8
data/Eugene_Levy/1.6/o9bD_E99Jpg/11,166,o9bD_E99Jpg,11,data/Edward_Asner/1.6/iEAqbqZ7dDg/16,16,iEAqbqZ7dDg,16
data/Ezra_Miller/1.6/XMLMvfrgdzY/10,106,XMLMvfrgdzY,10,data/Emraan_Hashmi/1.6/KgY2xhg4Tqk/10,457,KgY2xhg4Tqk,10
data/Edward_Asner/1.6/DSGE2F5sTcg/20,16,DSGE2F5sTcg,20,data/Eva_Green/1.6/ehwAeTUqH0s/4,833,ehwAeTUqH0s,4
data/Eugenio_Derbez/1.6/cpXXdMJuCdw/10,1066,cpXXdMJuCdw,10,data/Eli_Roth/1.6/oGZsanLiXsY/3,753,oGZsanLiXsY,3
data/Eugenio_Derbez/1.6/nJbBcMdxQU4/3,1066,nJbBcMdxQU4,3,data/Eva_Longoria/1.6/120gjdqGWNQ/18,716,120gjdqGWNQ,18
data/Eddie_McClintock/1.6/LqcUAxrtYOk/4,699,LqcUAxrtYOk,4,data/Edward_Asner/1.6/U4eRLL_--14/2,16,U4eRLL_--14,2
data/Eugene_Levy/1.6/o9bD_E99Jpg/3,166,o9bD_E99Jpg,3,data/Eartha_Kitt/1.6/5r0dWxy17C8/11,365,5r0dWxy17C8,11
data/Eric_Roberts/1.6/o1EKUvjvNHY/7,687,o1EKUvjvNHY,7,data/Eric_Braeden/1.6/ba0ZhyVTodw/1,364,ba0ZhyVTodw,1
data/Eric_McCormack/1.6/iLMjiAp4rTo/9,379,iLMjiAp4rTo,9,data/Edgar_Wright/1.6/lWeNK_hi-aI/4,943,lWeNK_hi-aI,4
data/Emraan_Hashmi/1.6/gm6PJowclv0/25,457,gm6PJowclv0,25,data/Eoin_Macken/1.6/MHOCv7pOmG4/7,1015,MHOCv7pOmG4,7
data/Eddie_Izzard/1.6/E50E5hbggyM/7,113,E50E5hbggyM,7,data/Esai_Morales/1.6/WAbHmvQ9zME/3,437,WAbHmvQ9zME,3
data/Elle_Fanning/1.6/mYc2BIS0zWU/2,1119,mYc2BIS0zWU,2,data/Elisabeth_Moss/1.6/uArtiTSTnSU/11,587,uArtiTSTnSU,11
data/Estelle_Harris/1.6/LKDWhdJQFco/4,518,LKDWhdJQFco,4,data/Edward_Asner/1.6/d6WJf6TOoIQ/3,16,d6WJf6TOoIQ,3
data/Eva_Longoria/1.6/p_ifY8mUFBM/2,716,p_ifY8mUFBM,2,data/Eli_Roth/1.6/gAKHqHbNt2g/6,753,gAKHqHbNt2g,6
data/Ernest_Borgnine/1.6/8EDKH42GZ1o/20,650,8EDKH42GZ1o,20,data/Eric_Dane/1.6/D8jV1M4V6UQ/5,983,D8jV1M4V6UQ,5
data/Eric_Roberts/1.6/0mtJFC7OJv4/4,687,0mtJFC7OJv4,4,data/Elaine_Hendrix/1.6/ni6gO5jDLJE/6,781,ni6gO5jDLJE,6
data/Elisabeth_Moss/1.6/d-ZEojJk-rs/3,587,d-ZEojJk-rs,3,data/Ellen_Burstyn/1.6/ryVdclLx7Yo/4,268,ryVdclLx7Yo,4
data/Eli_Roth/1.6/j5ArtKwbobY/2,753,j5ArtKwbobY,2,data/Eric_Braeden/1.6/dYC_mN16I_k/6,364,dYC_mN16I_k,6
data/Emile_Hirsch/1.6/cIi74VD0LF0/9,158,cIi74VD0LF0,9,data/Edward_Asner/1.6/DSGE2F5sTcg/12,16,DSGE2F5sTcg,12
data/Elaine_Hendrix/1.6/RDFdX3VxjUQ/18,781,RDFdX3VxjUQ,18,data/Ed_Westwick/1.6/PfcJLmkhGbk/1,844,PfcJLmkhGbk,1
data/Eugenio_Derbez/1.6/Piw0wvQbpnQ/3,1066,Piw0wvQbpnQ,3,data/Elle_Fanning/1.6/7I1GtGzVfmw/9,1119,7I1GtGzVfmw,9
data/Emraan_Hashmi/1.6/0zvzJa5HOUQ/4,457,0zvzJa5HOUQ,4,data/Ernest_Borgnine/1.6/1ZyvrJaiLQk/30,650,1ZyvrJaiLQk,30
data/Ellen_Wong/1.6/FIxC_PNJNkc/4,1156,FIxC_PNJNkc,4,data/Eddie_Griffin/1.6/0qqQJVFKpbA/3,1014,0qqQJVFKpbA,3
data/Elisabeth_Moss/1.6/uArtiTSTnSU/1,587,uArtiTSTnSU,1,data/Eva_Green/1.6/C3AhSlYJd3w/3,833,C3AhSlYJd3w,3
data/Eoin_Macken/1.6/SJxWXqMu2ds/7,1015,SJxWXqMu2ds,7,data/Esai_Morales/1.6/K2IuvkS1s38/2,437,K2IuvkS1s38,2
data/Ernest_Borgnine/1.6/SQzWyPhRqmk/7,650,SQzWyPhRqmk,7,data/Eugene_Levy/1.6/o9bD_E99Jpg/1,166,o9bD_E99Jpg,1
data/Eli_Roth/1.6/gAKHqHbNt2g/1,753,gAKHqHbNt2g,1,data/Estelle_Harris/1.6/Zs8VK91yVMI/19,518,Zs8VK91yVMI,19
data/Eugenio_Derbez/1.6/Piw0wvQbpnQ/19,1066,Piw0wvQbpnQ,19,data/Eli_Roth/1.6/r9-0pljhZqs/7,753,r9-0pljhZqs,7
data/Eugene_Levy/1.6/zV7LlMi0eHo/13,166,zV7LlMi0eHo,13,data/Eartha_Kitt/1.6/x6uYqmx31kE/2,365,x6uYqmx31kE,2
data/Eugenio_Derbez/1.6/vCgqnwCfkvw/1,1066,vCgqnwCfkvw,1,data/Esai_Morales/1.6/YQCymlcowOg/1,437,YQCymlcowOg,1
data/Eric_Roberts/1.6/o1EKUvjvNHY/5,687,o1EKUvjvNHY,5,data/Elodie_Yung/1.6/3g9CjhcNEWk/7,270,3g9CjhcNEWk,7
data/Emily_Atack/1.6/kt4P4cyTpWQ/1,871,kt4P4cyTpWQ,1,data/Emraan_Hashmi/1.6/KgY2xhg4Tqk/9,457,KgY2xhg4Tqk,9
data/Efren_Ramirez/1.6/DTbpchx4xes/10,915,DTbpchx4xes,10,data/Eli_Roth/1.6/r9-0pljhZqs/17,753,r9-0pljhZqs,17
data/Eva_Longoria/1.6/0nH78dDh0N0/8,716,0nH78dDh0N0,8,data/Evanna_Lynch/1.6/S5BJ45l7wWY/3,1129,S5BJ45l7wWY,3
data/Eva_Longoria/1.6/120gjdqGWNQ/1,716,120gjdqGWNQ,1,data/Emile_Hirsch/1.6/HYiqXC0B3iY/8,158,HYiqXC0B3iY,8
data/Elisabeth_Moss/1.6/FUqAFZmZJ80/3,587,FUqAFZmZJ80,3,data/Eva_Longoria/1.6/c_aEjTGGhZ4/11,716,c_aEjTGGhZ4,11
data/Eli_Roth/1.6/gAKHqHbNt2g/8,753,gAKHqHbNt2g,8,data/Edgar_Wright/1.6/FDhJhEu0JUM/1,943,FDhJhEu0JUM,1
data/Eugenio_Derbez/1.6/3QrLepYlH6o/5,1066,3QrLepYlH6o,5,data/Elaine_Cassidy/1.6/9AtE4C309P8/6,491,9AtE4C309P8,6
data/Emile_Hirsch/1.6/A3QwQ3D35rc/4,158,A3QwQ3D35rc,4,data/Elaine_Hendrix/1.6/ni6gO5jDLJE/4,781,ni6gO5jDLJE,4
data/Estelle_Harris/1.6/LKDWhdJQFco/9,518,LKDWhdJQFco,9,data/Edward_Asner/1.6/Pp-rAswo4Xg/10,16,Pp-rAswo4Xg,10
data/Ernest_Borgnine/1.6/fAe7DXqrZls/12,650,fAe7DXqrZls,12,data/Estelle_Harris/1.6/R5JGtwc4o1M/16,518,R5JGtwc4o1M,16
data/Eartha_Kitt/1.6/5r0dWxy17C8/26,365,5r0dWxy17C8,26,data/Elaine_Hendrix/1.6/RDFdX3VxjUQ/16,781,RDFdX3VxjUQ,16
data/Eddie_Izzard/1.6/eLl_yTeuaKo/3,113,eLl_yTeuaKo,3,data/Ernest_Borgnine/1.6/1ZyvrJaiLQk/14,650,1ZyvrJaiLQk,14
data/Eartha_Kitt/1.6/x6uYqmx31kE/12,365,x6uYqmx31kE,12,data/Eric_Braeden/1.6/3BRezdwX-4I/2,364,3BRezdwX-4I,2
data/Efren_Ramirez/1.6/4Q1IvdayPR8/16,915,4Q1IvdayPR8,16,data/Eli_Roth/1.6/u3s9xdUlmmk/4,753,u3s9xdUlmmk,4
data/Emily_Atack/1.6/kt4P4cyTpWQ/10,871,kt4P4cyTpWQ,10,data/Eva_Green/1.6/2SaEbN8hYz4/17,833,2SaEbN8hYz4,17
data/Emily_Atack/1.6/4aLg_keiGHw/6,871,4aLg_keiGHw,6,data/Edgar_Wright/1.6/CAhGBfTmCHw/6,943,CAhGBfTmCHw,6
data/Emile_Hirsch/1.6/HYiqXC0B3iY/23,158,HYiqXC0B3iY,23,data/Eli_Roth/1.6/r9-0pljhZqs/8,753,r9-0pljhZqs,8
data/Elle_Fanning/1.6/ZAK9gLYNqPs/3,1119,ZAK9gLYNqPs,3,data/Edward_Asner/1.6/Pp-rAswo4Xg/16,16,Pp-rAswo4Xg,16
data/Estelle_Harris/1.6/VCEs8oAQAiM/6,518,VCEs8oAQAiM,6,data/Eddie_Izzard/1.6/gHPh9j7lc58/1,113,gHPh9j7lc58,1
data/Ed_Westwick/1.6/1gtz-CUIygI/14,844,1gtz-CUIygI,14,data/Evanna_Lynch/1.6/ygGJs_Rh7ds/9,1129,ygGJs_Rh7ds,9
data/Ellen_Wong/1.6/FIxC_PNJNkc/8,1156,FIxC_PNJNkc,8,data/Ernest_Borgnine/1.6/1ZyvrJaiLQk/17,650,1ZyvrJaiLQk,17
data/Ellen_Burstyn/1.6/I99R40TUF1s/14,268,I99R40TUF1s,14,data/Elodie_Yung/1.6/8l5ZnDf-FUA/10,270,8l5ZnDf-FUA,10
data/Eugenio_Derbez/1.6/3QrLepYlH6o/8,1066,3QrLepYlH6o,8,data/Emraan_Hashmi/1.6/6tjKon0hiy4/2,457,6tjKon0hiy4,2
data/Eddie_Kaye_Thomas/1.6/L9q6XabEpEI/2,865,L9q6XabEpEI,2,data/Eugene_Levy/1.6/GbpCKIcUyGA/3,166,GbpCKIcUyGA,3
data/Eli_Wallach/1.6/7yx9A0yzLYk/41,770,7yx9A0yzLYk,41,data/Elle_Fanning/1.6/mmFmN0OPhKs/6,1119,mmFmN0OPhKs,6
data/Eoin_Macken/1.6/k1jiAINXHRI/24,1015,k1jiAINXHRI,24,data/Elle_Fanning/1.6/7I1GtGzVfmw/11,1119,7I1GtGzVfmw,11
data/Emraan_Hashmi/1.6/KgY2xhg4Tqk/7,457,KgY2xhg4Tqk,7,data/Eugene_Levy/1.6/hDBMV_0Vz4E/15,166,hDBMV_0Vz4E,15
data/Eli_Roth/1.6/r9-0pljhZqs/9,753,r9-0pljhZqs,9,data/Eli_Roth/1.6/vv4mvANXHcs/3,753,vv4mvANXHcs,3
data/Eduardo_Noriega/1.6/tbh20gz_KRA/4,112,tbh20gz_KRA,4,data/Eric_Braeden/1.6/49XYNpeN23I/12,364,49XYNpeN23I,12
data/Ernest_Borgnine/1.6/7byARrJfhlI/3,650,7byARrJfhlI,3,data/Ernest_Borgnine/1.6/Fi8lnFPYgII/4,650,Fi8lnFPYgII,4
data/Emraan_Hashmi/1.6/YvmWRnJnTz0/3,457,YvmWRnJnTz0,3,data/Emraan_Hashmi/1.6/ETJd_jPboYc/11,457,ETJd_jPboYc,11
data/Estelle_Harris/1.6/Zs8VK91yVMI/13,518,Zs8VK91yVMI,13,data/Eoin_Macken/1.6/k1jiAINXHRI/14,1015,k1jiAINXHRI,14
data/Eugene_Levy/1.6/7geDDtDmWQU/3,166,7geDDtDmWQU,3,data/Emraan_Hashmi/1.6/gm6PJowclv0/1,457,gm6PJowclv0,1
data/Eric_McCormack/1.6/iLMjiAp4rTo/3,379,iLMjiAp4rTo,3,data/Eoin_Macken/1.6/8lGvPwJszxI/4,1015,8lGvPwJszxI,4
data/Eugene_Levy/1.6/Wab8UZNYhM0/1,166,Wab8UZNYhM0,1,data/Ellen_Wong/1.6/A3ZvNuG8_oM/9,1156,A3ZvNuG8_oM,9
data/Eugene_Levy/1.6/JQtDfEz08aU/12,166,JQtDfEz08aU,12,data/Eoin_Macken/1.6/TnOGBL8p-RM/1,1015,TnOGBL8p-RM,1
data/Eli_Roth/1.6/GcHWzqveqyc/2,753,GcHWzqveqyc,2,data/Ed_Westwick/1.6/1gtz-CUIygI/7,844,1gtz-CUIygI,7
data/Ezra_Miller/1.6/rqaAm4bEsXc/2,106,rqaAm4bEsXc,2,data/Efren_Ramirez/1.6/Tm9IlscJgCw/1,915,Tm9IlscJgCw,1
data/Elle_Fanning/1.6/J37FfHHefdc/1,1119,J37FfHHefdc,1,data/Erin_Andrews/1.6/IwB3vu418E4/5,919,IwB3vu418E4,5
data/Eva_Longoria/1.6/Zftj0BQFRdY/2,716,Zftj0BQFRdY,2,data/Ernest_Borgnine/1.6/pVKJjm4sKdI/3,650,pVKJjm4sKdI,3
data/Eoin_Macken/1.6/Mp1IXRquJ9s/3,1015,Mp1IXRquJ9s,3,data/Ezra_Miller/1.6/vobW27_-JyQ/1,106,vobW27_-JyQ,1
data/Eva_Green/1.6/dV9uAF9vGds/1,833,dV9uAF9vGds,1,data/Eli_Wallach/1.6/YN4cTBWM-QE/5,770,YN4cTBWM-QE,5
data/Ernest_Borgnine/1.6/1ZyvrJaiLQk/32,650,1ZyvrJaiLQk,32,data/Eric_Braeden/1.6/VweNonqOdrE/6,364,VweNonqOdrE,6
data/Emile_Hirsch/1.6/A3QwQ3D35rc/2,158,A3QwQ3D35rc,2,data/Ernest_Borgnine/1.6/fAe7DXqrZls/19,650,fAe7DXqrZls,19
data/Erin_Andrews/1.6/uaPd2Ix-wSI/2,919,uaPd2Ix-wSI,2,data/Ernie_Hudson/1.6/vhzF7dhGJzI/5,1132,vhzF7dhGJzI,5
data/Edgar_Wright/1.6/P91fRfZ0PEE/1,943,P91fRfZ0PEE,1,data/Ernie_Hudson/1.6/VIAnMw7J5tI/4,1132,VIAnMw7J5tI,4
data/Elle_Fanning/1.6/ZAK9gLYNqPs/4,1119,ZAK9gLYNqPs,4,data/Eva_Green/1.6/C3AhSlYJd3w/4,833,C3AhSlYJd3w,4
data/Ezra_Miller/1.6/0b1inHMAr6o/4,106,0b1inHMAr6o,4,data/Erik_Estrada/1.6/6qFnVechX9o/18,1106,6qFnVechX9o,18
data/Eddie_Izzard/1.6/eLl_yTeuaKo/24,113,eLl_yTeuaKo,24,data/Emraan_Hashmi/1.6/azw51ZGuz9k/3,457,azw51ZGuz9k,3
data/Ernest_Borgnine/1.6/mYSVs_d1aMQ/2,650,mYSVs_d1aMQ,2,data/Esai_Morales/1.6/2Er-cV85fc4/14,437,2Er-cV85fc4,14
data/Emraan_Hashmi/1.6/ya6VNZp-pXw/9,457,ya6VNZp-pXw,9,data/Ezra_Miller/1.6/V_tzoDBiP8A/6,106,V_tzoDBiP8A,6
data/Eleanor_Tomlinson/1.6/YmJBoCojXf4/1,906,YmJBoCojXf4,1,data/Ellen_Burstyn/1.6/I99R40TUF1s/11,268,I99R40TUF1s,11
data/Eric_McCormack/1.6/mQ5JkSVET7c/4,379,mQ5JkSVET7c,4,data/Esai_Morales/1.6/K2_D_tFdAgY/5,437,K2_D_tFdAgY,5
data/Eric_Dane/1.6/NLyQte6Mhj0/1,983,NLyQte6Mhj0,1,data/Elodie_Yung/1.6/sf4uMnkYFG8/6,270,sf4uMnkYFG8,6
data/Ernest_Borgnine/1.6/1ZyvrJaiLQk/27,650,1ZyvrJaiLQk,27,data/Edgar_Wright/1.6/3vWez3baO60/1,943,3vWez3baO60,1
data/Eva_Green/1.6/ehwAeTUqH0s/1,833,ehwAeTUqH0s,1,data/Eoin_Macken/1.6/k1jiAINXHRI/16,1015,k1jiAINXHRI,16
data/Erik_Estrada/1.6/6qFnVechX9o/20,1106,6qFnVechX9o,20,data/Eva_Longoria/1.6/wtqPC9vEZ0M/5,716,wtqPC9vEZ0M,5
data/Edward_Asner/1.6/R_h7875g_PI/3,16,R_h7875g_PI,3,data/Eartha_Kitt/1.6/5r0dWxy17C8/16,365,5r0dWxy17C8,16
data/Esai_Morales/1.6/VRCidrXwd1s/5,437,VRCidrXwd1s,5,data/Eric_Braeden/1.6/49XYNpeN23I/7,364,49XYNpeN23I,7
data/Eli_Wallach/1.6/7yx9A0yzLYk/38,770,7yx9A0yzLYk,38,data/Eli_Roth/1.6/N69Hp2DGMLk/4,753,N69Hp2DGMLk,4
data/Eva_Green/1.6/2SaEbN8hYz4/1,833,2SaEbN8hYz4,1,data/Eoin_Macken/1.6/TnOGBL8p-RM/13,1015,TnOGBL8p-RM,13
data/Eric_Braeden/1.6/VPcqW7TXwkw/2,364,VPcqW7TXwkw,2,data/Efren_Ramirez/1.6/nTPJ6asPSV0/4,915,nTPJ6asPSV0,4
data/Eva_Longoria/1.6/IpBtAcwbQb0/5,716,IpBtAcwbQb0,5,data/Eric_Braeden/1.6/ba0ZhyVTodw/3,364,ba0ZhyVTodw,3
data/Edgar_Wright/1.6/AeZoMAJ4Ejs/10,943,AeZoMAJ4Ejs,10,data/Edgar_Wright/1.6/CooJzMgoxzw/6,943,CooJzMgoxzw,6
data/Eugenio_Derbez/1.6/Ih2s_PikIdI/1,1066,Ih2s_PikIdI,1,data/Eoin_Macken/1.6/MHOCv7pOmG4/1,1015,MHOCv7pOmG4,1
data/Ernest_Borgnine/1.6/Fi8lnFPYgII/18,650,Fi8lnFPYgII,18,data/Ezra_Miller/1.6/qFrRfhWombs/2,106,qFrRfhWombs,2
data/Eartha_Kitt/1.6/8jEAjG6SegY/24,365,8jEAjG6SegY,24,data/Eva_Longoria/1.6/0nH78dDh0N0/3,716,0nH78dDh0N0,3
data/Esai_Morales/1.6/K2_D_tFdAgY/30,437,K2_D_tFdAgY,30,data/Eva_Green/1.6/kQOkcEZUpJ4/7,833,kQOkcEZUpJ4,7
data/Edward_Asner/1.6/shA_TsV-PFs/2,16,shA_TsV-PFs,2,data/Eddie_Izzard/1.6/xN2fSTQHHkw/2,113,xN2fSTQHHkw,2
data/Edgar_Wright/1.6/HrA2BLcLApA/23,943,HrA2BLcLApA,23,data/Eva_Green/1.6/5jsUg3uxG-E/6,833,5jsUg3uxG-E,6
data/Eric_Dane/1.6/3tvnlmkCiTw/5,983,3tvnlmkCiTw,5,data/Ernest_Borgnine/1.6/8Sz2-IYJ2GA/4,650,8Sz2-IYJ2GA,4
data/Eoin_Macken/1.6/OMOpC0gi-gQ/2,1015,OMOpC0gi-gQ,2,data/Eleanor_Tomlinson/1.6/Tf6tGc30MVM/4,906,Tf6tGc30MVM,4
data/Edward_Asner/1.6/Pp-rAswo4Xg/1,16,Pp-rAswo4Xg,1,data/Eddie_Izzard/1.6/ZpPPaMazpf0/4,113,ZpPPaMazpf0,4
data/Estelle_Harris/1.6/Zs8VK91yVMI/23,518,Zs8VK91yVMI,23,data/Eva_Longoria/1.6/wtqPC9vEZ0M/12,716,wtqPC9vEZ0M,12
data/Eric_Roberts/1.6/uxHwuJ59xNk/3,687,uxHwuJ59xNk,3,data/Ellen_Wong/1.6/dRr05CxK0jQ/4,1156,dRr05CxK0jQ,4
data/Eddie_McClintock/1.6/vAr7raTthpw/2,699,vAr7raTthpw,2,data/Eva_Green/1.6/C3AhSlYJd3w/2,833,C3AhSlYJd3w,2
data/Ernest_Borgnine/1.6/fAe7DXqrZls/14,650,fAe7DXqrZls,14,data/Elaine_Hendrix/1.6/1CiBWgsHT4E/7,781,1CiBWgsHT4E,7
data/Eva_Longoria/1.6/yUv37vQWmzE/12,716,yUv37vQWmzE,12,data/Eli_Roth/1.6/gAKHqHbNt2g/14,753,gAKHqHbNt2g,14
data/Eva_Longoria/1.6/Zftj0BQFRdY/1,716,Zftj0BQFRdY,1,data/Eleanor_Tomlinson/1.6/neQO6_CUY4w/1,906,neQO6_CUY4w,1
data/Ezra_Miller/1.6/RkN41E3gRpc/1,106,RkN41E3gRpc,1,data/Edward_Asner/1.6/shA_TsV-PFs/9,16,shA_TsV-PFs,9
data/Eddie_Izzard/1.6/GRB1GXRafiY/1,113,GRB1GXRafiY,1,data/Edward_Asner/1.6/shA_TsV-PFs/6,16,shA_TsV-PFs,6
data/Emile_Hirsch/1.6/HYiqXC0B3iY/9,158,HYiqXC0B3iY,9,data/Emraan_Hashmi/1.6/ya6VNZp-pXw/35,457,ya6VNZp-pXw,35
data/Eddie_Kaye_Thomas/1.6/89UnsytX6Y8/11,865,89UnsytX6Y8,11,data/Eli_Roth/1.6/gAKHqHbNt2g/7,753,gAKHqHbNt2g,7
data/Ellen_Wong/1.6/R4S2c-NiPfA/6,1156,R4S2c-NiPfA,6,data/Emraan_Hashmi/1.6/YvmWRnJnTz0/6,457,YvmWRnJnTz0,6
data/Emraan_Hashmi/1.6/3kzw8lTcUBU/2,457,3kzw8lTcUBU,2,data/Erik_Estrada/1.6/U_1vfIVOigA/11,1106,U_1vfIVOigA,11
data/Eduardo_Noriega/1.6/tbh20gz_KRA/25,112,tbh20gz_KRA,25,data/Elodie_Yung/1.6/7UePD3HoAS8/6,270,7UePD3HoAS8,6
data/Eva_Longoria/1.6/c_aEjTGGhZ4/7,716,c_aEjTGGhZ4,7,data/Ezra_Miller/1.6/RkN41E3gRpc/3,106,RkN41E3gRpc,3
data/Elaine_Cassidy/1.6/9AtE4C309P8/16,491,9AtE4C309P8,16,data/Eddie_McClintock/1.6/pV6cJibX6Ik/2,699,pV6cJibX6Ik,2
data/Edgar_Wright/1.6/5YncBThNd5E/12,943,5YncBThNd5E,12,data/Erik_Estrada/1.6/a0S-epXYJME/3,1106,a0S-epXYJME,3
data/Ernest_Borgnine/1.6/xiFC4HwUcww/14,650,xiFC4HwUcww,14,data/Elisabeth_Moss/1.6/9HcPA8lluoY/5,587,9HcPA8lluoY,5
data/Ellen_Burstyn/1.6/I99R40TUF1s/4,268,I99R40TUF1s,4,data/Emraan_Hashmi/1.6/gm6PJowclv0/20,457,gm6PJowclv0,20
data/Elle_Fanning/1.6/cJ40ZqTY3dQ/9,1119,cJ40ZqTY3dQ,9,data/Ernest_Borgnine/1.6/1ZyvrJaiLQk/19,650,1ZyvrJaiLQk,19
data/Eoin_Macken/1.6/BbAymRBSpPM/3,1015,BbAymRBSpPM,3,data/Evanna_Lynch/1.6/ygGJs_Rh7ds/2,1129,ygGJs_Rh7ds,2
data/Eric_Roberts/1.6/p08spQszEYU/2,687,p08spQszEYU,2,data/Eddie_Kaye_Thomas/1.6/s7vZT3_8Smo/4,865,s7vZT3_8Smo,4
data/Eoin_Macken/1.6/Mp1IXRquJ9s/11,1015,Mp1IXRquJ9s,11,data/Elle_Fanning/1.6/L2jRsPDZGgw/11,1119,L2jRsPDZGgw,11
data/Emraan_Hashmi/1.6/ETJd_jPboYc/5,457,ETJd_jPboYc,5,data/Eric_McCormack/1.6/_BVSKK5mGnY/2,379,_BVSKK5mGnY,2
data/Eddie_Izzard/1.6/8cfyJEV7hP8/24,113,8cfyJEV7hP8,24,data/Eleanor_Tomlinson/1.6/Tf6tGc30MVM/1,906,Tf6tGc30MVM,1
data/Eric_McCormack/1.6/0mOnLGSG2jM/1,379,0mOnLGSG2jM,1,data/Eleanor_Tomlinson/1.6/Tf6tGc30MVM/2,906,Tf6tGc30MVM,2
data/Eddie_Izzard/1.6/E50E5hbggyM/3,113,E50E5hbggyM,3,data/Eli_Roth/1.6/j5ArtKwbobY/12,753,j5ArtKwbobY,12
data/Eva_Green/1.6/DarlV0H_um8/1,833,DarlV0H_um8,1,data/Eric_Roberts/1.6/FvbLoirHpx0/3,687,FvbLoirHpx0,3
data/Eddie_McClintock/1.6/Mdk1SXywHck/5,699,Mdk1SXywHck,5,data/Eddie_Izzard/1.6/ZpPPaMazpf0/10,113,ZpPPaMazpf0,10
data/Elisabeth_Moss/1.6/9HcPA8lluoY/3,587,9HcPA8lluoY,3,data/Ernest_Borgnine/1.6/8Sz2-IYJ2GA/23,650,8Sz2-IYJ2GA,23
data/Elle_Fanning/1.6/DPPq8w5ILrA/2,1119,DPPq8w5ILrA,2,data/Eric_McCormack/1.6/OVqjDafJiGQ/2,379,OVqjDafJiGQ,2
data/Eric_Braeden/1.6/VweNonqOdrE/2,364,VweNonqOdrE,2,data/Erik_Estrada/1.6/hjvQiiG71rM/2,1106,hjvQiiG71rM,2
data/Elodie_Yung/1.6/fGlKVvjgUdY/3,270,fGlKVvjgUdY,3,data/Estelle_Harris/1.6/R5JGtwc4o1M/13,518,R5JGtwc4o1M,13
data/Ellen_Wong/1.6/JzNVSA7eFwc/1,1156,JzNVSA7eFwc,1,data/Eli_Roth/1.6/j8UugkSTzzk/3,753,j8UugkSTzzk,3
data/Eric_Dane/1.6/NZvythQO-SM/2,983,NZvythQO-SM,2,data/Eli_Wallach/1.6/7yx9A0yzLYk/19,770,7yx9A0yzLYk,19
data/Eugene_Levy/1.6/CN6JpPYbHCQ/7,166,CN6JpPYbHCQ,7,data/Ed_Westwick/1.6/1gtz-CUIygI/1,844,1gtz-CUIygI,1
data/Erik_Estrada/1.6/6qFnVechX9o/21,1106,6qFnVechX9o,21,data/Eoin_Macken/1.6/k1jiAINXHRI/25,1015,k1jiAINXHRI,25
data/Esai_Morales/1.6/VRCidrXwd1s/11,437,VRCidrXwd1s,11,data/Ernest_Borgnine/1.6/Fi8lnFPYgII/6,650,Fi8lnFPYgII,6
data/Eric_McCormack/1.6/f_k09R8r_cA/3,379,f_k09R8r_cA,3,data/Elaine_Cassidy/1.6/PQBBKBYGWgU/2,491,PQBBKBYGWgU,2
data/Elaine_Cassidy/1.6/PQBBKBYGWgU/7,491,PQBBKBYGWgU,7,data/Ernest_Borgnine/1.6/85wn4sW4CgQ/1,650,85wn4sW4CgQ,1
data/Eleanor_Tomlinson/1.6/qkZNuvX1UNo/1,906,qkZNuvX1UNo,1,data/Ed_Westwick/1.6/EOQXxK1whgU/2,844,EOQXxK1whgU,2
data/Eddie_Griffin/1.6/dkN2DIBrXqQ/4,1014,dkN2DIBrXqQ,4,data/Edgar_Wright/1.6/AeZoMAJ4Ejs/3,943,AeZoMAJ4Ejs,3
data/Ellen_Burstyn/1.6/I99R40TUF1s/16,268,I99R40TUF1s,16,data/Eva_Longoria/1.6/c_aEjTGGhZ4/3,716,c_aEjTGGhZ4,3
data/Elodie_Yung/1.6/7UePD3HoAS8/5,270,7UePD3HoAS8,5,data/Eddie_Izzard/1.6/hW0Q6eHqN-U/11,113,hW0Q6eHqN-U,11
data/Elle_Fanning/1.6/DPPq8w5ILrA/7,1119,DPPq8w5ILrA,7,data/Eduardo_Noriega/1.6/znxUWA2QAGs/11,112,znxUWA2QAGs,11
data/Eddie_Izzard/1.6/oBaIbyCrTVw/8,113,oBaIbyCrTVw,8,data/Erik_Estrada/1.6/hjvQiiG71rM/5,1106,hjvQiiG71rM,5
data/Eric_Braeden/1.6/49XYNpeN23I/8,364,49XYNpeN23I,8,data/Eduardo_Noriega/1.6/znxUWA2QAGs/12,112,znxUWA2QAGs,12
data/Eva_Green/1.6/yZc0ySzPBzE/2,833,yZc0ySzPBzE,2,data/Edward_Asner/1.6/Pp-rAswo4Xg/5,16,Pp-rAswo4Xg,5
data/Ernest_Borgnine/1.6/8Sz2-IYJ2GA/1,650,8Sz2-IYJ2GA,1,data/Ernest_Borgnine/1.6/Fi8lnFPYgII/13,650,Fi8lnFPYgII,13
data/Eddie_Kaye_Thomas/1.6/89UnsytX6Y8/7,865,89UnsytX6Y8,7,data/Eva_Longoria/1.6/f8Ms66atECE/3,716,f8Ms66atECE,3
data/Efren_Ramirez/1.6/IvOQNamNtF4/1,915,IvOQNamNtF4,1,data/Edward_Asner/1.6/x5dqrDlwxR4/3,16,x5dqrDlwxR4,3
data/Ernie_Hudson/1.6/rXRbmL7nzIo/2,1132,rXRbmL7nzIo,2,data/Eduardo_Noriega/1.6/znxUWA2QAGs/7,112,znxUWA2QAGs,7
data/Emile_Hirsch/1.6/dDnqp9503Mg/3,158,dDnqp9503Mg,3,data/Emraan_Hashmi/1.6/2oMmz2DTAp4/1,457,2oMmz2DTAp4,1
data/Eddie_Izzard/1.6/8cfyJEV7hP8/20,113,8cfyJEV7hP8,20,data/Eugenio_Derbez/1.6/nJbBcMdxQU4/6,1066,nJbBcMdxQU4,6
data/Eartha_Kitt/1.6/GWXujl-xAVM/32,365,GWXujl-xAVM,32,data/Emily_Atack/1.6/4aLg_keiGHw/2,871,4aLg_keiGHw,2
data/Eduardo_Noriega/1.6/UIbPolhxLDI/3,112,UIbPolhxLDI,3,data/Eoin_Macken/1.6/EHtXD7XFeeI/3,1015,EHtXD7XFeeI,3
data/Eric_Dane/1.6/K1gPy1UKmBE/16,983,K1gPy1UKmBE,16,data/Ernest_Borgnine/1.6/8Sz2-IYJ2GA/9,650,8Sz2-IYJ2GA,9
data/Eva_Green/1.6/ehwAeTUqH0s/2,833,ehwAeTUqH0s,2,data/Eugene_Levy/1.6/zV7LlMi0eHo/6,166,zV7LlMi0eHo,6
data/Eli_Roth/1.6/eC9ZIOvohds/2,753,eC9ZIOvohds,2,data/Eleanor_Tomlinson/1.6/neQO6_CUY4w/7,906,neQO6_CUY4w,7
data/Efren_Ramirez/1.6/PQHz4fGHPK8/7,915,PQHz4fGHPK8,7,data/Ernest_Borgnine/1.6/8Sz2-IYJ2GA/17,650,8Sz2-IYJ2GA,17
data/Eddie_Izzard/1.6/8cfyJEV7hP8/37,113,8cfyJEV7hP8,37,data/Ed_Westwick/1.6/gO805KoL2RM/6,844,gO805KoL2RM,6
data/Eric_Braeden/1.6/49XYNpeN23I/6,364,49XYNpeN23I,6,data/Eli_Wallach/1.6/RNYNkXzY5Hk/15,770,RNYNkXzY5Hk,15
data/Eli_Roth/1.6/uA1E_38TuTw/5,753,uA1E_38TuTw,5,data/Elle_Fanning/1.6/FP4TghS5_UQ/3,1119,FP4TghS5_UQ,3
data/Eric_Braeden/1.6/NRMQOFYS41I/3,364,NRMQOFYS41I,3,data/Eddie_McClintock/1.6/ICEJz3WX2n0/1,699,ICEJz3WX2n0,1
data/Eva_Green/1.6/TCCDPfjdhxo/1,833,TCCDPfjdhxo,1,data/Eric_Dane/1.6/ywZWrIt52KQ/1,983,ywZWrIt52KQ,1
data/Emraan_Hashmi/1.6/ya6VNZp-pXw/8,457,ya6VNZp-pXw,8,data/Elle_Fanning/1.6/9K2YB1d8BqY/16,1119,9K2YB1d8BqY,16
data/Elaine_Cassidy/1.6/Np6typH1VKE/2,491,Np6typH1VKE,2,data/Eli_Roth/1.6/u3s9xdUlmmk/7,753,u3s9xdUlmmk,7
data/Emraan_Hashmi/1.6/azw51ZGuz9k/13,457,azw51ZGuz9k,13,data/Eli_Roth/1.6/vaK4t1-WD4M/44,753,vaK4t1-WD4M,44
data/Edward_Asner/1.6/x5dqrDlwxR4/5,16,x5dqrDlwxR4,5,data/Elaine_Hendrix/1.6/NHARUN9OhSo/5,781,NHARUN9OhSo,5
data/Eddie_McClintock/1.6/HK20g60KlTI/2,699,HK20g60KlTI,2,data/Esai_Morales/1.6/K2_D_tFdAgY/13,437,K2_D_tFdAgY,13
data/Eric_Braeden/1.6/ba0ZhyVTodw/6,364,ba0ZhyVTodw,6,data/Estelle_Harris/1.6/vBG6MDaJtPk/1,518,vBG6MDaJtPk,1
data/Eoin_Macken/1.6/TnOGBL8p-RM/8,1015,TnOGBL8p-RM,8,data/Elisabeth_Moss/1.6/FUqAFZmZJ80/6,587,FUqAFZmZJ80,6
data/Ernest_Borgnine/1.6/fAe7DXqrZls/18,650,fAe7DXqrZls,18,data/Efren_Ramirez/1.6/IvOQNamNtF4/6,915,IvOQNamNtF4,6
data/Eric_Braeden/1.6/WJPpL58RruA/9,364,WJPpL58RruA,9,data/Ellen_Burstyn/1.6/bP0bKbQQlzc/5,268,bP0bKbQQlzc,5
data/Eleanor_Tomlinson/1.6/YmJBoCojXf4/2,906,YmJBoCojXf4,2,data/Eddie_Izzard/1.6/OYi3rZSdAOE/3,113,OYi3rZSdAOE,3
data/Eduardo_Noriega/1.6/UIbPolhxLDI/2,112,UIbPolhxLDI,2,data/Elodie_Yung/1.6/sf4uMnkYFG8/1,270,sf4uMnkYFG8,1
data/Ezra_Miller/1.6/0b1inHMAr6o/2,106,0b1inHMAr6o,2,data/Eric_Roberts/1.6/kWOMY99knWI/1,687,kWOMY99knWI,1
data/Eugenio_Derbez/1.6/3QrLepYlH6o/3,1066,3QrLepYlH6o,3,data/Ernest_Borgnine/1.6/fAe7DXqrZls/17,650,fAe7DXqrZls,17
data/Edward_Asner/1.6/Pp-rAswo4Xg/31,16,Pp-rAswo4Xg,31,data/Emraan_Hashmi/1.6/KgY2xhg4Tqk/11,457,KgY2xhg4Tqk,11
data/Ernest_Borgnine/1.6/1ZyvrJaiLQk/36,650,1ZyvrJaiLQk,36,data/Elisabeth_Moss/1.6/m-uILToQ9ss/10,587,m-uILToQ9ss,10
data/Eduardo_Noriega/1.6/UIbPolhxLDI/1,112,UIbPolhxLDI,1,data/Eartha_Kitt/1.6/GWXujl-xAVM/23,365,GWXujl-xAVM,23
data/Eva_Green/1.6/5jsUg3uxG-E/5,833,5jsUg3uxG-E,5,data/Eddie_Izzard/1.6/oBaIbyCrTVw/1,113,oBaIbyCrTVw,1
data/Eva_Longoria/1.6/x5H4xfXTh-I/2,716,x5H4xfXTh-I,2,data/Emraan_Hashmi/1.6/KgY2xhg4Tqk/5,457,KgY2xhg4Tqk,5
data/Eli_Wallach/1.6/EoCPhxtWUOc/2,770,EoCPhxtWUOc,2,data/Estelle_Harris/1.6/R5JGtwc4o1M/5,518,R5JGtwc4o1M,5
data/Eleanor_Tomlinson/1.6/neQO6_CUY4w/5,906,neQO6_CUY4w,5,data/Emile_Hirsch/1.6/cIi74VD0LF0/6,158,cIi74VD0LF0,6
data/Eva_Green/1.6/IANjHJYjfW8/8,833,IANjHJYjfW8,8,data/Eva_Green/1.6/SBO7kM1IPaY/1,833,SBO7kM1IPaY,1
data/Eli_Roth/1.6/S-dgypZHvhg/2,753,S-dgypZHvhg,2,data/Eugenio_Derbez/1.6/Piw0wvQbpnQ/20,1066,Piw0wvQbpnQ,20
data/Eoin_Macken/1.6/gegIAYxfpVA/7,1015,gegIAYxfpVA,7,data/Eugenio_Derbez/1.6/Piw0wvQbpnQ/18,1066,Piw0wvQbpnQ,18
data/Ed_Westwick/1.6/Zjc7Xy7aT8c/2,844,Zjc7Xy7aT8c,2,data/Eoin_Macken/1.6/TwfthltapLg/1,1015,TwfthltapLg,1
data/Eli_Wallach/1.6/7yx9A0yzLYk/12,770,7yx9A0yzLYk,12,data/Ernest_Borgnine/1.6/1ZyvrJaiLQk/13,650,1ZyvrJaiLQk,13
data/Ernest_Borgnine/1.6/8EDKH42GZ1o/21,650,8EDKH42GZ1o,21,data/Eddie_McClintock/1.6/vAr7raTthpw/1,699,vAr7raTthpw,1
data/Ed_Westwick/1.6/zWyD72sHVwA/1,844,zWyD72sHVwA,1,data/Eli_Roth/1.6/p5g1heXp34o/7,753,p5g1heXp34o,7
data/Ernie_Hudson/1.6/BVFTRGHuk3M/3,1132,BVFTRGHuk3M,3,data/Elisabeth_Moss/1.6/m-uILToQ9ss/9,587,m-uILToQ9ss,9
data/Eartha_Kitt/1.6/zjwijMp0Qyw/2,365,zjwijMp0Qyw,2,data/Eddie_Griffin/1.6/olePnztkm6U/5,1014,olePnztkm6U,5
data/Ernest_Borgnine/1.6/SQzWyPhRqmk/3,650,SQzWyPhRqmk,3,data/Eric_Braeden/1.6/1l9B0dz7gjc/8,364,1l9B0dz7gjc,8
data/Eddie_Kaye_Thomas/1.6/s7vZT3_8Smo/8,865,s7vZT3_8Smo,8,data/Ezra_Miller/1.6/rxnN8thYzEQ/17,106,rxnN8thYzEQ,17
data/Eli_Roth/1.6/H4mDLFeGpLU/5,753,H4mDLFeGpLU,5,data/Eric_Braeden/1.6/PfQFgX_pBfU/2,364,PfQFgX_pBfU,2
data/Eva_Green/1.6/C3AhSlYJd3w/5,833,C3AhSlYJd3w,5,data/Eric_McCormack/1.6/2btSCK00syA/1,379,2btSCK00syA,1
data/Eddie_Kaye_Thomas/1.6/xbGp2KSUr0E/1,865,xbGp2KSUr0E,1,data/Eartha_Kitt/1.6/8jEAjG6SegY/28,365,8jEAjG6SegY,28
data/Elisabeth_Moss/1.6/thghCiJZYwI/9,587,thghCiJZYwI,9,data/Emily_Atack/1.6/d2Lasybvo7s/1,871,d2Lasybvo7s,1
data/Ed_Westwick/1.6/_YimahVgI1A/4,844,_YimahVgI1A,4,data/Elle_Fanning/1.6/FP4TghS5_UQ/1,1119,FP4TghS5_UQ,1
data/Eva_Longoria/1.6/0nH78dDh0N0/14,716,0nH78dDh0N0,14,data/Emraan_Hashmi/1.6/N8_clYCM9n8/6,457,N8_clYCM9n8,6
data/Elle_Fanning/1.6/7I1GtGzVfmw/12,1119,7I1GtGzVfmw,12,data/Ezra_Miller/1.6/_z_BR0ERa9g/3,106,_z_BR0ERa9g,3
data/Eoin_Macken/1.6/g2jVmC3qCNA/1,1015,g2jVmC3qCNA,1,data/Eartha_Kitt/1.6/8jEAjG6SegY/6,365,8jEAjG6SegY,6
data/Eddie_Griffin/1.6/olePnztkm6U/1,1014,olePnztkm6U,1,data/Eva_Green/1.6/kQOkcEZUpJ4/1,833,kQOkcEZUpJ4,1
data/Ellen_Burstyn/1.6/I99R40TUF1s/5,268,I99R40TUF1s,5,data/Eartha_Kitt/1.6/8jEAjG6SegY/12,365,8jEAjG6SegY,12
data/Elisabeth_Moss/1.6/thghCiJZYwI/12,587,thghCiJZYwI,12,data/Ernest_Borgnine/1.6/7byARrJfhlI/19,650,7byARrJfhlI,19
data/Eva_Longoria/1.6/IpBtAcwbQb0/3,716,IpBtAcwbQb0,3,data/Edgar_Wright/1.6/HrA2BLcLApA/17,943,HrA2BLcLApA,17
data/Eli_Roth/1.6/r9-0pljhZqs/4,753,r9-0pljhZqs,4,data/Erik_Estrada/1.6/KnOFOXpwmp0/1,1106,KnOFOXpwmp0,1
data/Ed_Westwick/1.6/37nktPRUJ58/3,844,37nktPRUJ58,3,data/Elaine_Hendrix/1.6/RDFdX3VxjUQ/8,781,RDFdX3VxjUQ,8
data/Eoin_Macken/1.6/l3J1f06Slfo/4,1015,l3J1f06Slfo,4,data/Ernest_Borgnine/1.6/mYSVs_d1aMQ/11,650,mYSVs_d1aMQ,11
data/Emily_Atack/1.6/TMCTm7GxiDE/4,871,TMCTm7GxiDE,4,data/Ezra_Miller/1.6/vobW27_-JyQ/6,106,vobW27_-JyQ,6
data/Elle_Fanning/1.6/L2jRsPDZGgw/3,1119,L2jRsPDZGgw,3,data/Eoin_Macken/1.6/X7uOKQUYTCM/2,1015,X7uOKQUYTCM,2
data/Ezra_Miller/1.6/0cYFdtyWVds/3,106,0cYFdtyWVds,3,data/Eric_Roberts/1.6/utAY0zpsv1U/6,687,utAY0zpsv1U,6
data/Ernest_Borgnine/1.6/Xroutc-3_SU/1,650,Xroutc-3_SU,1,data/Esai_Morales/1.6/K2_D_tFdAgY/29,437,K2_D_tFdAgY,29
data/Eddie_Kaye_Thomas/1.6/s7vZT3_8Smo/1,865,s7vZT3_8Smo,1,data/Edward_Asner/1.6/rgcxEM5jOc4/9,16,rgcxEM5jOc4,9
data/Ellen_Burstyn/1.6/ryVdclLx7Yo/2,268,ryVdclLx7Yo,2,data/Eartha_Kitt/1.6/8jEAjG6SegY/29,365,8jEAjG6SegY,29
data/Erik_Estrada/1.6/f5eaTNf7-io/4,1106,f5eaTNf7-io,4,data/Eartha_Kitt/1.6/OmSWVqpb-N0/1,365,OmSWVqpb-N0,1
data/Elisabeth_Moss/1.6/9HcPA8lluoY/2,587,9HcPA8lluoY,2,data/Ezra_Miller/1.6/0b1inHMAr6o/11,106,0b1inHMAr6o,11
data/Eddie_Kaye_Thomas/1.6/s7vZT3_8Smo/10,865,s7vZT3_8Smo,10,data/Ernest_Borgnine/1.6/1ZyvrJaiLQk/11,650,1ZyvrJaiLQk,11
data/Elisabeth_Moss/1.6/FUqAFZmZJ80/2,587,FUqAFZmZJ80,2,data/Erik_Estrada/1.6/hjvQiiG71rM/34,1106,hjvQiiG71rM,34
data/Eva_Green/1.6/SBO7kM1IPaY/6,833,SBO7kM1IPaY,6,data/Elle_Fanning/1.6/yAe_ZhyWdnI/3,1119,yAe_ZhyWdnI,3
data/Emile_Hirsch/1.6/dDnqp9503Mg/9,158,dDnqp9503Mg,9,data/Elisabeth_Moss/1.6/uArtiTSTnSU/8,587,uArtiTSTnSU,8
data/Eli_Roth/1.6/gAKHqHbNt2g/3,753,gAKHqHbNt2g,3,data/Emile_Hirsch/1.6/dDnqp9503Mg/8,158,dDnqp9503Mg,8
data/Evanna_Lynch/1.6/ygGJs_Rh7ds/1,1129,ygGJs_Rh7ds,1,data/Eugene_Levy/1.6/JQtDfEz08aU/24,166,JQtDfEz08aU,24
data/Eric_Braeden/1.6/ba0ZhyVTodw/4,364,ba0ZhyVTodw,4,data/Elaine_Cassidy/1.6/d7S0qeo6EP0/1,491,d7S0qeo6EP0,1
data/Emile_Hirsch/1.6/O-V_sInAw5M/7,158,O-V_sInAw5M,7,data/Ezra_Miller/1.6/qFrRfhWombs/4,106,qFrRfhWombs,4
data/Eva_Longoria/1.6/p_ifY8mUFBM/1,716,p_ifY8mUFBM,1,data/Eli_Roth/1.6/r9-0pljhZqs/10,753,r9-0pljhZqs,10
data/Eric_Braeden/1.6/1l9B0dz7gjc/4,364,1l9B0dz7gjc,4,data/Eddie_Izzard/1.6/8cfyJEV7hP8/4,113,8cfyJEV7hP8,4
data/Eddie_Izzard/1.6/jyOctu82nhs/2,113,jyOctu82nhs,2,data/Eoin_Macken/1.6/l3J1f06Slfo/2,1015,l3J1f06Slfo,2
data/Ezra_Miller/1.6/GyJHpVQmcvc/2,106,GyJHpVQmcvc,2,data/Erik_Estrada/1.6/9o3HnyKpHLM/2,1106,9o3HnyKpHLM,2
data/Emile_Hirsch/1.6/HYiqXC0B3iY/30,158,HYiqXC0B3iY,30,data/Emile_Hirsch/1.6/HYiqXC0B3iY/28,158,HYiqXC0B3iY,28
data/Eric_Braeden/1.6/NRMQOFYS41I/7,364,NRMQOFYS41I,7,data/Emraan_Hashmi/1.6/57KbI2UvGss/7,457,57KbI2UvGss,7
data/Eric_Braeden/1.6/3BRezdwX-4I/5,364,3BRezdwX-4I,5,data/Eva_Longoria/1.6/f8Ms66atECE/11,716,f8Ms66atECE,11
data/Eli_Roth/1.6/vaK4t1-WD4M/35,753,vaK4t1-WD4M,35,data/Eddie_Izzard/1.6/eLl_yTeuaKo/19,113,eLl_yTeuaKo,19
data/Emraan_Hashmi/1.6/gm6PJowclv0/10,457,gm6PJowclv0,10,data/Edward_Asner/1.6/s_rtHBpzrQc/3,16,s_rtHBpzrQc,3
data/Eva_Green/1.6/YVeA3K_cPoc/1,833,YVeA3K_cPoc,1,data/Ernest_Borgnine/1.6/bWLcvTrjnQU/2,650,bWLcvTrjnQU,2
data/Ernest_Borgnine/1.6/8EDKH42GZ1o/26,650,8EDKH42GZ1o,26,data/Eli_Roth/1.6/vaK4t1-WD4M/6,753,vaK4t1-WD4M,6
data/Ed_Westwick/1.6/1gtz-CUIygI/5,844,1gtz-CUIygI,5,data/Elaine_Hendrix/1.6/eso-dEmfC_c/3,781,eso-dEmfC_c,3
data/Efren_Ramirez/1.6/3qAxPgeIvCQ/1,915,3qAxPgeIvCQ,1,data/Efren_Ramirez/1.6/4Q1IvdayPR8/4,915,4Q1IvdayPR8,4
data/Ellen_Wong/1.6/JzNVSA7eFwc/6,1156,JzNVSA7eFwc,6,data/Ernest_Borgnine/1.6/AsHhZ_bnpQg/4,650,AsHhZ_bnpQg,4
data/Eddie_Izzard/1.6/Ed918auNI0Y/2,113,Ed918auNI0Y,2,data/Ernie_Hudson/1.6/eVfmXU0RtRo/4,1132,eVfmXU0RtRo,4
data/Ellen_Burstyn/1.6/V0ubcXO71Sg/2,268,V0ubcXO71Sg,2,data/Edward_Asner/1.6/x5dqrDlwxR4/2,16,x5dqrDlwxR4,2
data/Eugenio_Derbez/1.6/Ih2s_PikIdI/2,1066,Ih2s_PikIdI,2,data/Eleanor_Tomlinson/1.6/U3xR3MZjEVg/1,906,U3xR3MZjEVg,1
data/Eleanor_Tomlinson/1.6/zGjY8J48FoE/4,906,zGjY8J48FoE,4,data/Eduardo_Noriega/1.6/znxUWA2QAGs/14,112,znxUWA2QAGs,14
data/Eva_Green/1.6/XcXDiYWIS6E/9,833,XcXDiYWIS6E,9,data/Edward_Asner/1.6/d3By4475krs/6,16,d3By4475krs,6
data/Eli_Wallach/1.6/7yx9A0yzLYk/36,770,7yx9A0yzLYk,36,data/Eugene_Levy/1.6/JQtDfEz08aU/2,166,JQtDfEz08aU,2
data/Eva_Longoria/1.6/kp_GCjLq4qA/3,716,kp_GCjLq4qA,3,data/Ed_Westwick/1.6/zWyD72sHVwA/5,844,zWyD72sHVwA,5
data/Eva_Green/1.6/XcXDiYWIS6E/13,833,XcXDiYWIS6E,13,data/Eugenio_Derbez/1.6/vbDKF8bZJQA/5,1066,vbDKF8bZJQA,5
data/Eddie_Izzard/1.6/GRB1GXRafiY/2,113,GRB1GXRafiY,2,data/Eric_Braeden/1.6/L812MIi7ruk/11,364,L812MIi7ruk,11
data/Eli_Roth/1.6/clznvDi-ybg/14,753,clznvDi-ybg,14,data/Eddie_Izzard/1.6/hW0Q6eHqN-U/12,113,hW0Q6eHqN-U,12
data/Elle_Fanning/1.6/Qkll9n7U5ak/5,1119,Qkll9n7U5ak,5,data/Ellen_Wong/1.6/dRr05CxK0jQ/2,1156,dRr05CxK0jQ,2
data/Eric_Dane/1.6/K1gPy1UKmBE/13,983,K1gPy1UKmBE,13,data/Eli_Roth/1.6/r9-0pljhZqs/16,753,r9-0pljhZqs,16
data/Elisabeth_Moss/1.6/uArtiTSTnSU/3,587,uArtiTSTnSU,3,data/Emraan_Hashmi/1.6/azw51ZGuz9k/7,457,azw51ZGuz9k,7
data/Eli_Roth/1.6/uA1E_38TuTw/2,753,uA1E_38TuTw,2,data/Estelle_Harris/1.6/LKDWhdJQFco/15,518,LKDWhdJQFco,15
data/Eartha_Kitt/1.6/x6uYqmx31kE/11,365,x6uYqmx31kE,11,data/Estelle_Harris/1.6/R5JGtwc4o1M/2,518,R5JGtwc4o1M,2
data/Elodie_Yung/1.6/sf4uMnkYFG8/16,270,sf4uMnkYFG8,16,data/Emraan_Hashmi/1.6/ya6VNZp-pXw/34,457,ya6VNZp-pXw,34
data/Edgar_Wright/1.6/AjY0B7kh_-k/4,943,AjY0B7kh_-k,4,data/Eric_McCormack/1.6/CdDxsQV7RJM/1,379,CdDxsQV7RJM,1
data/Eoin_Macken/1.6/k1jiAINXHRI/29,1015,k1jiAINXHRI,29,data/Eva_Green/1.6/yZc0ySzPBzE/1,833,yZc0ySzPBzE,1
data/Eddie_Kaye_Thomas/1.6/O9xLIdaUG-k/5,865,O9xLIdaUG-k,5,data/Erik_Estrada/1.6/H5X-KaeTzEM/1,1106,H5X-KaeTzEM,1
data/Elisabeth_Moss/1.6/Zdmm9Mrr8Ts/1,587,Zdmm9Mrr8Ts,1,data/Eddie_Izzard/1.6/5TWpQYtboq0/11,113,5TWpQYtboq0,11
data/Eartha_Kitt/1.6/GWXujl-xAVM/33,365,GWXujl-xAVM,33,data/Erik_Estrada/1.6/U_1vfIVOigA/9,1106,U_1vfIVOigA,9
data/Emile_Hirsch/1.6/FAOLWl96MY0/9,158,FAOLWl96MY0,9,data/Emile_Hirsch/1.6/cIi74VD0LF0/11,158,cIi74VD0LF0,11
data/Eva_Longoria/1.6/IpBtAcwbQb0/4,716,IpBtAcwbQb0,4,data/Eugene_Levy/1.6/FJOvOooCIvs/2,166,FJOvOooCIvs,2
data/Estelle_Harris/1.6/Zs8VK91yVMI/16,518,Zs8VK91yVMI,16,data/Esai_Morales/1.6/VRCidrXwd1s/2,437,VRCidrXwd1s,2
data/Edgar_Wright/1.6/YloBWJxXzMI/18,943,YloBWJxXzMI,18,data/Erik_Estrada/1.6/SCYPNx1H2pM/2,1106,SCYPNx1H2pM,2
data/Eugenio_Derbez/1.6/OepVWayQO3w/2,1066,OepVWayQO3w,2,data/Ernest_Borgnine/1.6/8EDKH42GZ1o/15,650,8EDKH42GZ1o,15
data/Ellen_Burstyn/1.6/4oOmqI1myzY/1,268,4oOmqI1myzY,1,data/Ernest_Borgnine/1.6/VHWZdctr_4s/2,650,VHWZdctr_4s,2
data/Eric_Dane/1.6/K1gPy1UKmBE/14,983,K1gPy1UKmBE,14,data/Eli_Wallach/1.6/7yx9A0yzLYk/15,770,7yx9A0yzLYk,15
data/Eli_Roth/1.6/vaK4t1-WD4M/18,753,vaK4t1-WD4M,18,data/Eva_Longoria/1.6/120gjdqGWNQ/13,716,120gjdqGWNQ,13
data/Edgar_Wright/1.6/aaJo0S1lnhY/1,943,aaJo0S1lnhY,1,data/Edward_Asner/1.6/DSGE2F5sTcg/26,16,DSGE2F5sTcg,26
data/Eartha_Kitt/1.6/GWXujl-xAVM/51,365,GWXujl-xAVM,51,data/Eugene_Levy/1.6/zV7LlMi0eHo/8,166,zV7LlMi0eHo,8
data/Esai_Morales/1.6/2Er-cV85fc4/11,437,2Er-cV85fc4,11,data/Eli_Roth/1.6/j5ArtKwbobY/5,753,j5ArtKwbobY,5
data/Eartha_Kitt/1.6/5r0dWxy17C8/4,365,5r0dWxy17C8,4,data/Eddie_Izzard/1.6/Ed918auNI0Y/3,113,Ed918auNI0Y,3
data/Eduardo_Noriega/1.6/tbh20gz_KRA/14,112,tbh20gz_KRA,14,data/Eva_Green/1.6/ux1zzNHqQI8/6,833,ux1zzNHqQI8,6
data/Eva_Green/1.6/kQOkcEZUpJ4/2,833,kQOkcEZUpJ4,2,data/Ernest_Borgnine/1.6/xiFC4HwUcww/10,650,xiFC4HwUcww,10
data/Eartha_Kitt/1.6/zjwijMp0Qyw/3,365,zjwijMp0Qyw,3,data/Emraan_Hashmi/1.6/ETJd_jPboYc/3,457,ETJd_jPboYc,3
data/Eleanor_Tomlinson/1.6/ek_uqADnhPQ/2,906,ek_uqADnhPQ,2,data/Eric_Braeden/1.6/49XYNpeN23I/10,364,49XYNpeN23I,10
data/Eli_Wallach/1.6/7yx9A0yzLYk/18,770,7yx9A0yzLYk,18,data/Eddie_Izzard/1.6/E50E5hbggyM/4,113,E50E5hbggyM,4
data/Eartha_Kitt/1.6/GWXujl-xAVM/5,365,GWXujl-xAVM,5,data/Elle_Fanning/1.6/7I1GtGzVfmw/10,1119,7I1GtGzVfmw,10
data/Eva_Longoria/1.6/120gjdqGWNQ/22,716,120gjdqGWNQ,22,data/Eugene_Levy/1.6/GbpCKIcUyGA/1,166,GbpCKIcUyGA,1
data/Emile_Hirsch/1.6/_mSMCsWY96o/4,158,_mSMCsWY96o,4,data/Elaine_Cassidy/1.6/v0Q-VyO4TjI/5,491,v0Q-VyO4TjI,5
data/Eddie_Izzard/1.6/0LbtndiXJC0/5,113,0LbtndiXJC0,5,data/Emraan_Hashmi/1.6/8V_8hA4-HFE/1,457,8V_8hA4-HFE,1
data/Eva_Longoria/1.6/120gjdqGWNQ/14,716,120gjdqGWNQ,14,data/Eoin_Macken/1.6/k1jiAINXHRI/22,1015,k1jiAINXHRI,22
data/Ernest_Borgnine/1.6/1ZyvrJaiLQk/12,650,1ZyvrJaiLQk,12,data/Eugene_Levy/1.6/hDBMV_0Vz4E/10,166,hDBMV_0Vz4E,10
data/Emile_Hirsch/1.6/cIi74VD0LF0/3,158,cIi74VD0LF0,3,data/Elle_Fanning/1.6/4TtOX8dgtYI/3,1119,4TtOX8dgtYI,3
data/Eric_McCormack/1.6/tlP585mCdl0/9,379,tlP585mCdl0,9,data/Edgar_Wright/1.6/AjY0B7kh_-k/5,943,AjY0B7kh_-k,5
data/Erin_Andrews/1.6/SX-117N_MoI/5,919,SX-117N_MoI,5,data/Emraan_Hashmi/1.6/KgY2xhg4Tqk/2,457,KgY2xhg4Tqk,2
data/Emraan_Hashmi/1.6/57KbI2UvGss/9,457,57KbI2UvGss,9,data/Edward_Asner/1.6/Pp-rAswo4Xg/22,16,Pp-rAswo4Xg,22
data/Emile_Hirsch/1.6/dDnqp9503Mg/12,158,dDnqp9503Mg,12,data/Ernest_Borgnine/1.6/mYSVs_d1aMQ/4,650,mYSVs_d1aMQ,4
data/Eddie_Griffin/1.6/0qqQJVFKpbA/1,1014,0qqQJVFKpbA,1,data/Elodie_Yung/1.6/JurNpHi7Yqk/1,270,JurNpHi7Yqk,1
data/Eva_Green/1.6/WOjNZFtRwDg/2,833,WOjNZFtRwDg,2,data/Eric_Dane/1.6/3tvnlmkCiTw/1,983,3tvnlmkCiTw,1
data/Eli_Wallach/1.6/YN4cTBWM-QE/10,770,YN4cTBWM-QE,10,data/Eric_McCormack/1.6/0mOnLGSG2jM/3,379,0mOnLGSG2jM,3
data/Eli_Roth/1.6/p5g1heXp34o/4,753,p5g1heXp34o,4,data/Ezra_Miller/1.6/0b1inHMAr6o/3,106,0b1inHMAr6o,3
data/Eric_McCormack/1.6/LUFoMNPpdbY/8,379,LUFoMNPpdbY,8,data/Emily_Atack/1.6/98qWWArcL3Y/4,871,98qWWArcL3Y,4
data/Ezra_Miller/1.6/_z_BR0ERa9g/8,106,_z_BR0ERa9g,8,data/Emily_Atack/1.6/uiBjIKX_0l8/1,871,uiBjIKX_0l8,1
data/Eva_Green/1.6/QRMq4DnyM3I/5,833,QRMq4DnyM3I,5,data/Eoin_Macken/1.6/MHOCv7pOmG4/4,1015,MHOCv7pOmG4,4
data/Eva_Green/1.6/ehwAeTUqH0s/5,833,ehwAeTUqH0s,5,data/Elaine_Cassidy/1.6/9AtE4C309P8/15,491,9AtE4C309P8,15
data/Ed_Westwick/1.6/zWyD72sHVwA/2,844,zWyD72sHVwA,2,data/Elle_Fanning/1.6/DPPq8w5ILrA/9,1119,DPPq8w5ILrA,9
data/Ernie_Hudson/1.6/AeRSD9jIdSg/8,1132,AeRSD9jIdSg,8,data/Elaine_Hendrix/1.6/dX8RBKI2FKc/2,781,dX8RBKI2FKc,2
data/Eoin_Macken/1.6/Mp1IXRquJ9s/13,1015,Mp1IXRquJ9s,13,data/Eric_Braeden/1.6/1l9B0dz7gjc/9,364,1l9B0dz7gjc,9
data/Eoin_Macken/1.6/TwfthltapLg/9,1015,TwfthltapLg,9,data/Eugenio_Derbez/1.6/ZLzkvnq0JxI/2,1066,ZLzkvnq0JxI,2
data/Eli_Roth/1.6/QitLqlca660/3,753,QitLqlca660,3,data/Emraan_Hashmi/1.6/2qlrpSAc9Xs/7,457,2qlrpSAc9Xs,7
data/Eartha_Kitt/1.6/OXdd7Gmluts/1,365,OXdd7Gmluts,1,data/Evanna_Lynch/1.6/XQWpVt5n3Ic/9,1129,XQWpVt5n3Ic,9
data/Efren_Ramirez/1.6/PQHz4fGHPK8/4,915,PQHz4fGHPK8,4,data/Eugene_Levy/1.6/zV7LlMi0eHo/14,166,zV7LlMi0eHo,14
data/Eric_Roberts/1.6/utAY0zpsv1U/9,687,utAY0zpsv1U,9,data/Ellen_Burstyn/1.6/2iaCNe7ajII/5,268,2iaCNe7ajII,5
data/Eli_Roth/1.6/p5g1heXp34o/1,753,p5g1heXp34o,1,data/Eva_Longoria/1.6/BpIz2lAf22Y/1,716,BpIz2lAf22Y,1
data/Eli_Roth/1.6/gAKHqHbNt2g/18,753,gAKHqHbNt2g,18,data/Eli_Roth/1.6/SwMoq9ZHxpw/8,753,SwMoq9ZHxpw,8
data/Eleanor_Tomlinson/1.6/ek_uqADnhPQ/4,906,ek_uqADnhPQ,4,data/Eoin_Macken/1.6/TnOGBL8p-RM/4,1015,TnOGBL8p-RM,4
data/Erik_Estrada/1.6/8v0-r8HKI_0/2,1106,8v0-r8HKI_0,2,data/Eddie_Izzard/1.6/eLl_yTeuaKo/15,113,eLl_yTeuaKo,15
data/Ellen_Burstyn/1.6/ryVdclLx7Yo/3,268,ryVdclLx7Yo,3,data/Eartha_Kitt/1.6/8jEAjG6SegY/20,365,8jEAjG6SegY,20
data/Estelle_Harris/1.6/VCEs8oAQAiM/23,518,VCEs8oAQAiM,23,data/Eddie_McClintock/1.6/Mdk1SXywHck/20,699,Mdk1SXywHck,20
data/Ernest_Borgnine/1.6/mYSVs_d1aMQ/12,650,mYSVs_d1aMQ,12,data/Edward_Asner/1.6/DSGE2F5sTcg/18,16,DSGE2F5sTcg,18
data/Ernest_Borgnine/1.6/8Sz2-IYJ2GA/20,650,8Sz2-IYJ2GA,20,data/Elodie_Yung/1.6/3g9CjhcNEWk/1,270,3g9CjhcNEWk,1
data/Ernest_Borgnine/1.6/VHWZdctr_4s/12,650,VHWZdctr_4s,12,data/Eli_Wallach/1.6/7yx9A0yzLYk/37,770,7yx9A0yzLYk,37
data/Eugenio_Derbez/1.6/vbDKF8bZJQA/8,1066,vbDKF8bZJQA,8,data/Ed_Westwick/1.6/1gtz-CUIygI/18,844,1gtz-CUIygI,18
data/Eugene_Levy/1.6/7geDDtDmWQU/2,166,7geDDtDmWQU,2,data/Erin_Andrews/1.6/it0-Z6L2128/3,919,it0-Z6L2128,3
data/Edward_Asner/1.6/QOq66XogW3Q/4,16,QOq66XogW3Q,4,data/Emraan_Hashmi/1.6/gm6PJowclv0/19,457,gm6PJowclv0,19
data/Ellen_Burstyn/1.6/I99R40TUF1s/7,268,I99R40TUF1s,7,data/Emily_Atack/1.6/d2Lasybvo7s/6,871,d2Lasybvo7s,6
data/Eric_Roberts/1.6/FvbLoirHpx0/5,687,FvbLoirHpx0,5,data/Ernest_Borgnine/1.6/Xroutc-3_SU/2,650,Xroutc-3_SU,2
data/Eartha_Kitt/1.6/8jEAjG6SegY/16,365,8jEAjG6SegY,16,data/Elisabeth_Moss/1.6/FUqAFZmZJ80/4,587,FUqAFZmZJ80,4
data/Eugene_Levy/1.6/JQtDfEz08aU/17,166,JQtDfEz08aU,17,data/Eli_Roth/1.6/vaK4t1-WD4M/36,753,vaK4t1-WD4M,36
data/Elle_Fanning/1.6/L2jRsPDZGgw/5,1119,L2jRsPDZGgw,5,data/Eoin_Macken/1.6/Mp1IXRquJ9s/6,1015,Mp1IXRquJ9s,6
data/Edgar_Wright/1.6/cytGIvwJ3NA/5,943,cytGIvwJ3NA,5,data/Estelle_Harris/1.6/VCEs8oAQAiM/22,518,VCEs8oAQAiM,22
data/Eleanor_Tomlinson/1.6/IDA_ElNHLn4/3,906,IDA_ElNHLn4,3,data/Elaine_Hendrix/1.6/RDFdX3VxjUQ/5,781,RDFdX3VxjUQ,5
data/Edward_Asner/1.6/R_h7875g_PI/12,16,R_h7875g_PI,12,data/Ezra_Miller/1.6/_z_BR0ERa9g/7,106,_z_BR0ERa9g,7
data/Ernest_Borgnine/1.6/7byARrJfhlI/7,650,7byARrJfhlI,7,data/Eugene_Levy/1.6/hDBMV_0Vz4E/16,166,hDBMV_0Vz4E,16
data/Efren_Ramirez/1.6/bmoAV7tZziI/1,915,bmoAV7tZziI,1,data/Eddie_Kaye_Thomas/1.6/wH6ebv-K8AA/5,865,wH6ebv-K8AA,5
data/Eddie_Griffin/1.6/0qqQJVFKpbA/6,1014,0qqQJVFKpbA,6,data/Eddie_Griffin/1.6/0qqQJVFKpbA/4,1014,0qqQJVFKpbA,4
data/Emile_Hirsch/1.6/HYiqXC0B3iY/7,158,HYiqXC0B3iY,7,data/Eva_Green/1.6/2SaEbN8hYz4/21,833,2SaEbN8hYz4,21
data/Ernest_Borgnine/1.6/fAe7DXqrZls/20,650,fAe7DXqrZls,20,data/Ellen_Wong/1.6/R4S2c-NiPfA/4,1156,R4S2c-NiPfA,4
data/Eleanor_Tomlinson/1.6/U3xR3MZjEVg/5,906,U3xR3MZjEVg,5,data/Eric_McCormack/1.6/CdDxsQV7RJM/2,379,CdDxsQV7RJM,2
data/Emraan_Hashmi/1.6/6Bh6P9nGsM4/5,457,6Bh6P9nGsM4,5,data/Eddie_McClintock/1.6/LqcUAxrtYOk/8,699,LqcUAxrtYOk,8
data/Eric_Roberts/1.6/FvbLoirHpx0/1,687,FvbLoirHpx0,1,data/Ellen_Wong/1.6/dRr05CxK0jQ/3,1156,dRr05CxK0jQ,3
data/Eugenio_Derbez/1.6/nJbBcMdxQU4/7,1066,nJbBcMdxQU4,7,data/Eli_Roth/1.6/h87Y8nir1o0/1,753,h87Y8nir1o0,1
data/Ezra_Miller/1.6/vobW27_-JyQ/11,106,vobW27_-JyQ,11,data/Ellen_Wong/1.6/JzNVSA7eFwc/3,1156,JzNVSA7eFwc,3
data/Elle_Fanning/1.6/Qkll9n7U5ak/2,1119,Qkll9n7U5ak,2,data/Ernest_Borgnine/1.6/AytdA2W0Y_M/4,650,AytdA2W0Y_M,4
data/Eartha_Kitt/1.6/8jEAjG6SegY/19,365,8jEAjG6SegY,19,data/Eva_Green/1.6/cc5WSHcgkl8/8,833,cc5WSHcgkl8,8
data/Eddie_Griffin/1.6/dkN2DIBrXqQ/3,1014,dkN2DIBrXqQ,3,data/Elisabeth_Moss/1.6/thghCiJZYwI/7,587,thghCiJZYwI,7
data/Eric_Braeden/1.6/Jr2KDTTWYgM/3,364,Jr2KDTTWYgM,3,data/Ernest_Borgnine/1.6/2cAiIYHfon0/15,650,2cAiIYHfon0,15
data/Efren_Ramirez/1.6/DTbpchx4xes/8,915,DTbpchx4xes,8,data/Eli_Roth/1.6/vaK4t1-WD4M/3,753,vaK4t1-WD4M,3
data/Eric_Braeden/1.6/dYC_mN16I_k/1,364,dYC_mN16I_k,1,data/Eric_Dane/1.6/WxDEVkQKPow/7,983,WxDEVkQKPow,7
data/Edgar_Wright/1.6/HrA2BLcLApA/12,943,HrA2BLcLApA,12,data/Eddie_McClintock/1.6/LqcUAxrtYOk/3,699,LqcUAxrtYOk,3
data/Eugenio_Derbez/1.6/nJbBcMdxQU4/1,1066,nJbBcMdxQU4,1,data/Emile_Hirsch/1.6/HYiqXC0B3iY/13,158,HYiqXC0B3iY,13
data/Eddie_Izzard/1.6/eLl_yTeuaKo/9,113,eLl_yTeuaKo,9,data/Edward_Asner/1.6/d6WJf6TOoIQ/8,16,d6WJf6TOoIQ,8
data/Edgar_Wright/1.6/HrA2BLcLApA/8,943,HrA2BLcLApA,8,data/Emile_Hirsch/1.6/FAOLWl96MY0/11,158,FAOLWl96MY0,11
data/Eli_Roth/1.6/clznvDi-ybg/3,753,clznvDi-ybg,3,data/Evanna_Lynch/1.6/vbxURBaCGr0/1,1129,vbxURBaCGr0,1
data/Elaine_Hendrix/1.6/eso-dEmfC_c/4,781,eso-dEmfC_c,4,data/Evanna_Lynch/1.6/rgpPBT4yQcg/1,1129,rgpPBT4yQcg,1
data/Emraan_Hashmi/1.6/ENIHEvg_VLM/4,457,ENIHEvg_VLM,4,data/Emraan_Hashmi/1.6/azw51ZGuz9k/12,457,azw51ZGuz9k,12
data/Estelle_Harris/1.6/LKDWhdJQFco/5,518,LKDWhdJQFco,5,data/Eartha_Kitt/1.6/GWXujl-xAVM/11,365,GWXujl-xAVM,11
data/Elle_Fanning/1.6/Qkll9n7U5ak/6,1119,Qkll9n7U5ak,6,data/Eugene_Levy/1.6/WBN84VSZbIQ/3,166,WBN84VSZbIQ,3
data/Eric_Braeden/1.6/OiRXHy35Euk/3,364,OiRXHy35Euk,3,data/Ernest_Borgnine/1.6/_WKW_Jkdvq8/1,650,_WKW_Jkdvq8,1
data/Emile_Hirsch/1.6/_mSMCsWY96o/2,158,_mSMCsWY96o,2,data/Evanna_Lynch/1.6/ygGJs_Rh7ds/6,1129,ygGJs_Rh7ds,6
data/Edgar_Wright/1.6/5YncBThNd5E/5,943,5YncBThNd5E,5,data/Ernest_Borgnine/1.6/8Sz2-IYJ2GA/3,650,8Sz2-IYJ2GA,3
data/Ernest_Borgnine/1.6/SQzWyPhRqmk/13,650,SQzWyPhRqmk,13,data/Eugene_Levy/1.6/GRv7pEnTwUc/3,166,GRv7pEnTwUc,3
data/Efren_Ramirez/1.6/f0I1IC6DJfo/3,915,f0I1IC6DJfo,3,data/Emily_Atack/1.6/TMCTm7GxiDE/6,871,TMCTm7GxiDE,6
data/Erik_Estrada/1.6/Cjt5DP6qc5Q/6,1106,Cjt5DP6qc5Q,6,data/Ernest_Borgnine/1.6/xiFC4HwUcww/4,650,xiFC4HwUcww,4
data/Emraan_Hashmi/1.6/tsv5WA_ikH4/2,457,tsv5WA_ikH4,2,data/Ernest_Borgnine/1.6/1ZyvrJaiLQk/4,650,1ZyvrJaiLQk,4
data/Eric_McCormack/1.6/LUFoMNPpdbY/1,379,LUFoMNPpdbY,1,data/Ellen_Burstyn/1.6/bP0bKbQQlzc/3,268,bP0bKbQQlzc,3
data/Eduardo_Noriega/1.6/tbh20gz_KRA/1,112,tbh20gz_KRA,1,data/Edgar_Wright/1.6/CAhGBfTmCHw/1,943,CAhGBfTmCHw,1
data/Eva_Green/1.6/IANjHJYjfW8/1,833,IANjHJYjfW8,1,data/Ernest_Borgnine/1.6/VHWZdctr_4s/10,650,VHWZdctr_4s,10
data/Eddie_Izzard/1.6/prqT1CcDqMc/17,113,prqT1CcDqMc,17,data/Emile_Hirsch/1.6/dDnqp9503Mg/5,158,dDnqp9503Mg,5
data/Eoin_Macken/1.6/k1jiAINXHRI/8,1015,k1jiAINXHRI,8,data/Emile_Hirsch/1.6/A3QwQ3D35rc/6,158,A3QwQ3D35rc,6
data/Esai_Morales/1.6/K2_D_tFdAgY/1,437,K2_D_tFdAgY,1,data/Esai_Morales/1.6/K2_D_tFdAgY/33,437,K2_D_tFdAgY,33
data/Eva_Longoria/1.6/wDlr75yk6Iw/1,716,wDlr75yk6Iw,1,data/Edgar_Wright/1.6/CooJzMgoxzw/8,943,CooJzMgoxzw,8
data/Elisabeth_Moss/1.6/thghCiJZYwI/6,587,thghCiJZYwI,6,data/Ernie_Hudson/1.6/VIAnMw7J5tI/5,1132,VIAnMw7J5tI,5
data/Ernie_Hudson/1.6/UkrkPwZd77Y/2,1132,UkrkPwZd77Y,2,data/Eva_Longoria/1.6/f8Ms66atECE/8,716,f8Ms66atECE,8
data/Eddie_Izzard/1.6/0OCW1HUxZyg/2,113,0OCW1HUxZyg,2,data/Eric_Braeden/1.6/nkIdfM2BFS0/3,364,nkIdfM2BFS0,3
data/Eric_McCormack/1.6/tlP585mCdl0/10,379,tlP585mCdl0,10,data/Edgar_Wright/1.6/3vWez3baO60/12,943,3vWez3baO60,12
data/Elle_Fanning/1.6/gkDeAS985L4/3,1119,gkDeAS985L4,3,data/Ezra_Miller/1.6/rxnN8thYzEQ/1,106,rxnN8thYzEQ,1
data/Elle_Fanning/1.6/cJ40ZqTY3dQ/8,1119,cJ40ZqTY3dQ,8,data/Eartha_Kitt/1.6/GWXujl-xAVM/26,365,GWXujl-xAVM,26
data/Erik_Estrada/1.6/f5eaTNf7-io/2,1106,f5eaTNf7-io,2,data/Ellen_Burstyn/1.6/I99R40TUF1s/10,268,I99R40TUF1s,10
data/Eli_Roth/1.6/vaK4t1-WD4M/23,753,vaK4t1-WD4M,23,data/Eddie_Izzard/1.6/OYi3rZSdAOE/5,113,OYi3rZSdAOE,5
data/Eartha_Kitt/1.6/8jEAjG6SegY/2,365,8jEAjG6SegY,2,data/Evanna_Lynch/1.6/rgpPBT4yQcg/7,1129,rgpPBT4yQcg,7
data/Ed_Westwick/1.6/37nktPRUJ58/2,844,37nktPRUJ58,2,data/Edgar_Wright/1.6/wVIZhnJ79sI/4,943,wVIZhnJ79sI,4
data/Elaine_Cassidy/1.6/v0Q-VyO4TjI/2,491,v0Q-VyO4TjI,2,data/Eoin_Macken/1.6/MHOCv7pOmG4/8,1015,MHOCv7pOmG4,8
data/Ernie_Hudson/1.6/AeRSD9jIdSg/10,1132,AeRSD9jIdSg,10,data/Eddie_Izzard/1.6/9PmuAcGCSjY/1,113,9PmuAcGCSjY,1
data/Eddie_McClintock/1.6/UBMwbGlSLLg/2,699,UBMwbGlSLLg,2,data/Edward_Asner/1.6/shA_TsV-PFs/7,16,shA_TsV-PFs,7
data/Eartha_Kitt/1.6/8jEAjG6SegY/26,365,8jEAjG6SegY,26,data/Eddie_Kaye_Thomas/1.6/wH6ebv-K8AA/7,865,wH6ebv-K8AA,7
data/Eleanor_Tomlinson/1.6/nYsLbFOQfOI/2,906,nYsLbFOQfOI,2,data/Eli_Wallach/1.6/RNYNkXzY5Hk/20,770,RNYNkXzY5Hk,20
data/Eva_Green/1.6/mH6gd26SGcU/1,833,mH6gd26SGcU,1,data/Edward_Asner/1.6/d6WJf6TOoIQ/6,16,d6WJf6TOoIQ,6
data/Evanna_Lynch/1.6/p1RiXPsSp4E/1,1129,p1RiXPsSp4E,1,data/Emile_Hirsch/1.6/zii-zlYDpGc/2,158,zii-zlYDpGc,2
data/Eli_Roth/1.6/52SYuI0cCbQ/2,753,52SYuI0cCbQ,2,data/Elodie_Yung/1.6/Fvm877eQSqE/1,270,Fvm877eQSqE,1
data/Edward_Asner/1.6/QiMd9_dc-M4/3,16,QiMd9_dc-M4,3,data/Eva_Longoria/1.6/IpBtAcwbQb0/7,716,IpBtAcwbQb0,7
data/Estelle_Harris/1.6/R5JGtwc4o1M/8,518,R5JGtwc4o1M,8,data/Ellen_Wong/1.6/FIxC_PNJNkc/5,1156,FIxC_PNJNkc,5
data/Eugene_Levy/1.6/PgZsH9ijC3Y/2,166,PgZsH9ijC3Y,2,data/Emraan_Hashmi/1.6/3kzw8lTcUBU/9,457,3kzw8lTcUBU,9
data/Eleanor_Tomlinson/1.6/Zbz058o9j6s/1,906,Zbz058o9j6s,1,data/Eugenio_Derbez/1.6/ZLzkvnq0JxI/5,1066,ZLzkvnq0JxI,5
data/Ellen_Wong/1.6/FIxC_PNJNkc/3,1156,FIxC_PNJNkc,3,data/Eric_Braeden/1.6/1l9B0dz7gjc/3,364,1l9B0dz7gjc,3
data/Eric_Roberts/1.6/0mtJFC7OJv4/3,687,0mtJFC7OJv4,3,data/Erik_Estrada/1.6/hjvQiiG71rM/10,1106,hjvQiiG71rM,10
data/Emily_Atack/1.6/kt4P4cyTpWQ/5,871,kt4P4cyTpWQ,5,data/Eva_Longoria/1.6/cR5FfR4TbEI/9,716,cR5FfR4TbEI,9
data/Eddie_McClintock/1.6/UBMwbGlSLLg/3,699,UBMwbGlSLLg,3,data/Eli_Roth/1.6/u3s9xdUlmmk/6,753,u3s9xdUlmmk,6
data/Ezra_Miller/1.6/pwfqGqgezH4/5,106,pwfqGqgezH4,5,data/Erin_Andrews/1.6/IwB3vu418E4/8,919,IwB3vu418E4,8
data/Eva_Green/1.6/XcXDiYWIS6E/3,833,XcXDiYWIS6E,3,data/Eric_Braeden/1.6/WJPpL58RruA/5,364,WJPpL58RruA,5
data/Elaine_Hendrix/1.6/1CiBWgsHT4E/10,781,1CiBWgsHT4E,10,data/Eva_Longoria/1.6/0nH78dDh0N0/4,716,0nH78dDh0N0,4
data/Eddie_Griffin/1.6/wb6ligRbbZ4/5,1014,wb6ligRbbZ4,5,data/Ernest_Borgnine/1.6/AytdA2W0Y_M/6,650,AytdA2W0Y_M,6
data/Estelle_Harris/1.6/R5JGtwc4o1M/12,518,R5JGtwc4o1M,12,data/Emraan_Hashmi/1.6/ya6VNZp-pXw/30,457,ya6VNZp-pXw,30
data/Eddie_McClintock/1.6/Mdk1SXywHck/1,699,Mdk1SXywHck,1,data/Eva_Green/1.6/2SaEbN8hYz4/6,833,2SaEbN8hYz4,6
data/Ernest_Borgnine/1.6/Fi8lnFPYgII/21,650,Fi8lnFPYgII,21,data/Eddie_Griffin/1.6/olePnztkm6U/8,1014,olePnztkm6U,8
data/Evanna_Lynch/1.6/rgpPBT4yQcg/6,1129,rgpPBT4yQcg,6,data/Elle_Fanning/1.6/isKyMAYUOgg/11,1119,isKyMAYUOgg,11
data/Eoin_Macken/1.6/X7uOKQUYTCM/3,1015,X7uOKQUYTCM,3,data/Eli_Roth/1.6/j8UugkSTzzk/5,753,j8UugkSTzzk,5
data/Elodie_Yung/1.6/GIhCMsZrHF0/3,270,GIhCMsZrHF0,3,data/Esai_Morales/1.6/VRCidrXwd1s/22,437,VRCidrXwd1s,22
data/Emraan_Hashmi/1.6/ya6VNZp-pXw/7,457,ya6VNZp-pXw,7,data/Eddie_McClintock/1.6/vAr7raTthpw/4,699,vAr7raTthpw,4
data/Ernest_Borgnine/1.6/Fi8lnFPYgII/14,650,Fi8lnFPYgII,14,data/Estelle_Harris/1.6/LKDWhdJQFco/6,518,LKDWhdJQFco,6
data/Eoin_Macken/1.6/nAtqrkWKIhM/10,1015,nAtqrkWKIhM,10,data/Eva_Longoria/1.6/0nH78dDh0N0/15,716,0nH78dDh0N0,15
data/Eva_Longoria/1.6/kp_GCjLq4qA/5,716,kp_GCjLq4qA,5,data/Ernest_Borgnine/1.6/8EDKH42GZ1o/9,650,8EDKH42GZ1o,9
data/Eleanor_Tomlinson/1.6/ek_uqADnhPQ/7,906,ek_uqADnhPQ,7,data/Eugene_Levy/1.6/JQtDfEz08aU/1,166,JQtDfEz08aU,1
data/Emile_Hirsch/1.6/HYiqXC0B3iY/25,158,HYiqXC0B3iY,25,data/Edgar_Wright/1.6/FDhJhEu0JUM/13,943,FDhJhEu0JUM,13
data/Eddie_Kaye_Thomas/1.6/wH6ebv-K8AA/4,865,wH6ebv-K8AA,4,data/Eddie_Izzard/1.6/ZpPPaMazpf0/5,113,ZpPPaMazpf0,5
data/Eduardo_Noriega/1.6/tbh20gz_KRA/3,112,tbh20gz_KRA,3,data/Ezra_Miller/1.6/0b1inHMAr6o/9,106,0b1inHMAr6o,9
data/Eli_Wallach/1.6/RNYNkXzY5Hk/17,770,RNYNkXzY5Hk,17,data/Ernest_Borgnine/1.6/fAe7DXqrZls/1,650,fAe7DXqrZls,1
data/Esai_Morales/1.6/K2_D_tFdAgY/32,437,K2_D_tFdAgY,32,data/Ellen_Burstyn/1.6/2iaCNe7ajII/3,268,2iaCNe7ajII,3
data/Eugenio_Derbez/1.6/ZLzkvnq0JxI/7,1066,ZLzkvnq0JxI,7,data/Eva_Green/1.6/tuOl16Buy1Y/5,833,tuOl16Buy1Y,5
data/Elisabeth_Moss/1.6/FUqAFZmZJ80/19,587,FUqAFZmZJ80,19,data/Edgar_Wright/1.6/HrA2BLcLApA/6,943,HrA2BLcLApA,6
data/Eli_Roth/1.6/x6M3KQ8-gM4/3,753,x6M3KQ8-gM4,3,data/Eric_Dane/1.6/NZvythQO-SM/3,983,NZvythQO-SM,3
data/Estelle_Harris/1.6/VCEs8oAQAiM/1,518,VCEs8oAQAiM,1,data/Edward_Asner/1.6/s_rtHBpzrQc/6,16,s_rtHBpzrQc,6
data/Emraan_Hashmi/1.6/ENIHEvg_VLM/5,457,ENIHEvg_VLM,5,data/Eugene_Levy/1.6/HTL8iLI75TY/8,166,HTL8iLI75TY,8
data/Ernest_Borgnine/1.6/BL7XmN8w_UY/6,650,BL7XmN8w_UY,6,data/Eric_Braeden/1.6/WJPpL58RruA/3,364,WJPpL58RruA,3
data/Erik_Estrada/1.6/qrJ0fQJP5gs/2,1106,qrJ0fQJP5gs,2,data/Esai_Morales/1.6/VRCidrXwd1s/23,437,VRCidrXwd1s,23
data/Elodie_Yung/1.6/zFii0ROZZjc/1,270,zFii0ROZZjc,1,data/Esai_Morales/1.6/K2_D_tFdAgY/24,437,K2_D_tFdAgY,24
data/Elodie_Yung/1.6/3g9CjhcNEWk/10,270,3g9CjhcNEWk,10,data/Eddie_Izzard/1.6/8fKRoUIpAJY/10,113,8fKRoUIpAJY,10
data/Eddie_Griffin/1.6/olePnztkm6U/9,1014,olePnztkm6U,9,data/Eleanor_Tomlinson/1.6/Q5fbv-Wyj7k/2,906,Q5fbv-Wyj7k,2
data/Elaine_Hendrix/1.6/R1RQnIQGy10/4,781,R1RQnIQGy10,4,data/Eduardo_Noriega/1.6/cELY3LdIo-0/2,112,cELY3LdIo-0,2
data/Ernest_Borgnine/1.6/1ZyvrJaiLQk/10,650,1ZyvrJaiLQk,10,data/Eleanor_Tomlinson/1.6/qkZNuvX1UNo/7,906,qkZNuvX1UNo,7
data/Evanna_Lynch/1.6/S5BJ45l7wWY/1,1129,S5BJ45l7wWY,1,data/Eddie_Griffin/1.6/olePnztkm6U/6,1014,olePnztkm6U,6
data/Erin_Andrews/1.6/uaPd2Ix-wSI/7,919,uaPd2Ix-wSI,7,data/Esai_Morales/1.6/2Er-cV85fc4/17,437,2Er-cV85fc4,17
data/Elisabeth_Moss/1.6/thghCiJZYwI/11,587,thghCiJZYwI,11,data/Eric_Dane/1.6/S9FeIMntmUE/2,983,S9FeIMntmUE,2
data/Eartha_Kitt/1.6/5r0dWxy17C8/17,365,5r0dWxy17C8,17,data/Emraan_Hashmi/1.6/ENIHEvg_VLM/20,457,ENIHEvg_VLM,20
data/Eli_Roth/1.6/j8UugkSTzzk/2,753,j8UugkSTzzk,2,data/Ernest_Borgnine/1.6/bWLcvTrjnQU/1,650,bWLcvTrjnQU,1
data/Elaine_Hendrix/1.6/RDFdX3VxjUQ/11,781,RDFdX3VxjUQ,11,data/Eric_McCormack/1.6/_BVSKK5mGnY/5,379,_BVSKK5mGnY,5
data/Edgar_Wright/1.6/3vWez3baO60/13,943,3vWez3baO60,13,data/Edgar_Wright/1.6/3vWez3baO60/4,943,3vWez3baO60,4
data/Eric_McCormack/1.6/_BVSKK5mGnY/1,379,_BVSKK5mGnY,1,data/Elaine_Cassidy/1.6/v0Q-VyO4TjI/6,491,v0Q-VyO4TjI,6
data/Emile_Hirsch/1.6/A3QwQ3D35rc/3,158,A3QwQ3D35rc,3,data/Eddie_Izzard/1.6/8cfyJEV7hP8/1,113,8cfyJEV7hP8,1
data/Eoin_Macken/1.6/8lGvPwJszxI/1,1015,8lGvPwJszxI,1,data/Eva_Green/1.6/5jsUg3uxG-E/1,833,5jsUg3uxG-E,1
data/Elisabeth_Moss/1.6/uArtiTSTnSU/14,587,uArtiTSTnSU,14,data/Emraan_Hashmi/1.6/6Bh6P9nGsM4/2,457,6Bh6P9nGsM4,2
data/Eva_Longoria/1.6/f8Ms66atECE/12,716,f8Ms66atECE,12,data/Eli_Roth/1.6/vaK4t1-WD4M/37,753,vaK4t1-WD4M,37
data/Emraan_Hashmi/1.6/ETJd_jPboYc/10,457,ETJd_jPboYc,10,data/Edward_Asner/1.6/DSGE2F5sTcg/10,16,DSGE2F5sTcg,10
data/Edward_Asner/1.6/WZ6rcARSDqs/3,16,WZ6rcARSDqs,3,data/Ernest_Borgnine/1.6/xiFC4HwUcww/9,650,xiFC4HwUcww,9
data/Elodie_Yung/1.6/3g9CjhcNEWk/5,270,3g9CjhcNEWk,5,data/Eartha_Kitt/1.6/8jEAjG6SegY/21,365,8jEAjG6SegY,21
data/Elodie_Yung/1.6/zFii0ROZZjc/4,270,zFii0ROZZjc,4,data/Eugene_Levy/1.6/0TJ9sdJiDvA/9,166,0TJ9sdJiDvA,9
data/Ed_Westwick/1.6/OZcAiOZBNjQ/1,844,OZcAiOZBNjQ,1,data/Eugenio_Derbez/1.6/gbTZ7k9e_Z0/6,1066,gbTZ7k9e_Z0,6
data/Elle_Fanning/1.6/L2jRsPDZGgw/12,1119,L2jRsPDZGgw,12,data/Esai_Morales/1.6/VRCidrXwd1s/13,437,VRCidrXwd1s,13
data/Erik_Estrada/1.6/hjvQiiG71rM/3,1106,hjvQiiG71rM,3,data/Eli_Roth/1.6/gAKHqHbNt2g/15,753,gAKHqHbNt2g,15
data/Edgar_Wright/1.6/lWeNK_hi-aI/3,943,lWeNK_hi-aI,3,data/Eric_Roberts/1.6/0mtJFC7OJv4/6,687,0mtJFC7OJv4,6
data/Eugene_Levy/1.6/JQtDfEz08aU/26,166,JQtDfEz08aU,26,data/Eduardo_Noriega/1.6/SeXsHJ3fW1c/7,112,SeXsHJ3fW1c,7
data/Evanna_Lynch/1.6/XQWpVt5n3Ic/5,1129,XQWpVt5n3Ic,5,data/Emraan_Hashmi/1.6/ya6VNZp-pXw/4,457,ya6VNZp-pXw,4
data/Edward_Asner/1.6/U4eRLL_--14/1,16,U4eRLL_--14,1,data/Eddie_Izzard/1.6/9PmuAcGCSjY/3,113,9PmuAcGCSjY,3
data/Eric_Roberts/1.6/kWOMY99knWI/5,687,kWOMY99knWI,5,data/Eoin_Macken/1.6/MHOCv7pOmG4/9,1015,MHOCv7pOmG4,9
data/Esai_Morales/1.6/K2_D_tFdAgY/41,437,K2_D_tFdAgY,41,data/Elodie_Yung/1.6/sf4uMnkYFG8/3,270,sf4uMnkYFG8,3
data/Eli_Wallach/1.6/RNYNkXzY5Hk/14,770,RNYNkXzY5Hk,14,data/Ernest_Borgnine/1.6/BL7XmN8w_UY/2,650,BL7XmN8w_UY,2
data/Eva_Longoria/1.6/0nH78dDh0N0/11,716,0nH78dDh0N0,11,data/Eddie_Izzard/1.6/hW0Q6eHqN-U/7,113,hW0Q6eHqN-U,7
data/Eddie_Griffin/1.6/olePnztkm6U/11,1014,olePnztkm6U,11,data/Elodie_Yung/1.6/zFii0ROZZjc/7,270,zFii0ROZZjc,7
data/Eddie_Izzard/1.6/prqT1CcDqMc/15,113,prqT1CcDqMc,15,data/Ernest_Borgnine/1.6/SQzWyPhRqmk/4,650,SQzWyPhRqmk,4
data/Efren_Ramirez/1.6/PQHz4fGHPK8/5,915,PQHz4fGHPK8,5,data/Eoin_Macken/1.6/k1jiAINXHRI/1,1015,k1jiAINXHRI,1
data/Eddie_Izzard/1.6/8fKRoUIpAJY/1,113,8fKRoUIpAJY,1,data/Eoin_Macken/1.6/nAtqrkWKIhM/13,1015,nAtqrkWKIhM,13
data/Elisabeth_Moss/1.6/FUqAFZmZJ80/1,587,FUqAFZmZJ80,1,data/Elle_Fanning/1.6/pqJw3UuOuCY/2,1119,pqJw3UuOuCY,2
data/Eartha_Kitt/1.6/GWXujl-xAVM/35,365,GWXujl-xAVM,35,data/Eugenio_Derbez/1.6/vbDKF8bZJQA/12,1066,vbDKF8bZJQA,12
data/Ezra_Miller/1.6/RkN41E3gRpc/5,106,RkN41E3gRpc,5,data/Emraan_Hashmi/1.6/ya6VNZp-pXw/1,457,ya6VNZp-pXw,1
data/Eugenio_Derbez/1.6/ZLzkvnq0JxI/1,1066,ZLzkvnq0JxI,1,data/Erik_Estrada/1.6/SCYPNx1H2pM/4,1106,SCYPNx1H2pM,4
data/Edward_Asner/1.6/DSGE2F5sTcg/6,16,DSGE2F5sTcg,6,data/Edward_Asner/1.6/DSGE2F5sTcg/17,16,DSGE2F5sTcg,17
data/Eli_Roth/1.6/S-dgypZHvhg/3,753,S-dgypZHvhg,3,data/Ernest_Borgnine/1.6/VHWZdctr_4s/6,650,VHWZdctr_4s,6
data/Eva_Green/1.6/5jsUg3uxG-E/2,833,5jsUg3uxG-E,2,data/Elle_Fanning/1.6/4TtOX8dgtYI/4,1119,4TtOX8dgtYI,4
data/Eddie_McClintock/1.6/LqcUAxrtYOk/9,699,LqcUAxrtYOk,9,data/Eoin_Macken/1.6/nAtqrkWKIhM/11,1015,nAtqrkWKIhM,11
data/Eddie_Izzard/1.6/eLl_yTeuaKo/4,113,eLl_yTeuaKo,4,data/Eddie_McClintock/1.6/QjrBKqx_Xeo/2,699,QjrBKqx_Xeo,2
data/Edward_Asner/1.6/iEAqbqZ7dDg/4,16,iEAqbqZ7dDg,4,data/Eugene_Levy/1.6/JQtDfEz08aU/21,166,JQtDfEz08aU,21
data/Eartha_Kitt/1.6/GWXujl-xAVM/8,365,GWXujl-xAVM,8,data/Esai_Morales/1.6/VRCidrXwd1s/9,437,VRCidrXwd1s,9
data/Eoin_Macken/1.6/MHOCv7pOmG4/13,1015,MHOCv7pOmG4,13,data/Ellen_Wong/1.6/FIxC_PNJNkc/6,1156,FIxC_PNJNkc,6
data/Eli_Roth/1.6/h87Y8nir1o0/2,753,h87Y8nir1o0,2,data/Emraan_Hashmi/1.6/N8_clYCM9n8/1,457,N8_clYCM9n8,1
data/Ernest_Borgnine/1.6/mYSVs_d1aMQ/8,650,mYSVs_d1aMQ,8,data/Eddie_McClintock/1.6/QjrBKqx_Xeo/7,699,QjrBKqx_Xeo,7
data/Emily_Atack/1.6/4aLg_keiGHw/4,871,4aLg_keiGHw,4,data/Elaine_Cassidy/1.6/YcIZDAhexy8/5,491,YcIZDAhexy8,5
data/Eugenio_Derbez/1.6/6iCNE2j3XIk/1,1066,6iCNE2j3XIk,1,data/Eoin_Macken/1.6/X7uOKQUYTCM/5,1015,X7uOKQUYTCM,5
data/Eoin_Macken/1.6/rZQMeH1FCvM/5,1015,rZQMeH1FCvM,5,data/Elodie_Yung/1.6/3g9CjhcNEWk/6,270,3g9CjhcNEWk,6
data/Efren_Ramirez/1.6/uC-yAeDEzFA/1,915,uC-yAeDEzFA,1,data/Eugenio_Derbez/1.6/t0EX2dOBQjw/1,1066,t0EX2dOBQjw,1
data/Ernest_Borgnine/1.6/7byARrJfhlI/5,650,7byARrJfhlI,5,data/Eddie_Kaye_Thomas/1.6/xbGp2KSUr0E/2,865,xbGp2KSUr0E,2
data/Eartha_Kitt/1.6/5r0dWxy17C8/2,365,5r0dWxy17C8,2,data/Eric_Braeden/1.6/gETtCLtu1jA/1,364,gETtCLtu1jA,1
data/Eoin_Macken/1.6/k1jiAINXHRI/9,1015,k1jiAINXHRI,9,data/Esai_Morales/1.6/dtYK1cUF7mo/4,437,dtYK1cUF7mo,4
data/Eugenio_Derbez/1.6/t0EX2dOBQjw/6,1066,t0EX2dOBQjw,6,data/Ed_Westwick/1.6/1gtz-CUIygI/2,844,1gtz-CUIygI,2
data/Emraan_Hashmi/1.6/2qlrpSAc9Xs/20,457,2qlrpSAc9Xs,20,data/Eddie_Izzard/1.6/8cfyJEV7hP8/30,113,8cfyJEV7hP8,30
data/Eva_Green/1.6/kQOkcEZUpJ4/5,833,kQOkcEZUpJ4,5,data/Eva_Green/1.6/2SaEbN8hYz4/3,833,2SaEbN8hYz4,3
data/Eric_Braeden/1.6/nkIdfM2BFS0/2,364,nkIdfM2BFS0,2,data/Emraan_Hashmi/1.6/3kzw8lTcUBU/10,457,3kzw8lTcUBU,10
data/Eli_Roth/1.6/uA1E_38TuTw/1,753,uA1E_38TuTw,1,data/Eli_Roth/1.6/j5ArtKwbobY/4,753,j5ArtKwbobY,4
data/Eartha_Kitt/1.6/OhfKF8FSq3Y/5,365,OhfKF8FSq3Y,5,data/Eric_Braeden/1.6/gETtCLtu1jA/6,364,gETtCLtu1jA,6
data/Eduardo_Noriega/1.6/UIbPolhxLDI/4,112,UIbPolhxLDI,4,data/Eric_Braeden/1.6/OiRXHy35Euk/6,364,OiRXHy35Euk,6
data/Elle_Fanning/1.6/lBkbWztMEUY/3,1119,lBkbWztMEUY,3,data/Elle_Fanning/1.6/ZAK9gLYNqPs/5,1119,ZAK9gLYNqPs,5
data/Elodie_Yung/1.6/3g9CjhcNEWk/3,270,3g9CjhcNEWk,3,data/Eli_Roth/1.6/clznvDi-ybg/11,753,clznvDi-ybg,11
data/Edward_Asner/1.6/s_rtHBpzrQc/8,16,s_rtHBpzrQc,8,data/Eli_Wallach/1.6/7yx9A0yzLYk/11,770,7yx9A0yzLYk,11
data/Ernest_Borgnine/1.6/fAe7DXqrZls/4,650,fAe7DXqrZls,4,data/Elle_Fanning/1.6/Qkll9n7U5ak/3,1119,Qkll9n7U5ak,3
data/Eddie_Izzard/1.6/8cfyJEV7hP8/39,113,8cfyJEV7hP8,39,data/Eric_Braeden/1.6/WJPpL58RruA/6,364,WJPpL58RruA,6
data/Eugenio_Derbez/1.6/ZLzkvnq0JxI/6,1066,ZLzkvnq0JxI,6,data/Eddie_Kaye_Thomas/1.6/89UnsytX6Y8/3,865,89UnsytX6Y8,3
data/Eric_McCormack/1.6/Y-qKARMSO7k/4,379,Y-qKARMSO7k,4,data/Edward_Asner/1.6/R_h7875g_PI/1,16,R_h7875g_PI,1
data/Elle_Fanning/1.6/Qkll9n7U5ak/7,1119,Qkll9n7U5ak,7,data/Eric_Dane/1.6/3tvnlmkCiTw/14,983,3tvnlmkCiTw,14
data/Eugenio_Derbez/1.6/gbTZ7k9e_Z0/10,1066,gbTZ7k9e_Z0,10,data/Eli_Roth/1.6/vaK4t1-WD4M/39,753,vaK4t1-WD4M,39
data/Eugene_Levy/1.6/JQtDfEz08aU/15,166,JQtDfEz08aU,15,data/Ezra_Miller/1.6/qFrRfhWombs/7,106,qFrRfhWombs,7
data/Eric_Dane/1.6/3tvnlmkCiTw/16,983,3tvnlmkCiTw,16,data/Emile_Hirsch/1.6/A3QwQ3D35rc/9,158,A3QwQ3D35rc,9
data/Ernie_Hudson/1.6/vhzF7dhGJzI/6,1132,vhzF7dhGJzI,6,data/Eartha_Kitt/1.6/8jEAjG6SegY/30,365,8jEAjG6SegY,30
data/Edgar_Wright/1.6/HrA2BLcLApA/11,943,HrA2BLcLApA,11,data/Eddie_Izzard/1.6/8cfyJEV7hP8/19,113,8cfyJEV7hP8,19
data/Emile_Hirsch/1.6/cIi74VD0LF0/10,158,cIi74VD0LF0,10,data/Eric_McCormack/1.6/f_k09R8r_cA/1,379,f_k09R8r_cA,1
data/Edward_Asner/1.6/iEAqbqZ7dDg/3,16,iEAqbqZ7dDg,3,data/Eddie_Izzard/1.6/oBaIbyCrTVw/2,113,oBaIbyCrTVw,2
data/Eric_McCormack/1.6/LUFoMNPpdbY/6,379,LUFoMNPpdbY,6,data/Ezra_Miller/1.6/MJ3skMKNBGM/3,106,MJ3skMKNBGM,3
data/Edward_Asner/1.6/DSGE2F5sTcg/7,16,DSGE2F5sTcg,7,data/Emraan_Hashmi/1.6/ya6VNZp-pXw/3,457,ya6VNZp-pXw,3
data/Eleanor_Tomlinson/1.6/qkZNuvX1UNo/2,906,qkZNuvX1UNo,2,data/Elisabeth_Moss/1.6/bd0jqkNxNdU/2,587,bd0jqkNxNdU,2
data/Eva_Green/1.6/uzt36PBzT2w/3,833,uzt36PBzT2w,3,data/Efren_Ramirez/1.6/4Q1IvdayPR8/9,915,4Q1IvdayPR8,9
data/Eva_Longoria/1.6/wtqPC9vEZ0M/2,716,wtqPC9vEZ0M,2,data/Eddie_McClintock/1.6/Mdk1SXywHck/2,699,Mdk1SXywHck,2
data/Eli_Roth/1.6/oGZsanLiXsY/2,753,oGZsanLiXsY,2,data/Eugenio_Derbez/1.6/yhQS3o0LG-8/1,1066,yhQS3o0LG-8,1
data/Eli_Roth/1.6/vaK4t1-WD4M/26,753,vaK4t1-WD4M,26,data/Eva_Longoria/1.6/IpBtAcwbQb0/1,716,IpBtAcwbQb0,1
data/Edward_Asner/1.6/rgcxEM5jOc4/4,16,rgcxEM5jOc4,4,data/Eugene_Levy/1.6/JQtDfEz08aU/30,166,JQtDfEz08aU,30
data/Edgar_Wright/1.6/AeZoMAJ4Ejs/21,943,AeZoMAJ4Ejs,21,data/Emile_Hirsch/1.6/HYiqXC0B3iY/17,158,HYiqXC0B3iY,17
data/Eoin_Macken/1.6/k1jiAINXHRI/7,1015,k1jiAINXHRI,7,data/Ernest_Borgnine/1.6/1ZyvrJaiLQk/29,650,1ZyvrJaiLQk,29
data/Elisabeth_Moss/1.6/FUqAFZmZJ80/13,587,FUqAFZmZJ80,13,data/Emraan_Hashmi/1.6/gm6PJowclv0/24,457,gm6PJowclv0,24
data/Esai_Morales/1.6/CNPsGRmW7rY/3,437,CNPsGRmW7rY,3,data/Eva_Green/1.6/QRMq4DnyM3I/2,833,QRMq4DnyM3I,2
data/Eric_Braeden/1.6/zIkTBKfnbso/2,364,zIkTBKfnbso,2,data/Erik_Estrada/1.6/hjvQiiG71rM/30,1106,hjvQiiG71rM,30
data/Eddie_Izzard/1.6/hW0Q6eHqN-U/3,113,hW0Q6eHqN-U,3,data/Ed_Westwick/1.6/LjLjQkfhd2o/7,844,LjLjQkfhd2o,7
data/Ed_Westwick/1.6/1gtz-CUIygI/12,844,1gtz-CUIygI,12,data/Elaine_Hendrix/1.6/1CiBWgsHT4E/6,781,1CiBWgsHT4E,6
data/Erik_Estrada/1.6/hjvQiiG71rM/6,1106,hjvQiiG71rM,6,data/Eugene_Levy/1.6/hDBMV_0Vz4E/13,166,hDBMV_0Vz4E,13
data/Eoin_Macken/1.6/k1jiAINXHRI/27,1015,k1jiAINXHRI,27,data/Edgar_Wright/1.6/AeZoMAJ4Ejs/14,943,AeZoMAJ4Ejs,14
data/Eartha_Kitt/1.6/OhfKF8FSq3Y/3,365,OhfKF8FSq3Y,3,data/Eduardo_Noriega/1.6/tbh20gz_KRA/10,112,tbh20gz_KRA,10
data/Eric_McCormack/1.6/f_k09R8r_cA/2,379,f_k09R8r_cA,2,data/Ezra_Miller/1.6/rxnN8thYzEQ/18,106,rxnN8thYzEQ,18
data/Edward_Asner/1.6/iEAqbqZ7dDg/10,16,iEAqbqZ7dDg,10,data/Eric_Dane/1.6/K1gPy1UKmBE/10,983,K1gPy1UKmBE,10
data/Eddie_Izzard/1.6/eLl_yTeuaKo/12,113,eLl_yTeuaKo,12,data/Esai_Morales/1.6/KaZPZcTPQ-c/2,437,KaZPZcTPQ-c,2
data/Ezra_Miller/1.6/qFrRfhWombs/11,106,qFrRfhWombs,11,data/Elaine_Hendrix/1.6/o-L8P0xj3qk/2,781,o-L8P0xj3qk,2
data/Edgar_Wright/1.6/YloBWJxXzMI/5,943,YloBWJxXzMI,5,data/Eli_Wallach/1.6/rOcOdev0azY/1,770,rOcOdev0azY,1
data/Erin_Andrews/1.6/IwB3vu418E4/4,919,IwB3vu418E4,4,data/Edward_Asner/1.6/DSGE2F5sTcg/14,16,DSGE2F5sTcg,14
data/Eddie_Izzard/1.6/9PmuAcGCSjY/2,113,9PmuAcGCSjY,2,data/Ezra_Miller/1.6/RkN41E3gRpc/6,106,RkN41E3gRpc,6
data/Eva_Green/1.6/ehwAeTUqH0s/7,833,ehwAeTUqH0s,7,data/Eddie_Izzard/1.6/8cfyJEV7hP8/29,113,8cfyJEV7hP8,29
data/Esai_Morales/1.6/ekqJava7sdE/8,437,ekqJava7sdE,8,data/Elaine_Hendrix/1.6/RDFdX3VxjUQ/12,781,RDFdX3VxjUQ,12
data/Ellen_Burstyn/1.6/bP0bKbQQlzc/4,268,bP0bKbQQlzc,4,data/Eli_Wallach/1.6/RNYNkXzY5Hk/5,770,RNYNkXzY5Hk,5
data/Eric_Braeden/1.6/dYC_mN16I_k/9,364,dYC_mN16I_k,9,data/Eric_Roberts/1.6/utAY0zpsv1U/3,687,utAY0zpsv1U,3
data/Eddie_Izzard/1.6/0LbtndiXJC0/12,113,0LbtndiXJC0,12,data/Eugene_Levy/1.6/HTL8iLI75TY/6,166,HTL8iLI75TY,6
data/Ernest_Borgnine/1.6/Xroutc-3_SU/8,650,Xroutc-3_SU,8,data/Eduardo_Noriega/1.6/znxUWA2QAGs/5,112,znxUWA2QAGs,5
data/Emraan_Hashmi/1.6/gm6PJowclv0/2,457,gm6PJowclv0,2,data/Elaine_Hendrix/1.6/o-L8P0xj3qk/1,781,o-L8P0xj3qk,1
data/Emile_Hirsch/1.6/A3QwQ3D35rc/11,158,A3QwQ3D35rc,11,data/Elodie_Yung/1.6/fGlKVvjgUdY/5,270,fGlKVvjgUdY,5
data/Elisabeth_Moss/1.6/thghCiJZYwI/2,587,thghCiJZYwI,2,data/Erin_Andrews/1.6/SX-117N_MoI/3,919,SX-117N_MoI,3
data/Estelle_Harris/1.6/LKDWhdJQFco/11,518,LKDWhdJQFco,11,data/Edgar_Wright/1.6/X1Yr4eI2oRw/2,943,X1Yr4eI2oRw,2
data/Elle_Fanning/1.6/isKyMAYUOgg/4,1119,isKyMAYUOgg,4,data/Emraan_Hashmi/1.6/ya6VNZp-pXw/13,457,ya6VNZp-pXw,13
data/Eugenio_Derbez/1.6/cpXXdMJuCdw/7,1066,cpXXdMJuCdw,7,data/Eli_Roth/1.6/p3q7Z0O6rgg/1,753,p3q7Z0O6rgg,1
data/Eartha_Kitt/1.6/8jEAjG6SegY/4,365,8jEAjG6SegY,4,data/Eric_Roberts/1.6/6-VE8e8RtZE/1,687,6-VE8e8RtZE,1
data/Elaine_Hendrix/1.6/NHARUN9OhSo/7,781,NHARUN9OhSo,7,data/Eli_Roth/1.6/oGZsanLiXsY/5,753,oGZsanLiXsY,5
data/Edward_Asner/1.6/R_h7875g_PI/10,16,R_h7875g_PI,10,data/Ed_Westwick/1.6/LjLjQkfhd2o/1,844,LjLjQkfhd2o,1
data/Edward_Asner/1.6/DSGE2F5sTcg/25,16,DSGE2F5sTcg,25,data/Emile_Hirsch/1.6/dDnqp9503Mg/1,158,dDnqp9503Mg,1
data/Estelle_Harris/1.6/VCEs8oAQAiM/20,518,VCEs8oAQAiM,20,data/Eddie_Kaye_Thomas/1.6/89UnsytX6Y8/1,865,89UnsytX6Y8,1
data/Ernest_Borgnine/1.6/7byARrJfhlI/6,650,7byARrJfhlI,6,data/Eli_Roth/1.6/vaK4t1-WD4M/5,753,vaK4t1-WD4M,5
data/Eduardo_Noriega/1.6/0rpfN7wThsg/6,112,0rpfN7wThsg,6,data/Eugenio_Derbez/1.6/Piw0wvQbpnQ/10,1066,Piw0wvQbpnQ,10
data/Eric_Dane/1.6/S9FeIMntmUE/1,983,S9FeIMntmUE,1,data/Eva_Longoria/1.6/0nH78dDh0N0/12,716,0nH78dDh0N0,12
data/Eoin_Macken/1.6/nAtqrkWKIhM/3,1015,nAtqrkWKIhM,3,data/Eva_Green/1.6/XcXDiYWIS6E/10,833,XcXDiYWIS6E,10
data/Edward_Asner/1.6/DSGE2F5sTcg/30,16,DSGE2F5sTcg,30,data/Elaine_Cassidy/1.6/Np6typH1VKE/3,491,Np6typH1VKE,3
data/Eli_Wallach/1.6/Uzxv7Axh3Z8/2,770,Uzxv7Axh3Z8,2,data/Ernest_Borgnine/1.6/1ZyvrJaiLQk/21,650,1ZyvrJaiLQk,21
data/Eric_Braeden/1.6/VweNonqOdrE/10,364,VweNonqOdrE,10,data/Eli_Roth/1.6/S-dgypZHvhg/1,753,S-dgypZHvhg,1
data/Ed_Westwick/1.6/1gtz-CUIygI/6,844,1gtz-CUIygI,6,data/Ernest_Borgnine/1.6/VHWZdctr_4s/1,650,VHWZdctr_4s,1
data/Emraan_Hashmi/1.6/k_FB95mWrFc/3,457,k_FB95mWrFc,3,data/Emraan_Hashmi/1.6/2qlrpSAc9Xs/19,457,2qlrpSAc9Xs,19
data/Eoin_Macken/1.6/rZQMeH1FCvM/13,1015,rZQMeH1FCvM,13,data/Eva_Longoria/1.6/kp_GCjLq4qA/2,716,kp_GCjLq4qA,2
data/Eoin_Macken/1.6/Mp1IXRquJ9s/7,1015,Mp1IXRquJ9s,7,data/Eli_Roth/1.6/p3q7Z0O6rgg/3,753,p3q7Z0O6rgg,3
data/Emily_Atack/1.6/ibDSPLFJIu0/2,871,ibDSPLFJIu0,2,data/Estelle_Harris/1.6/VCEs8oAQAiM/15,518,VCEs8oAQAiM,15
data/Eli_Roth/1.6/r9-0pljhZqs/15,753,r9-0pljhZqs,15,data/Elodie_Yung/1.6/7UePD3HoAS8/7,270,7UePD3HoAS8,7
data/Ernest_Borgnine/1.6/AytdA2W0Y_M/8,650,AytdA2W0Y_M,8,data/Ezra_Miller/1.6/_z_BR0ERa9g/9,106,_z_BR0ERa9g,9
data/Edward_Asner/1.6/iEAqbqZ7dDg/2,16,iEAqbqZ7dDg,2,data/Eduardo_Noriega/1.6/0rpfN7wThsg/4,112,0rpfN7wThsg,4
data/Emile_Hirsch/1.6/FAOLWl96MY0/6,158,FAOLWl96MY0,6,data/Edward_Asner/1.6/DSGE2F5sTcg/31,16,DSGE2F5sTcg,31
data/Eva_Longoria/1.6/120gjdqGWNQ/9,716,120gjdqGWNQ,9,data/Eddie_Izzard/1.6/oBaIbyCrTVw/4,113,oBaIbyCrTVw,4
data/Edgar_Wright/1.6/AeZoMAJ4Ejs/18,943,AeZoMAJ4Ejs,18,data/Eli_Roth/1.6/vaK4t1-WD4M/22,753,vaK4t1-WD4M,22
data/Eli_Roth/1.6/gAKHqHbNt2g/9,753,gAKHqHbNt2g,9,data/Ernest_Borgnine/1.6/8EDKH42GZ1o/36,650,8EDKH42GZ1o,36
data/Eartha_Kitt/1.6/GWXujl-xAVM/16,365,GWXujl-xAVM,16,data/Elisabeth_Moss/1.6/FUqAFZmZJ80/18,587,FUqAFZmZJ80,18
data/Eugene_Levy/1.6/zV7LlMi0eHo/5,166,zV7LlMi0eHo,5,data/Elaine_Hendrix/1.6/eso-dEmfC_c/5,781,eso-dEmfC_c,5
data/Eva_Green/1.6/1ZDW9BkweHQ/1,833,1ZDW9BkweHQ,1,data/Elisabeth_Moss/1.6/uArtiTSTnSU/12,587,uArtiTSTnSU,12
data/Ellen_Wong/1.6/A3ZvNuG8_oM/5,1156,A3ZvNuG8_oM,5,data/Esai_Morales/1.6/VRCidrXwd1s/33,437,VRCidrXwd1s,33
data/Eddie_Izzard/1.6/prqT1CcDqMc/14,113,prqT1CcDqMc,14,data/Eddie_Izzard/1.6/OYi3rZSdAOE/4,113,OYi3rZSdAOE,4
data/Eugenio_Derbez/1.6/gbTZ7k9e_Z0/1,1066,gbTZ7k9e_Z0,1,data/Eoin_Macken/1.6/OMOpC0gi-gQ/5,1015,OMOpC0gi-gQ,5
data/Eoin_Macken/1.6/SJxWXqMu2ds/2,1015,SJxWXqMu2ds,2,data/Eva_Green/1.6/cc5WSHcgkl8/12,833,cc5WSHcgkl8,12
data/Ernest_Borgnine/1.6/1ZyvrJaiLQk/7,650,1ZyvrJaiLQk,7,data/Eva_Green/1.6/2SaEbN8hYz4/14,833,2SaEbN8hYz4,14
data/Estelle_Harris/1.6/Zs8VK91yVMI/21,518,Zs8VK91yVMI,21,data/Emraan_Hashmi/1.6/0H91VC07Q3s/1,457,0H91VC07Q3s,1
data/Emraan_Hashmi/1.6/k_FB95mWrFc/1,457,k_FB95mWrFc,1,data/Ernie_Hudson/1.6/BVFTRGHuk3M/2,1132,BVFTRGHuk3M,2
data/Eugene_Levy/1.6/CN6JpPYbHCQ/8,166,CN6JpPYbHCQ,8,data/Emile_Hirsch/1.6/0bA1AJCGEOo/4,158,0bA1AJCGEOo,4
data/Ed_Westwick/1.6/djK87iSSKQo/1,844,djK87iSSKQo,1,data/Ernest_Borgnine/1.6/AsHhZ_bnpQg/8,650,AsHhZ_bnpQg,8
data/Estelle_Harris/1.6/CEzOEV3DiU4/1,518,CEzOEV3DiU4,1,data/Eli_Roth/1.6/h87Y8nir1o0/7,753,h87Y8nir1o0,7
data/Eoin_Macken/1.6/rZQMeH1FCvM/9,1015,rZQMeH1FCvM,9,data/Eddie_Izzard/1.6/E50E5hbggyM/6,113,E50E5hbggyM,6
data/Eric_Braeden/1.6/L812MIi7ruk/8,364,L812MIi7ruk,8,data/Emraan_Hashmi/1.6/ya6VNZp-pXw/24,457,ya6VNZp-pXw,24
data/Ezra_Miller/1.6/XMLMvfrgdzY/15,106,XMLMvfrgdzY,15,data/Emile_Hirsch/1.6/A3QwQ3D35rc/13,158,A3QwQ3D35rc,13
data/Eric_Dane/1.6/3tvnlmkCiTw/9,983,3tvnlmkCiTw,9,data/Emraan_Hashmi/1.6/3kzw8lTcUBU/23,457,3kzw8lTcUBU,23
data/Estelle_Harris/1.6/R5JGtwc4o1M/21,518,R5JGtwc4o1M,21,data/Eddie_McClintock/1.6/HK20g60KlTI/3,699,HK20g60KlTI,3
data/Emily_Atack/1.6/iPZGPcrYIZs/6,871,iPZGPcrYIZs,6,data/Eli_Wallach/1.6/O_rxcwBWTz4/1,770,O_rxcwBWTz4,1
data/Ezra_Miller/1.6/Zx-zA-D_DvI/2,106,Zx-zA-D_DvI,2,data/Eric_Roberts/1.6/utAY0zpsv1U/1,687,utAY0zpsv1U,1
data/Elle_Fanning/1.6/Qkll9n7U5ak/11,1119,Qkll9n7U5ak,11,data/Emily_Atack/1.6/d2Lasybvo7s/7,871,d2Lasybvo7s,7
data/Eli_Wallach/1.6/YN4cTBWM-QE/3,770,YN4cTBWM-QE,3,data/Erik_Estrada/1.6/6qFnVechX9o/11,1106,6qFnVechX9o,11
data/Edgar_Wright/1.6/HrA2BLcLApA/3,943,HrA2BLcLApA,3,data/Esai_Morales/1.6/VRCidrXwd1s/12,437,VRCidrXwd1s,12
data/Ernest_Borgnine/1.6/8Sz2-IYJ2GA/7,650,8Sz2-IYJ2GA,7,data/Erik_Estrada/1.6/U_1vfIVOigA/12,1106,U_1vfIVOigA,12
data/Eddie_Kaye_Thomas/1.6/wH6ebv-K8AA/2,865,wH6ebv-K8AA,2,data/Eoin_Macken/1.6/_FHcnO0b5hE/1,1015,_FHcnO0b5hE,1
data/Eugenio_Derbez/1.6/Piw0wvQbpnQ/15,1066,Piw0wvQbpnQ,15,data/Eric_McCormack/1.6/ZEpT2orkZTc/1,379,ZEpT2orkZTc,1
data/Eli_Roth/1.6/r9-0pljhZqs/1,753,r9-0pljhZqs,1,data/Eli_Roth/1.6/clznvDi-ybg/2,753,clznvDi-ybg,2
data/Eartha_Kitt/1.6/OhfKF8FSq3Y/6,365,OhfKF8FSq3Y,6,data/Erik_Estrada/1.6/U_1vfIVOigA/7,1106,U_1vfIVOigA,7
data/Esai_Morales/1.6/2Er-cV85fc4/6,437,2Er-cV85fc4,6,data/Edgar_Wright/1.6/AeZoMAJ4Ejs/19,943,AeZoMAJ4Ejs,19
data/Eddie_McClintock/1.6/QjrBKqx_Xeo/8,699,QjrBKqx_Xeo,8,data/Ed_Westwick/1.6/Zjc7Xy7aT8c/1,844,Zjc7Xy7aT8c,1
data/Edward_Asner/1.6/Pp-rAswo4Xg/14,16,Pp-rAswo4Xg,14,data/Elle_Fanning/1.6/cJ40ZqTY3dQ/7,1119,cJ40ZqTY3dQ,7
data/Eli_Roth/1.6/clznvDi-ybg/5,753,clznvDi-ybg,5,data/Eli_Roth/1.6/SwMoq9ZHxpw/2,753,SwMoq9ZHxpw,2
data/Eddie_Izzard/1.6/Ed918auNI0Y/4,113,Ed918auNI0Y,4,data/Emraan_Hashmi/1.6/ya6VNZp-pXw/36,457,ya6VNZp-pXw,36
data/Eartha_Kitt/1.6/5r0dWxy17C8/25,365,5r0dWxy17C8,25,data/Ernest_Borgnine/1.6/TMBdUkVfwOg/7,650,TMBdUkVfwOg,7
data/Eric_Roberts/1.6/o1EKUvjvNHY/4,687,o1EKUvjvNHY,4,data/Eartha_Kitt/1.6/GWXujl-xAVM/17,365,GWXujl-xAVM,17
data/Eoin_Macken/1.6/vD3qGRbmXws/4,1015,vD3qGRbmXws,4,data/Eddie_Izzard/1.6/MqKFZOAwUsg/4,113,MqKFZOAwUsg,4
data/Eddie_Griffin/1.6/wb6ligRbbZ4/1,1014,wb6ligRbbZ4,1,data/Eugene_Levy/1.6/W-5dGkFnQxM/1,166,W-5dGkFnQxM,1
data/Ed_Westwick/1.6/Zjc7Xy7aT8c/4,844,Zjc7Xy7aT8c,4,data/Eoin_Macken/1.6/X7uOKQUYTCM/6,1015,X7uOKQUYTCM,6
data/Erik_Estrada/1.6/KnOFOXpwmp0/2,1106,KnOFOXpwmp0,2,data/Edward_Asner/1.6/fvX1Vtx3sNo/5,16,fvX1Vtx3sNo,5
data/Efren_Ramirez/1.6/4Q1IvdayPR8/18,915,4Q1IvdayPR8,18,data/Eric_Braeden/1.6/WJPpL58RruA/1,364,WJPpL58RruA,1
data/Eugene_Levy/1.6/JQtDfEz08aU/29,166,JQtDfEz08aU,29,data/Evanna_Lynch/1.6/rgpPBT4yQcg/12,1129,rgpPBT4yQcg,12
data/Eli_Wallach/1.6/YN4cTBWM-QE/1,770,YN4cTBWM-QE,1,data/Eddie_Izzard/1.6/ZpPPaMazpf0/13,113,ZpPPaMazpf0,13
data/Eva_Green/1.6/SBO7kM1IPaY/12,833,SBO7kM1IPaY,12,data/Efren_Ramirez/1.6/DTbpchx4xes/12,915,DTbpchx4xes,12
data/Eddie_Izzard/1.6/58VB-LYIoRM/2,113,58VB-LYIoRM,2,data/Eoin_Macken/1.6/TnOGBL8p-RM/11,1015,TnOGBL8p-RM,11
data/Eartha_Kitt/1.6/GWXujl-xAVM/37,365,GWXujl-xAVM,37,data/Efren_Ramirez/1.6/4Q1IvdayPR8/12,915,4Q1IvdayPR8,12
data/Eddie_McClintock/1.6/CVUXDNZzcmA/5,699,CVUXDNZzcmA,5,data/Erik_Estrada/1.6/VHtcwtdPjpE/3,1106,VHtcwtdPjpE,3
data/Emraan_Hashmi/1.6/2oMmz2DTAp4/2,457,2oMmz2DTAp4,2,data/Eli_Roth/1.6/h87Y8nir1o0/3,753,h87Y8nir1o0,3
data/Elodie_Yung/1.6/zFii0ROZZjc/5,270,zFii0ROZZjc,5,data/Edgar_Wright/1.6/YloBWJxXzMI/3,943,YloBWJxXzMI,3
data/Elaine_Hendrix/1.6/RDFdX3VxjUQ/23,781,RDFdX3VxjUQ,23,data/Eric_Braeden/1.6/VweNonqOdrE/5,364,VweNonqOdrE,5
data/Ellen_Burstyn/1.6/2iaCNe7ajII/2,268,2iaCNe7ajII,2,data/Evanna_Lynch/1.6/MxBuaaxNnlE/3,1129,MxBuaaxNnlE,3
data/Emily_Atack/1.6/aQ6uxeakacs/2,871,aQ6uxeakacs,2,data/Ernest_Borgnine/1.6/SQzWyPhRqmk/1,650,SQzWyPhRqmk,1
data/Ernest_Borgnine/1.6/1ZyvrJaiLQk/16,650,1ZyvrJaiLQk,16,data/Eoin_Macken/1.6/k1jiAINXHRI/17,1015,k1jiAINXHRI,17
data/Eddie_Izzard/1.6/5TWpQYtboq0/2,113,5TWpQYtboq0,2,data/Ernest_Borgnine/1.6/Fi8lnFPYgII/23,650,Fi8lnFPYgII,23
data/Eddie_Izzard/1.6/ZpPPaMazpf0/17,113,ZpPPaMazpf0,17,data/Emile_Hirsch/1.6/jjzisko126k/1,158,jjzisko126k,1
data/Ernest_Borgnine/1.6/VHWZdctr_4s/4,650,VHWZdctr_4s,4,data/Ernest_Borgnine/1.6/BL7XmN8w_UY/3,650,BL7XmN8w_UY,3
data/Ernest_Borgnine/1.6/SQzWyPhRqmk/9,650,SQzWyPhRqmk,9,data/Eli_Roth/1.6/j5ArtKwbobY/11,753,j5ArtKwbobY,11
data/Eric_McCormack/1.6/iLMjiAp4rTo/7,379,iLMjiAp4rTo,7,data/Eric_Dane/1.6/WxDEVkQKPow/5,983,WxDEVkQKPow,5
data/Elaine_Hendrix/1.6/eso-dEmfC_c/2,781,eso-dEmfC_c,2,data/Eleanor_Tomlinson/1.6/ek_uqADnhPQ/1,906,ek_uqADnhPQ,1
data/Ernest_Borgnine/1.6/7byARrJfhlI/16,650,7byARrJfhlI,16,data/Eva_Green/1.6/m9fohvC12S0/1,833,m9fohvC12S0,1
data/Elaine_Cassidy/1.6/9AtE4C309P8/1,491,9AtE4C309P8,1,data/Elisabeth_Moss/1.6/LbFFEF1pHO0/6,587,LbFFEF1pHO0,6
data/Evanna_Lynch/1.6/sGqnn4WpQCI/3,1129,sGqnn4WpQCI,3,data/Ernest_Borgnine/1.6/7byARrJfhlI/17,650,7byARrJfhlI,17
data/Eartha_Kitt/1.6/x6uYqmx31kE/3,365,x6uYqmx31kE,3,data/Ellen_Wong/1.6/A3ZvNuG8_oM/12,1156,A3ZvNuG8_oM,12
data/Elaine_Cassidy/1.6/MEa183Zyf5g/2,491,MEa183Zyf5g,2,data/Erik_Estrada/1.6/DWT9P35cXT4/7,1106,DWT9P35cXT4,7
data/Ernest_Borgnine/1.6/fAe7DXqrZls/21,650,fAe7DXqrZls,21,data/Eric_McCormack/1.6/z2AISmwaXjo/5,379,z2AISmwaXjo,5
data/Emile_Hirsch/1.6/HYiqXC0B3iY/24,158,HYiqXC0B3iY,24,data/Eugenio_Derbez/1.6/nJbBcMdxQU4/18,1066,nJbBcMdxQU4,18
data/Ezra_Miller/1.6/vobW27_-JyQ/2,106,vobW27_-JyQ,2,data/Ernest_Borgnine/1.6/TMBdUkVfwOg/6,650,TMBdUkVfwOg,6
data/Emile_Hirsch/1.6/HYiqXC0B3iY/3,158,HYiqXC0B3iY,3,data/Edgar_Wright/1.6/CooJzMgoxzw/3,943,CooJzMgoxzw,3
data/Elisabeth_Moss/1.6/FUqAFZmZJ80/11,587,FUqAFZmZJ80,11,data/Eddie_Izzard/1.6/xN2fSTQHHkw/1,113,xN2fSTQHHkw,1
data/Eartha_Kitt/1.6/GWXujl-xAVM/7,365,GWXujl-xAVM,7,data/Eli_Roth/1.6/arklnCzCq48/1,753,arklnCzCq48,1
data/Eddie_Kaye_Thomas/1.6/7rkVfW2yw0c/2,865,7rkVfW2yw0c,2,data/Elaine_Hendrix/1.6/RDFdX3VxjUQ/9,781,RDFdX3VxjUQ,9
data/Estelle_Harris/1.6/LKDWhdJQFco/12,518,LKDWhdJQFco,12,data/Eric_McCormack/1.6/Y-qKARMSO7k/2,379,Y-qKARMSO7k,2
data/Edgar_Wright/1.6/FDhJhEu0JUM/9,943,FDhJhEu0JUM,9,data/Emraan_Hashmi/1.6/ya6VNZp-pXw/26,457,ya6VNZp-pXw,26
data/Eoin_Macken/1.6/vD3qGRbmXws/1,1015,vD3qGRbmXws,1,data/Eartha_Kitt/1.6/5r0dWxy17C8/24,365,5r0dWxy17C8,24
data/Eva_Longoria/1.6/IpBtAcwbQb0/2,716,IpBtAcwbQb0,2,data/Eric_McCormack/1.6/KPKQZjynKsg/2,379,KPKQZjynKsg,2
data/Eartha_Kitt/1.6/5r0dWxy17C8/7,365,5r0dWxy17C8,7,data/Elle_Fanning/1.6/mmFmN0OPhKs/5,1119,mmFmN0OPhKs,5
data/Erik_Estrada/1.6/a0S-epXYJME/5,1106,a0S-epXYJME,5,data/Eva_Longoria/1.6/IASj5B-pAyM/11,716,IASj5B-pAyM,11
data/Esai_Morales/1.6/VRCidrXwd1s/1,437,VRCidrXwd1s,1,data/Eva_Green/1.6/ehwAeTUqH0s/6,833,ehwAeTUqH0s,6
data/Eric_Braeden/1.6/L812MIi7ruk/1,364,L812MIi7ruk,1,data/Eric_Braeden/1.6/WJPpL58RruA/2,364,WJPpL58RruA,2
data/Eleanor_Tomlinson/1.6/hgB5ziAudzU/1,906,hgB5ziAudzU,1,data/Elisabeth_Moss/1.6/m-uILToQ9ss/2,587,m-uILToQ9ss,2
data/Ed_Westwick/1.6/1gtz-CUIygI/13,844,1gtz-CUIygI,13,data/Estelle_Harris/1.6/LKDWhdJQFco/14,518,LKDWhdJQFco,14
data/Ezra_Miller/1.6/rqaAm4bEsXc/1,106,rqaAm4bEsXc,1,data/Eric_McCormack/1.6/tlP585mCdl0/7,379,tlP585mCdl0,7
data/Eddie_Izzard/1.6/prqT1CcDqMc/13,113,prqT1CcDqMc,13,data/Eduardo_Noriega/1.6/tbh20gz_KRA/9,112,tbh20gz_KRA,9
data/Emile_Hirsch/1.6/A3QwQ3D35rc/5,158,A3QwQ3D35rc,5,data/Elodie_Yung/1.6/GIhCMsZrHF0/2,270,GIhCMsZrHF0,2
data/Emily_Atack/1.6/uiBjIKX_0l8/2,871,uiBjIKX_0l8,2,data/Eli_Wallach/1.6/RNYNkXzY5Hk/18,770,RNYNkXzY5Hk,18
data/Eoin_Macken/1.6/Mp1IXRquJ9s/8,1015,Mp1IXRquJ9s,8,data/Evanna_Lynch/1.6/Tzs_CTbHT9Y/1,1129,Tzs_CTbHT9Y,1
data/Emraan_Hashmi/1.6/N8_clYCM9n8/3,457,N8_clYCM9n8,3,data/Edward_Asner/1.6/DSGE2F5sTcg/22,16,DSGE2F5sTcg,22
data/Eduardo_Noriega/1.6/tbh20gz_KRA/12,112,tbh20gz_KRA,12,data/Ellen_Wong/1.6/R4S2c-NiPfA/5,1156,R4S2c-NiPfA,5
data/Eddie_McClintock/1.6/Mdk1SXywHck/13,699,Mdk1SXywHck,13,data/Emraan_Hashmi/1.6/gm6PJowclv0/6,457,gm6PJowclv0,6
data/Emraan_Hashmi/1.6/ya6VNZp-pXw/31,457,ya6VNZp-pXw,31,data/Evanna_Lynch/1.6/rgpPBT4yQcg/3,1129,rgpPBT4yQcg,3
data/Erin_Andrews/1.6/x3QoGpHxThw/1,919,x3QoGpHxThw,1,data/Emraan_Hashmi/1.6/2qlrpSAc9Xs/5,457,2qlrpSAc9Xs,5
data/Eva_Longoria/1.6/f8Ms66atECE/10,716,f8Ms66atECE,10,data/Eli_Wallach/1.6/RNYNkXzY5Hk/9,770,RNYNkXzY5Hk,9
data/Ezra_Miller/1.6/qFrRfhWombs/15,106,qFrRfhWombs,15,data/Eugene_Levy/1.6/GRv7pEnTwUc/2,166,GRv7pEnTwUc,2
data/Elisabeth_Moss/1.6/m-uILToQ9ss/4,587,m-uILToQ9ss,4,data/Eddie_Izzard/1.6/0LbtndiXJC0/8,113,0LbtndiXJC0,8
data/Emile_Hirsch/1.6/gTbcgoYXWdU/1,158,gTbcgoYXWdU,1,data/Eartha_Kitt/1.6/x6uYqmx31kE/8,365,x6uYqmx31kE,8
data/Eugenio_Derbez/1.6/kgd34qSFnuE/1,1066,kgd34qSFnuE,1,data/Eddie_Izzard/1.6/0LbtndiXJC0/1,113,0LbtndiXJC0,1
data/Eoin_Macken/1.6/TnOGBL8p-RM/7,1015,TnOGBL8p-RM,7,data/Elodie_Yung/1.6/8l5ZnDf-FUA/6,270,8l5ZnDf-FUA,6
data/Emraan_Hashmi/1.6/tsv5WA_ikH4/1,457,tsv5WA_ikH4,1,data/Eugene_Levy/1.6/0TJ9sdJiDvA/5,166,0TJ9sdJiDvA,5
data/Eddie_McClintock/1.6/LqcUAxrtYOk/7,699,LqcUAxrtYOk,7,data/Eddie_Izzard/1.6/eLl_yTeuaKo/1,113,eLl_yTeuaKo,1
data/Ernest_Borgnine/1.6/2cAiIYHfon0/7,650,2cAiIYHfon0,7,data/Eartha_Kitt/1.6/GWXujl-xAVM/41,365,GWXujl-xAVM,41
data/Eric_McCormack/1.6/DKDZ6ENKX0o/2,379,DKDZ6ENKX0o,2,data/Edward_Asner/1.6/iEAqbqZ7dDg/7,16,iEAqbqZ7dDg,7
data/Eugene_Levy/1.6/PgZsH9ijC3Y/3,166,PgZsH9ijC3Y,3,data/Elle_Fanning/1.6/L2jRsPDZGgw/4,1119,L2jRsPDZGgw,4
data/Estelle_Harris/1.6/Tgph483ZOQ8/2,518,Tgph483ZOQ8,2,data/Elaine_Hendrix/1.6/ni6gO5jDLJE/12,781,ni6gO5jDLJE,12
data/Emraan_Hashmi/1.6/9sTodJGW8CQ/1,457,9sTodJGW8CQ,1,data/Eoin_Macken/1.6/gegIAYxfpVA/4,1015,gegIAYxfpVA,4
data/Emily_Atack/1.6/iPZGPcrYIZs/7,871,iPZGPcrYIZs,7,data/Eddie_Izzard/1.6/8cfyJEV7hP8/22,113,8cfyJEV7hP8,22
data/Eugene_Levy/1.6/hDBMV_0Vz4E/7,166,hDBMV_0Vz4E,7,data/Eli_Roth/1.6/vaK4t1-WD4M/21,753,vaK4t1-WD4M,21
data/Elaine_Hendrix/1.6/RDFdX3VxjUQ/26,781,RDFdX3VxjUQ,26,data/Edgar_Wright/1.6/5YncBThNd5E/24,943,5YncBThNd5E,24
data/Eartha_Kitt/1.6/5sJomL_D0_g/1,365,5sJomL_D0_g,1,data/Eddie_Izzard/1.6/eLl_yTeuaKo/6,113,eLl_yTeuaKo,6
data/Eva_Longoria/1.6/IASj5B-pAyM/1,716,IASj5B-pAyM,1,data/Eugenio_Derbez/1.6/7IIlj0cmQOI/1,1066,7IIlj0cmQOI,1
data/Elaine_Hendrix/1.6/RDFdX3VxjUQ/24,781,RDFdX3VxjUQ,24,data/Ernest_Borgnine/1.6/8Sz2-IYJ2GA/12,650,8Sz2-IYJ2GA,12
data/Eva_Green/1.6/tuOl16Buy1Y/2,833,tuOl16Buy1Y,2,data/Estelle_Harris/1.6/R5JGtwc4o1M/3,518,R5JGtwc4o1M,3
data/Eva_Green/1.6/SBO7kM1IPaY/2,833,SBO7kM1IPaY,2,data/Efren_Ramirez/1.6/DTbpchx4xes/4,915,DTbpchx4xes,4
data/Erin_Andrews/1.6/uaPd2Ix-wSI/1,919,uaPd2Ix-wSI,1,data/Ezra_Miller/1.6/e-IdJ8a4gy4/1,106,e-IdJ8a4gy4,1
data/Elodie_Yung/1.6/8l5ZnDf-FUA/1,270,8l5ZnDf-FUA,1,data/Emile_Hirsch/1.6/FAOLWl96MY0/8,158,FAOLWl96MY0,8
data/Ellen_Wong/1.6/FIxC_PNJNkc/1,1156,FIxC_PNJNkc,1,data/Elodie_Yung/1.6/sf4uMnkYFG8/17,270,sf4uMnkYFG8,17
data/Emraan_Hashmi/1.6/3kzw8lTcUBU/13,457,3kzw8lTcUBU,13,data/Eleanor_Tomlinson/1.6/rC63HnQ3Nf8/1,906,rC63HnQ3Nf8,1
data/Emraan_Hashmi/1.6/2qlrpSAc9Xs/15,457,2qlrpSAc9Xs,15,data/Eva_Longoria/1.6/yUv37vQWmzE/9,716,yUv37vQWmzE,9
data/Elaine_Hendrix/1.6/ni6gO5jDLJE/1,781,ni6gO5jDLJE,1,data/Edgar_Wright/1.6/5WOZXLMujwY/3,943,5WOZXLMujwY,3
data/Eartha_Kitt/1.6/OXdd7Gmluts/3,365,OXdd7Gmluts,3,data/Emraan_Hashmi/1.6/v6MWr5UAZ94/5,457,v6MWr5UAZ94,5
data/Elodie_Yung/1.6/sf4uMnkYFG8/9,270,sf4uMnkYFG8,9,data/Erin_Andrews/1.6/x3QoGpHxThw/2,919,x3QoGpHxThw,2
data/Eddie_McClintock/1.6/CVUXDNZzcmA/11,699,CVUXDNZzcmA,11,data/Elle_Fanning/1.6/9K2YB1d8BqY/12,1119,9K2YB1d8BqY,12
data/Efren_Ramirez/1.6/IvOQNamNtF4/7,915,IvOQNamNtF4,7,data/Ezra_Miller/1.6/rxnN8thYzEQ/2,106,rxnN8thYzEQ,2
data/Edgar_Wright/1.6/5YncBThNd5E/1,943,5YncBThNd5E,1,data/Emraan_Hashmi/1.6/2qlrpSAc9Xs/6,457,2qlrpSAc9Xs,6
data/Emraan_Hashmi/1.6/gm6PJowclv0/23,457,gm6PJowclv0,23,data/Ernest_Borgnine/1.6/xiFC4HwUcww/2,650,xiFC4HwUcww,2
data/Eartha_Kitt/1.6/5r0dWxy17C8/3,365,5r0dWxy17C8,3,data/Elle_Fanning/1.6/7I1GtGzVfmw/14,1119,7I1GtGzVfmw,14
data/Ernest_Borgnine/1.6/Fi8lnFPYgII/1,650,Fi8lnFPYgII,1,data/Emile_Hirsch/1.6/FAOLWl96MY0/1,158,FAOLWl96MY0,1
data/Elaine_Cassidy/1.6/v0Q-VyO4TjI/12,491,v0Q-VyO4TjI,12,data/Eugenio_Derbez/1.6/vbDKF8bZJQA/4,1066,vbDKF8bZJQA,4
data/Ellen_Burstyn/1.6/I99R40TUF1s/8,268,I99R40TUF1s,8,data/Eli_Wallach/1.6/YN4cTBWM-QE/2,770,YN4cTBWM-QE,2
data/Emile_Hirsch/1.6/HYiqXC0B3iY/6,158,HYiqXC0B3iY,6,data/Emile_Hirsch/1.6/KacOkTDTi-g/2,158,KacOkTDTi-g,2
data/Emily_Atack/1.6/kt4P4cyTpWQ/7,871,kt4P4cyTpWQ,7,data/Eli_Roth/1.6/QitLqlca660/4,753,QitLqlca660,4
data/Ernest_Borgnine/1.6/2cAiIYHfon0/17,650,2cAiIYHfon0,17,data/Ezra_Miller/1.6/rxnN8thYzEQ/6,106,rxnN8thYzEQ,6
data/Eddie_Izzard/1.6/eLl_yTeuaKo/20,113,eLl_yTeuaKo,20,data/Eoin_Macken/1.6/k1jiAINXHRI/19,1015,k1jiAINXHRI,19
data/Erik_Estrada/1.6/DWT9P35cXT4/1,1106,DWT9P35cXT4,1,data/Esai_Morales/1.6/KaZPZcTPQ-c/5,437,KaZPZcTPQ-c,5
data/Emraan_Hashmi/1.6/3kzw8lTcUBU/6,457,3kzw8lTcUBU,6,data/Eduardo_Noriega/1.6/znxUWA2QAGs/6,112,znxUWA2QAGs,6
data/Eugenio_Derbez/1.6/gbTZ7k9e_Z0/4,1066,gbTZ7k9e_Z0,4,data/Ezra_Miller/1.6/rqaAm4bEsXc/12,106,rqaAm4bEsXc,12
data/Eugenio_Derbez/1.6/Piw0wvQbpnQ/9,1066,Piw0wvQbpnQ,9,data/Eartha_Kitt/1.6/GWXujl-xAVM/38,365,GWXujl-xAVM,38
data/Esai_Morales/1.6/VRCidrXwd1s/20,437,VRCidrXwd1s,20,data/Elisabeth_Moss/1.6/Zdmm9Mrr8Ts/3,587,Zdmm9Mrr8Ts,3
data/Eli_Wallach/1.6/7yx9A0yzLYk/7,770,7yx9A0yzLYk,7,data/Eli_Roth/1.6/vaK4t1-WD4M/48,753,vaK4t1-WD4M,48
data/Emile_Hirsch/1.6/A3QwQ3D35rc/1,158,A3QwQ3D35rc,1,data/Eva_Green/1.6/4E-dEOQQsvo/4,833,4E-dEOQQsvo,4
data/Eric_Dane/1.6/2NX7pAXpu5U/1,983,2NX7pAXpu5U,1,data/Eugene_Levy/1.6/U5YB7fT0We4/2,166,U5YB7fT0We4,2
data/Eugenio_Derbez/1.6/vbDKF8bZJQA/9,1066,vbDKF8bZJQA,9,data/Eoin_Macken/1.6/MHOCv7pOmG4/2,1015,MHOCv7pOmG4,2
data/Eli_Roth/1.6/p3q7Z0O6rgg/5,753,p3q7Z0O6rgg,5,data/Emile_Hirsch/1.6/O-V_sInAw5M/8,158,O-V_sInAw5M,8
data/Eli_Roth/1.6/52SYuI0cCbQ/1,753,52SYuI0cCbQ,1,data/Eric_Braeden/1.6/49XYNpeN23I/4,364,49XYNpeN23I,4
data/Eugenio_Derbez/1.6/gbTZ7k9e_Z0/8,1066,gbTZ7k9e_Z0,8,data/Esai_Morales/1.6/ekqJava7sdE/6,437,ekqJava7sdE,6
data/Elaine_Cassidy/1.6/9AtE4C309P8/18,491,9AtE4C309P8,18,data/Elle_Fanning/1.6/isKyMAYUOgg/12,1119,isKyMAYUOgg,12
data/Edward_Asner/1.6/DSGE2F5sTcg/29,16,DSGE2F5sTcg,29,data/Eddie_Izzard/1.6/oBaIbyCrTVw/5,113,oBaIbyCrTVw,5
data/Eartha_Kitt/1.6/8jEAjG6SegY/13,365,8jEAjG6SegY,13,data/Ellen_Wong/1.6/R4S2c-NiPfA/7,1156,R4S2c-NiPfA,7
data/Ellen_Burstyn/1.6/8vC0LQMqy8Y/2,268,8vC0LQMqy8Y,2,data/Eva_Longoria/1.6/c_aEjTGGhZ4/6,716,c_aEjTGGhZ4,6
data/Eva_Longoria/1.6/yUv37vQWmzE/10,716,yUv37vQWmzE,10,data/Elodie_Yung/1.6/8l5ZnDf-FUA/14,270,8l5ZnDf-FUA,14
data/Emraan_Hashmi/1.6/azw51ZGuz9k/2,457,azw51ZGuz9k,2,data/Evanna_Lynch/1.6/rgpPBT4yQcg/14,1129,rgpPBT4yQcg,14
data/Eoin_Macken/1.6/TwfthltapLg/2,1015,TwfthltapLg,2,data/Eddie_Izzard/1.6/oBaIbyCrTVw/7,113,oBaIbyCrTVw,7
data/Erin_Andrews/1.6/DdZRjmvZKbI/2,919,DdZRjmvZKbI,2,data/Eddie_Izzard/1.6/8fKRoUIpAJY/12,113,8fKRoUIpAJY,12
data/Emily_Atack/1.6/TMCTm7GxiDE/2,871,TMCTm7GxiDE,2,data/Elisabeth_Moss/1.6/LbFFEF1pHO0/5,587,LbFFEF1pHO0,5
data/Erik_Estrada/1.6/hjvQiiG71rM/24,1106,hjvQiiG71rM,24,data/Eric_Dane/1.6/3tvnlmkCiTw/8,983,3tvnlmkCiTw,8
data/Ezra_Miller/1.6/_z_BR0ERa9g/1,106,_z_BR0ERa9g,1,data/Edward_Asner/1.6/rgcxEM5jOc4/12,16,rgcxEM5jOc4,12
data/Eli_Wallach/1.6/RNYNkXzY5Hk/21,770,RNYNkXzY5Hk,21,data/Ezra_Miller/1.6/0b1inHMAr6o/10,106,0b1inHMAr6o,10
data/Emile_Hirsch/1.6/kKQpvHl21Cg/5,158,kKQpvHl21Cg,5,data/Edgar_Wright/1.6/CAhGBfTmCHw/2,943,CAhGBfTmCHw,2
data/Emraan_Hashmi/1.6/gm6PJowclv0/3,457,gm6PJowclv0,3,data/Eugenio_Derbez/1.6/7IIlj0cmQOI/2,1066,7IIlj0cmQOI,2
data/Emily_Atack/1.6/aQ6uxeakacs/1,871,aQ6uxeakacs,1,data/Erik_Estrada/1.6/6qFnVechX9o/12,1106,6qFnVechX9o,12
data/Eddie_Izzard/1.6/oBaIbyCrTVw/3,113,oBaIbyCrTVw,3,data/Eva_Longoria/1.6/depvF9rYJX4/2,716,depvF9rYJX4,2
data/Erin_Andrews/1.6/uaPd2Ix-wSI/10,919,uaPd2Ix-wSI,10,data/Edgar_Wright/1.6/FDhJhEu0JUM/2,943,FDhJhEu0JUM,2
data/Ezra_Miller/1.6/rxnN8thYzEQ/14,106,rxnN8thYzEQ,14,data/Elodie_Yung/1.6/8l5ZnDf-FUA/18,270,8l5ZnDf-FUA,18
data/Eva_Longoria/1.6/120gjdqGWNQ/4,716,120gjdqGWNQ,4,data/Eva_Green/1.6/g7twW6td2gA/2,833,g7twW6td2gA,2
data/Elle_Fanning/1.6/9K2YB1d8BqY/14,1119,9K2YB1d8BqY,14,data/Eartha_Kitt/1.6/GWXujl-xAVM/47,365,GWXujl-xAVM,47
data/Edgar_Wright/1.6/cytGIvwJ3NA/1,943,cytGIvwJ3NA,1,data/Eva_Green/1.6/cc5WSHcgkl8/1,833,cc5WSHcgkl8,1
data/Edgar_Wright/1.6/CooJzMgoxzw/5,943,CooJzMgoxzw,5,data/Emile_Hirsch/1.6/dDnqp9503Mg/15,158,dDnqp9503Mg,15
data/Elisabeth_Moss/1.6/m-uILToQ9ss/6,587,m-uILToQ9ss,6,data/Eric_Braeden/1.6/L812MIi7ruk/12,364,L812MIi7ruk,12
data/Elle_Fanning/1.6/lBkbWztMEUY/7,1119,lBkbWztMEUY,7,data/Eddie_Griffin/1.6/wb6ligRbbZ4/7,1014,wb6ligRbbZ4,7
data/Eric_Braeden/1.6/a4msZPEjhMc/3,364,a4msZPEjhMc,3,data/Ezra_Miller/1.6/rxnN8thYzEQ/5,106,rxnN8thYzEQ,5
data/Edward_Asner/1.6/QOq66XogW3Q/8,16,QOq66XogW3Q,8,data/Emraan_Hashmi/1.6/azw51ZGuz9k/11,457,azw51ZGuz9k,11
data/Emile_Hirsch/1.6/fVOTAQKIfY4/2,158,fVOTAQKIfY4,2,data/Edward_Asner/1.6/pJsgUla1_1I/1,16,pJsgUla1_1I,1
data/Eva_Green/1.6/4E-dEOQQsvo/3,833,4E-dEOQQsvo,3,data/Eugene_Levy/1.6/dz2ohrKoOBA/4,166,dz2ohrKoOBA,4
data/Erin_Andrews/1.6/IwB3vu418E4/3,919,IwB3vu418E4,3,data/Eric_Dane/1.6/ywZWrIt52KQ/4,983,ywZWrIt52KQ,4
data/Eddie_Izzard/1.6/ZpPPaMazpf0/15,113,ZpPPaMazpf0,15,data/Evanna_Lynch/1.6/igRoN6MXsWo/2,1129,igRoN6MXsWo,2
data/Edgar_Wright/1.6/HrA2BLcLApA/18,943,HrA2BLcLApA,18,data/Elisabeth_Moss/1.6/bd0jqkNxNdU/1,587,bd0jqkNxNdU,1
data/Eugene_Levy/1.6/jUSC4i_eGHs/1,166,jUSC4i_eGHs,1,data/Esai_Morales/1.6/ekqJava7sdE/7,437,ekqJava7sdE,7
data/Eric_Roberts/1.6/o1EKUvjvNHY/1,687,o1EKUvjvNHY,1,data/Eva_Longoria/1.6/f8Ms66atECE/4,716,f8Ms66atECE,4
data/Ezra_Miller/1.6/MJ3skMKNBGM/1,106,MJ3skMKNBGM,1,data/Emily_Atack/1.6/oa10caYOOzk/3,871,oa10caYOOzk,3
data/Eddie_Izzard/1.6/xN2fSTQHHkw/4,113,xN2fSTQHHkw,4,data/Eric_McCormack/1.6/SKwsA_nq1P8/8,379,SKwsA_nq1P8,8
data/Eoin_Macken/1.6/g2jVmC3qCNA/8,1015,g2jVmC3qCNA,8,data/Edgar_Wright/1.6/X1Yr4eI2oRw/4,943,X1Yr4eI2oRw,4
data/Ernest_Borgnine/1.6/TMBdUkVfwOg/5,650,TMBdUkVfwOg,5,data/Emraan_Hashmi/1.6/2qlrpSAc9Xs/11,457,2qlrpSAc9Xs,11
data/Eugene_Levy/1.6/CN6JpPYbHCQ/9,166,CN6JpPYbHCQ,9,data/Esai_Morales/1.6/WAbHmvQ9zME/1,437,WAbHmvQ9zME,1
data/Emraan_Hashmi/1.6/ya6VNZp-pXw/25,457,ya6VNZp-pXw,25,data/Eva_Green/1.6/IANjHJYjfW8/4,833,IANjHJYjfW8,4
data/Eugene_Levy/1.6/CN6JpPYbHCQ/4,166,CN6JpPYbHCQ,4,data/Eva_Longoria/1.6/c_aEjTGGhZ4/1,716,c_aEjTGGhZ4,1
data/Eva_Longoria/1.6/120gjdqGWNQ/11,716,120gjdqGWNQ,11,data/Elaine_Hendrix/1.6/ni6gO5jDLJE/5,781,ni6gO5jDLJE,5
data/Ernest_Borgnine/1.6/Fi8lnFPYgII/22,650,Fi8lnFPYgII,22,data/Edgar_Wright/1.6/5YncBThNd5E/4,943,5YncBThNd5E,4
data/Eddie_Izzard/1.6/8cfyJEV7hP8/12,113,8cfyJEV7hP8,12,data/Emraan_Hashmi/1.6/2qlrpSAc9Xs/13,457,2qlrpSAc9Xs,13
data/Esai_Morales/1.6/2Er-cV85fc4/24,437,2Er-cV85fc4,24,data/Eugenio_Derbez/1.6/cpXXdMJuCdw/1,1066,cpXXdMJuCdw,1
data/Eva_Longoria/1.6/nyOSk9wr50I/1,716,nyOSk9wr50I,1,data/Esai_Morales/1.6/VRCidrXwd1s/39,437,VRCidrXwd1s,39
data/Eli_Wallach/1.6/7yx9A0yzLYk/8,770,7yx9A0yzLYk,8,data/Eugenio_Derbez/1.6/Piw0wvQbpnQ/12,1066,Piw0wvQbpnQ,12
data/Eli_Roth/1.6/vaK4t1-WD4M/8,753,vaK4t1-WD4M,8,data/Emraan_Hashmi/1.6/ENIHEvg_VLM/16,457,ENIHEvg_VLM,16
data/Eartha_Kitt/1.6/OXdd7Gmluts/2,365,OXdd7Gmluts,2,data/Ernest_Borgnine/1.6/8Sz2-IYJ2GA/16,650,8Sz2-IYJ2GA,16
data/Esai_Morales/1.6/VRCidrXwd1s/38,437,VRCidrXwd1s,38,data/Efren_Ramirez/1.6/4Q1IvdayPR8/8,915,4Q1IvdayPR8,8
data/Eoin_Macken/1.6/OMOpC0gi-gQ/6,1015,OMOpC0gi-gQ,6,data/Eddie_Izzard/1.6/8cfyJEV7hP8/28,113,8cfyJEV7hP8,28
data/Emily_Atack/1.6/kt4P4cyTpWQ/4,871,kt4P4cyTpWQ,4,data/Eric_McCormack/1.6/8X8huGiBRAc/2,379,8X8huGiBRAc,2
data/Eugenio_Derbez/1.6/cpXXdMJuCdw/8,1066,cpXXdMJuCdw,8,data/Estelle_Harris/1.6/LKDWhdJQFco/10,518,LKDWhdJQFco,10
data/Eric_Dane/1.6/NkqrS8yJOL0/2,983,NkqrS8yJOL0,2,data/Esai_Morales/1.6/K2_D_tFdAgY/31,437,K2_D_tFdAgY,31
data/Eoin_Macken/1.6/k1jiAINXHRI/5,1015,k1jiAINXHRI,5,data/Eric_Roberts/1.6/31XtFWtF7Sc/6,687,31XtFWtF7Sc,6
data/Emraan_Hashmi/1.6/3kzw8lTcUBU/20,457,3kzw8lTcUBU,20,data/Eva_Green/1.6/XcXDiYWIS6E/15,833,XcXDiYWIS6E,15
data/Elle_Fanning/1.6/Qkll9n7U5ak/1,1119,Qkll9n7U5ak,1,data/Eric_McCormack/1.6/mQ5JkSVET7c/1,379,mQ5JkSVET7c,1
data/Eva_Longoria/1.6/wtqPC9vEZ0M/6,716,wtqPC9vEZ0M,6,data/Eugenio_Derbez/1.6/G50_Ix7IVjU/1,1066,G50_Ix7IVjU,1
data/Esai_Morales/1.6/2Er-cV85fc4/27,437,2Er-cV85fc4,27,data/Eoin_Macken/1.6/rZQMeH1FCvM/12,1015,rZQMeH1FCvM,12
data/Eoin_Macken/1.6/rZQMeH1FCvM/14,1015,rZQMeH1FCvM,14,data/Eli_Roth/1.6/52SYuI0cCbQ/4,753,52SYuI0cCbQ,4
data/Eric_McCormack/1.6/SKwsA_nq1P8/10,379,SKwsA_nq1P8,10,data/Eddie_Griffin/1.6/dkN2DIBrXqQ/1,1014,dkN2DIBrXqQ,1
data/Eugenio_Derbez/1.6/vbDKF8bZJQA/6,1066,vbDKF8bZJQA,6,data/Eoin_Macken/1.6/TwfthltapLg/7,1015,TwfthltapLg,7
data/Estelle_Harris/1.6/VCEs8oAQAiM/7,518,VCEs8oAQAiM,7,data/Emile_Hirsch/1.6/gTbcgoYXWdU/4,158,gTbcgoYXWdU,4
data/Edward_Asner/1.6/x5dqrDlwxR4/6,16,x5dqrDlwxR4,6,data/Eugene_Levy/1.6/JQtDfEz08aU/5,166,JQtDfEz08aU,5
data/Eva_Green/1.6/4E-dEOQQsvo/2,833,4E-dEOQQsvo,2,data/Elaine_Hendrix/1.6/ni6gO5jDLJE/8,781,ni6gO5jDLJE,8
data/Emraan_Hashmi/1.6/57KbI2UvGss/2,457,57KbI2UvGss,2,data/Eddie_Kaye_Thomas/1.6/L9q6XabEpEI/4,865,L9q6XabEpEI,4
data/Eddie_Izzard/1.6/8cfyJEV7hP8/41,113,8cfyJEV7hP8,41,data/Eddie_Izzard/1.6/OYi3rZSdAOE/6,113,OYi3rZSdAOE,6
data/Erik_Estrada/1.6/6qFnVechX9o/9,1106,6qFnVechX9o,9,data/Elle_Fanning/1.6/PlJd6NVoigs/6,1119,PlJd6NVoigs,6
data/Eric_Dane/1.6/iVxjBZtQwBg/3,983,iVxjBZtQwBg,3,data/Ernest_Borgnine/1.6/2cAiIYHfon0/14,650,2cAiIYHfon0,14
data/Elaine_Hendrix/1.6/ni6gO5jDLJE/2,781,ni6gO5jDLJE,2,data/Eva_Green/1.6/IANjHJYjfW8/13,833,IANjHJYjfW8,13
data/Eoin_Macken/1.6/TwfthltapLg/3,1015,TwfthltapLg,3,data/Edgar_Wright/1.6/5WOZXLMujwY/5,943,5WOZXLMujwY,5
data/Eva_Longoria/1.6/f8Ms66atECE/2,716,f8Ms66atECE,2,data/Elodie_Yung/1.6/sf4uMnkYFG8/11,270,sf4uMnkYFG8,11
data/Eugenio_Derbez/1.6/vbDKF8bZJQA/2,1066,vbDKF8bZJQA,2,data/Edward_Asner/1.6/s_rtHBpzrQc/7,16,s_rtHBpzrQc,7
data/Eoin_Macken/1.6/nAtqrkWKIhM/2,1015,nAtqrkWKIhM,2,data/Elle_Fanning/1.6/J37FfHHefdc/2,1119,J37FfHHefdc,2
data/Eoin_Macken/1.6/OMOpC0gi-gQ/8,1015,OMOpC0gi-gQ,8,data/Eddie_Izzard/1.6/ZpPPaMazpf0/6,113,ZpPPaMazpf0,6
data/Ernie_Hudson/1.6/vhzF7dhGJzI/8,1132,vhzF7dhGJzI,8,data/Ernest_Borgnine/1.6/1ZyvrJaiLQk/9,650,1ZyvrJaiLQk,9
data/Edgar_Wright/1.6/S0j29b3KVWQ/1,943,S0j29b3KVWQ,1,data/Emile_Hirsch/1.6/cIi74VD0LF0/4,158,cIi74VD0LF0,4
data/Elaine_Cassidy/1.6/d7S0qeo6EP0/3,491,d7S0qeo6EP0,3,data/Eartha_Kitt/1.6/5r0dWxy17C8/5,365,5r0dWxy17C8,5
data/Ezra_Miller/1.6/3qX7bbJ17lY/1,106,3qX7bbJ17lY,1,data/Eugenio_Derbez/1.6/Ih2s_PikIdI/3,1066,Ih2s_PikIdI,3
data/Elle_Fanning/1.6/9K2YB1d8BqY/3,1119,9K2YB1d8BqY,3,data/Eoin_Macken/1.6/OMOpC0gi-gQ/1,1015,OMOpC0gi-gQ,1
data/Elle_Fanning/1.6/ZAK9gLYNqPs/2,1119,ZAK9gLYNqPs,2,data/Eva_Longoria/1.6/0nH78dDh0N0/20,716,0nH78dDh0N0,20
data/Eartha_Kitt/1.6/GWXujl-xAVM/14,365,GWXujl-xAVM,14,data/Eugenio_Derbez/1.6/6iCNE2j3XIk/2,1066,6iCNE2j3XIk,2
data/Eugene_Levy/1.6/JQtDfEz08aU/16,166,JQtDfEz08aU,16,data/Eartha_Kitt/1.6/5r0dWxy17C8/8,365,5r0dWxy17C8,8
data/Eleanor_Tomlinson/1.6/qkZNuvX1UNo/10,906,qkZNuvX1UNo,10,data/Edgar_Wright/1.6/FDhJhEu0JUM/18,943,FDhJhEu0JUM,18
data/Eugenio_Derbez/1.6/19OCRADWjgA/3,1066,19OCRADWjgA,3,data/Ernest_Borgnine/1.6/1ZyvrJaiLQk/28,650,1ZyvrJaiLQk,28
data/Edgar_Wright/1.6/AeZoMAJ4Ejs/9,943,AeZoMAJ4Ejs,9,data/Evanna_Lynch/1.6/igRoN6MXsWo/3,1129,igRoN6MXsWo,3
data/Eli_Wallach/1.6/7yx9A0yzLYk/31,770,7yx9A0yzLYk,31,data/Eddie_Izzard/1.6/prqT1CcDqMc/9,113,prqT1CcDqMc,9
data/Eartha_Kitt/1.6/8jEAjG6SegY/37,365,8jEAjG6SegY,37,data/Eva_Longoria/1.6/0nH78dDh0N0/10,716,0nH78dDh0N0,10
data/Esai_Morales/1.6/CNPsGRmW7rY/2,437,CNPsGRmW7rY,2,data/Eric_McCormack/1.6/iLMjiAp4rTo/8,379,iLMjiAp4rTo,8
data/Eva_Green/1.6/WOjNZFtRwDg/1,833,WOjNZFtRwDg,1,data/Eddie_McClintock/1.6/Mdk1SXywHck/7,699,Mdk1SXywHck,7
data/Elle_Fanning/1.6/isKyMAYUOgg/9,1119,isKyMAYUOgg,9,data/Eugenio_Derbez/1.6/cpXXdMJuCdw/11,1066,cpXXdMJuCdw,11
data/Emraan_Hashmi/1.6/gm6PJowclv0/14,457,gm6PJowclv0,14,data/Eugene_Levy/1.6/FJOvOooCIvs/4,166,FJOvOooCIvs,4
data/Efren_Ramirez/1.6/DTbpchx4xes/9,915,DTbpchx4xes,9,data/Eric_Dane/1.6/w9jwTc5wuV4/2,983,w9jwTc5wuV4,2
data/Estelle_Harris/1.6/LKDWhdJQFco/1,518,LKDWhdJQFco,1,data/Eli_Roth/1.6/GcHWzqveqyc/3,753,GcHWzqveqyc,3
data/Eartha_Kitt/1.6/5sJomL_D0_g/2,365,5sJomL_D0_g,2,data/Eoin_Macken/1.6/TwfthltapLg/10,1015,TwfthltapLg,10
data/Erik_Estrada/1.6/hjvQiiG71rM/17,1106,hjvQiiG71rM,17,data/Elle_Fanning/1.6/DPPq8w5ILrA/8,1119,DPPq8w5ILrA,8
data/Eli_Wallach/1.6/RNYNkXzY5Hk/10,770,RNYNkXzY5Hk,10,data/Eva_Green/1.6/2SaEbN8hYz4/7,833,2SaEbN8hYz4,7
data/Ernest_Borgnine/1.6/AsHhZ_bnpQg/6,650,AsHhZ_bnpQg,6,data/Ernest_Borgnine/1.6/hgnrRWnvraY/1,650,hgnrRWnvraY,1
data/Evanna_Lynch/1.6/sLv-3TCu2fE/4,1129,sLv-3TCu2fE,4,data/Evanna_Lynch/1.6/rgpPBT4yQcg/4,1129,rgpPBT4yQcg,4
data/Ezra_Miller/1.6/vobW27_-JyQ/15,106,vobW27_-JyQ,15,data/Eva_Green/1.6/uzt36PBzT2w/6,833,uzt36PBzT2w,6
data/Ernest_Borgnine/1.6/Xroutc-3_SU/9,650,Xroutc-3_SU,9,data/Ernie_Hudson/1.6/AeRSD9jIdSg/3,1132,AeRSD9jIdSg,3
data/Eli_Roth/1.6/SwMoq9ZHxpw/6,753,SwMoq9ZHxpw,6,data/Emraan_Hashmi/1.6/3kzw8lTcUBU/8,457,3kzw8lTcUBU,8
data/Emily_Atack/1.6/aQ6uxeakacs/3,871,aQ6uxeakacs,3,data/Esai_Morales/1.6/K2_D_tFdAgY/40,437,K2_D_tFdAgY,40
data/Ernie_Hudson/1.6/rXRbmL7nzIo/1,1132,rXRbmL7nzIo,1,data/Efren_Ramirez/1.6/4Q1IvdayPR8/3,915,4Q1IvdayPR8,3
data/Eddie_Izzard/1.6/GRB1GXRafiY/6,113,GRB1GXRafiY,6,data/Elle_Fanning/1.6/L2jRsPDZGgw/10,1119,L2jRsPDZGgw,10
data/Eric_Braeden/1.6/gETtCLtu1jA/3,364,gETtCLtu1jA,3,data/Eddie_McClintock/1.6/CVUXDNZzcmA/10,699,CVUXDNZzcmA,10
data/Eli_Roth/1.6/vaK4t1-WD4M/10,753,vaK4t1-WD4M,10,data/Eddie_McClintock/1.6/vAr7raTthpw/3,699,vAr7raTthpw,3
data/Eoin_Macken/1.6/TwfthltapLg/5,1015,TwfthltapLg,5,data/Eartha_Kitt/1.6/GWXujl-xAVM/29,365,GWXujl-xAVM,29
data/Emile_Hirsch/1.6/A3QwQ3D35rc/10,158,A3QwQ3D35rc,10,data/Eric_Braeden/1.6/VweNonqOdrE/3,364,VweNonqOdrE,3
data/Eli_Roth/1.6/r9-0pljhZqs/2,753,r9-0pljhZqs,2,data/Emraan_Hashmi/1.6/8V_8hA4-HFE/2,457,8V_8hA4-HFE,2
data/Eli_Roth/1.6/vaK4t1-WD4M/34,753,vaK4t1-WD4M,34,data/Eric_Braeden/1.6/a4msZPEjhMc/6,364,a4msZPEjhMc,6
data/Ernest_Borgnine/1.6/8EDKH42GZ1o/19,650,8EDKH42GZ1o,19,data/Emily_Atack/1.6/oLJhH76d0kU/1,871,oLJhH76d0kU,1
data/Edward_Asner/1.6/s_rtHBpzrQc/4,16,s_rtHBpzrQc,4,data/Ezra_Miller/1.6/0cYFdtyWVds/1,106,0cYFdtyWVds,1
data/Eva_Longoria/1.6/0nH78dDh0N0/21,716,0nH78dDh0N0,21,data/Eric_Roberts/1.6/31XtFWtF7Sc/8,687,31XtFWtF7Sc,8
data/Eva_Green/1.6/2SaEbN8hYz4/25,833,2SaEbN8hYz4,25,data/Eartha_Kitt/1.6/8jEAjG6SegY/35,365,8jEAjG6SegY,35
data/Eugene_Levy/1.6/JQtDfEz08aU/23,166,JQtDfEz08aU,23,data/Eoin_Macken/1.6/rZQMeH1FCvM/10,1015,rZQMeH1FCvM,10
data/Emraan_Hashmi/1.6/3kzw8lTcUBU/7,457,3kzw8lTcUBU,7,data/Esai_Morales/1.6/2Er-cV85fc4/26,437,2Er-cV85fc4,26
data/Esai_Morales/1.6/K2_D_tFdAgY/15,437,K2_D_tFdAgY,15,data/Eddie_Izzard/1.6/eLl_yTeuaKo/5,113,eLl_yTeuaKo,5
data/Eric_Dane/1.6/nt7dNRvlEHE/4,983,nt7dNRvlEHE,4,data/Eugenio_Derbez/1.6/gbTZ7k9e_Z0/3,1066,gbTZ7k9e_Z0,3
data/Elle_Fanning/1.6/9K2YB1d8BqY/2,1119,9K2YB1d8BqY,2,data/Eric_Braeden/1.6/OiRXHy35Euk/1,364,OiRXHy35Euk,1
data/Emraan_Hashmi/1.6/ya6VNZp-pXw/14,457,ya6VNZp-pXw,14,data/Eric_Braeden/1.6/GzajCggf7-8/1,364,GzajCggf7-8,1
data/Emraan_Hashmi/1.6/KgY2xhg4Tqk/13,457,KgY2xhg4Tqk,13,data/Emraan_Hashmi/1.6/N8_clYCM9n8/8,457,N8_clYCM9n8,8
data/Eartha_Kitt/1.6/5r0dWxy17C8/1,365,5r0dWxy17C8,1,data/Emraan_Hashmi/1.6/azw51ZGuz9k/10,457,azw51ZGuz9k,10
data/Edward_Asner/1.6/DSGE2F5sTcg/5,16,DSGE2F5sTcg,5,data/Evanna_Lynch/1.6/sGqnn4WpQCI/1,1129,sGqnn4WpQCI,1
data/Edward_Asner/1.6/QOq66XogW3Q/1,16,QOq66XogW3Q,1,data/Erin_Andrews/1.6/SX-117N_MoI/1,919,SX-117N_MoI,1
data/Elaine_Cassidy/1.6/9AtE4C309P8/3,491,9AtE4C309P8,3,data/Esai_Morales/1.6/K2_D_tFdAgY/20,437,K2_D_tFdAgY,20
data/Eleanor_Tomlinson/1.6/IDA_ElNHLn4/4,906,IDA_ElNHLn4,4,data/Ezra_Miller/1.6/VxiCsd0gA6o/1,106,VxiCsd0gA6o,1
data/Eli_Roth/1.6/vaK4t1-WD4M/27,753,vaK4t1-WD4M,27,data/Ezra_Miller/1.6/e-IdJ8a4gy4/5,106,e-IdJ8a4gy4,5
data/Eartha_Kitt/1.6/GWXujl-xAVM/10,365,GWXujl-xAVM,10,data/Estelle_Harris/1.6/LKDWhdJQFco/21,518,LKDWhdJQFco,21
data/Ernie_Hudson/1.6/AeRSD9jIdSg/2,1132,AeRSD9jIdSg,2,data/Eddie_Izzard/1.6/SgBON1gLfbo/2,113,SgBON1gLfbo,2
data/Eli_Roth/1.6/r9-0pljhZqs/5,753,r9-0pljhZqs,5,data/Eric_Roberts/1.6/31XtFWtF7Sc/7,687,31XtFWtF7Sc,7
data/Eva_Longoria/1.6/wtqPC9vEZ0M/9,716,wtqPC9vEZ0M,9,data/Emraan_Hashmi/1.6/v6MWr5UAZ94/3,457,v6MWr5UAZ94,3
data/Elaine_Hendrix/1.6/WUg4pRp5_Co/1,781,WUg4pRp5_Co,1,data/Eli_Roth/1.6/N69Hp2DGMLk/3,753,N69Hp2DGMLk,3
data/Eli_Roth/1.6/SwMoq9ZHxpw/9,753,SwMoq9ZHxpw,9,data/Elodie_Yung/1.6/7UePD3HoAS8/1,270,7UePD3HoAS8,1
data/Eugenio_Derbez/1.6/3QrLepYlH6o/7,1066,3QrLepYlH6o,7,data/Eoin_Macken/1.6/SJxWXqMu2ds/9,1015,SJxWXqMu2ds,9
data/Eli_Wallach/1.6/Rzpm9hlXV6I/2,770,Rzpm9hlXV6I,2,data/Eva_Longoria/1.6/0nH78dDh0N0/5,716,0nH78dDh0N0,5
data/Emily_Atack/1.6/d2Lasybvo7s/2,871,d2Lasybvo7s,2,data/Esai_Morales/1.6/VRCidrXwd1s/4,437,VRCidrXwd1s,4
data/Eugene_Levy/1.6/jUSC4i_eGHs/4,166,jUSC4i_eGHs,4,data/Erik_Estrada/1.6/U_1vfIVOigA/8,1106,U_1vfIVOigA,8
data/Eva_Longoria/1.6/IASj5B-pAyM/6,716,IASj5B-pAyM,6,data/Eric_McCormack/1.6/p1--IINtgGg/1,379,p1--IINtgGg,1
data/Esai_Morales/1.6/VRCidrXwd1s/28,437,VRCidrXwd1s,28,data/Eric_Braeden/1.6/nkIdfM2BFS0/4,364,nkIdfM2BFS0,4
data/Evanna_Lynch/1.6/S5BJ45l7wWY/2,1129,S5BJ45l7wWY,2,data/Eddie_Izzard/1.6/prqT1CcDqMc/16,113,prqT1CcDqMc,16
data/Elle_Fanning/1.6/gkDeAS985L4/2,1119,gkDeAS985L4,2,data/Eoin_Macken/1.6/MHOCv7pOmG4/12,1015,MHOCv7pOmG4,12
data/Eoin_Macken/1.6/SJxWXqMu2ds/8,1015,SJxWXqMu2ds,8,data/Eoin_Macken/1.6/X7uOKQUYTCM/1,1015,X7uOKQUYTCM,1
data/Eduardo_Noriega/1.6/0rpfN7wThsg/3,112,0rpfN7wThsg,3,data/Ezra_Miller/1.6/_z_BR0ERa9g/5,106,_z_BR0ERa9g,5
data/Edward_Asner/1.6/Pp-rAswo4Xg/15,16,Pp-rAswo4Xg,15,data/Eva_Green/1.6/43_6k_dVw0I/1,833,43_6k_dVw0I,1
data/Ernie_Hudson/1.6/AeRSD9jIdSg/1,1132,AeRSD9jIdSg,1,data/Elodie_Yung/1.6/sf4uMnkYFG8/8,270,sf4uMnkYFG8,8
data/Estelle_Harris/1.6/R5JGtwc4o1M/6,518,R5JGtwc4o1M,6,data/Edward_Asner/1.6/Pp-rAswo4Xg/33,16,Pp-rAswo4Xg,33
data/Emraan_Hashmi/1.6/gm6PJowclv0/5,457,gm6PJowclv0,5,data/Eric_Dane/1.6/K1gPy1UKmBE/3,983,K1gPy1UKmBE,3
data/Eugenio_Derbez/1.6/Piw0wvQbpnQ/8,1066,Piw0wvQbpnQ,8,data/Eartha_Kitt/1.6/8jEAjG6SegY/17,365,8jEAjG6SegY,17
data/Eli_Roth/1.6/vaK4t1-WD4M/16,753,vaK4t1-WD4M,16,data/Elle_Fanning/1.6/cJ40ZqTY3dQ/5,1119,cJ40ZqTY3dQ,5
data/Elle_Fanning/1.6/7I1GtGzVfmw/2,1119,7I1GtGzVfmw,2,data/Eric_Braeden/1.6/OiRXHy35Euk/2,364,OiRXHy35Euk,2
data/Eddie_McClintock/1.6/Mdk1SXywHck/17,699,Mdk1SXywHck,17,data/Elisabeth_Moss/1.6/uArtiTSTnSU/13,587,uArtiTSTnSU,13
data/Erik_Estrada/1.6/DWT9P35cXT4/9,1106,DWT9P35cXT4,9,data/Ernest_Borgnine/1.6/mYSVs_d1aMQ/13,650,mYSVs_d1aMQ,13
data/Eddie_McClintock/1.6/Mdk1SXywHck/4,699,Mdk1SXywHck,4,data/Eva_Green/1.6/IANjHJYjfW8/2,833,IANjHJYjfW8,2
data/Emraan_Hashmi/1.6/6tjKon0hiy4/1,457,6tjKon0hiy4,1,data/Ernie_Hudson/1.6/Eu8Bj1gx5_4/1,1132,Eu8Bj1gx5_4,1
data/Eleanor_Tomlinson/1.6/Q5fbv-Wyj7k/1,906,Q5fbv-Wyj7k,1,data/Eric_Braeden/1.6/49XYNpeN23I/9,364,49XYNpeN23I,9
data/Estelle_Harris/1.6/Zs8VK91yVMI/22,518,Zs8VK91yVMI,22,data/Elle_Fanning/1.6/isKyMAYUOgg/3,1119,isKyMAYUOgg,3
data/Ezra_Miller/1.6/vobW27_-JyQ/14,106,vobW27_-JyQ,14,data/Eva_Green/1.6/5jsUg3uxG-E/3,833,5jsUg3uxG-E,3
data/Elle_Fanning/1.6/9K2YB1d8BqY/8,1119,9K2YB1d8BqY,8,data/Eric_McCormack/1.6/iLMjiAp4rTo/6,379,iLMjiAp4rTo,6
data/Eli_Roth/1.6/GcHWzqveqyc/1,753,GcHWzqveqyc,1,data/Ernest_Borgnine/1.6/Fi8lnFPYgII/17,650,Fi8lnFPYgII,17
data/Eleanor_Tomlinson/1.6/rC63HnQ3Nf8/2,906,rC63HnQ3Nf8,2,data/Eric_Dane/1.6/3tvnlmkCiTw/12,983,3tvnlmkCiTw,12
data/Eartha_Kitt/1.6/8jEAjG6SegY/33,365,8jEAjG6SegY,33,data/Elisabeth_Moss/1.6/d-ZEojJk-rs/6,587,d-ZEojJk-rs,6
data/Eva_Green/1.6/tuOl16Buy1Y/4,833,tuOl16Buy1Y,4,data/Eva_Green/1.6/SBO7kM1IPaY/5,833,SBO7kM1IPaY,5
data/Emraan_Hashmi/1.6/gm6PJowclv0/9,457,gm6PJowclv0,9,data/Edgar_Wright/1.6/HrA2BLcLApA/7,943,HrA2BLcLApA,7
data/Elle_Fanning/1.6/DPPq8w5ILrA/11,1119,DPPq8w5ILrA,11,data/Edgar_Wright/1.6/HrA2BLcLApA/24,943,HrA2BLcLApA,24
data/Evanna_Lynch/1.6/rgpPBT4yQcg/9,1129,rgpPBT4yQcg,9,data/Eugene_Levy/1.6/HTL8iLI75TY/4,166,HTL8iLI75TY,4
data/Edward_Asner/1.6/shA_TsV-PFs/3,16,shA_TsV-PFs,3,data/Eugenio_Derbez/1.6/19OCRADWjgA/12,1066,19OCRADWjgA,12
data/Elaine_Hendrix/1.6/qBTOwaSOS-M/2,781,qBTOwaSOS-M,2,data/Eugene_Levy/1.6/JQtDfEz08aU/38,166,JQtDfEz08aU,38
data/Eddie_Griffin/1.6/ho_r24dlPTQ/2,1014,ho_r24dlPTQ,2,data/Ernest_Borgnine/1.6/AsHhZ_bnpQg/5,650,AsHhZ_bnpQg,5
data/Eugene_Levy/1.6/JQtDfEz08aU/39,166,JQtDfEz08aU,39,data/Esai_Morales/1.6/K2IuvkS1s38/1,437,K2IuvkS1s38,1
data/Emraan_Hashmi/1.6/3kzw8lTcUBU/16,457,3kzw8lTcUBU,16,data/Erik_Estrada/1.6/U_1vfIVOigA/14,1106,U_1vfIVOigA,14
data/Eduardo_Noriega/1.6/znxUWA2QAGs/2,112,znxUWA2QAGs,2,data/Eddie_Izzard/1.6/0LbtndiXJC0/3,113,0LbtndiXJC0,3
data/Emile_Hirsch/1.6/dDnqp9503Mg/10,158,dDnqp9503Mg,10,data/Ernie_Hudson/1.6/VIAnMw7J5tI/6,1132,VIAnMw7J5tI,6
data/Eartha_Kitt/1.6/x6uYqmx31kE/10,365,x6uYqmx31kE,10,data/Eddie_Izzard/1.6/8cfyJEV7hP8/23,113,8cfyJEV7hP8,23
data/Eva_Green/1.6/ux1zzNHqQI8/5,833,ux1zzNHqQI8,5,data/Ezra_Miller/1.6/qFrRfhWombs/1,106,qFrRfhWombs,1
data/Eddie_Izzard/1.6/0OCW1HUxZyg/3,113,0OCW1HUxZyg,3,data/Edward_Asner/1.6/QOq66XogW3Q/7,16,QOq66XogW3Q,7
data/Estelle_Harris/1.6/Zs8VK91yVMI/24,518,Zs8VK91yVMI,24,data/Ernest_Borgnine/1.6/8EDKH42GZ1o/11,650,8EDKH42GZ1o,11
data/Eli_Roth/1.6/vaK4t1-WD4M/12,753,vaK4t1-WD4M,12,data/Eugenio_Derbez/1.6/Piw0wvQbpnQ/5,1066,Piw0wvQbpnQ,5
data/Eleanor_Tomlinson/1.6/Zbz058o9j6s/6,906,Zbz058o9j6s,6,data/Emraan_Hashmi/1.6/0zvzJa5HOUQ/3,457,0zvzJa5HOUQ,3
data/Eric_Dane/1.6/D8jV1M4V6UQ/4,983,D8jV1M4V6UQ,4,data/Elisabeth_Moss/1.6/thghCiJZYwI/8,587,thghCiJZYwI,8
data/Evanna_Lynch/1.6/MxBuaaxNnlE/6,1129,MxBuaaxNnlE,6,data/Eva_Longoria/1.6/c_aEjTGGhZ4/8,716,c_aEjTGGhZ4,8
data/Eddie_McClintock/1.6/QjrBKqx_Xeo/1,699,QjrBKqx_Xeo,1,data/Edward_Asner/1.6/iEAqbqZ7dDg/1,16,iEAqbqZ7dDg,1
data/Edward_Asner/1.6/Pp-rAswo4Xg/24,16,Pp-rAswo4Xg,24,data/Eli_Roth/1.6/j8UugkSTzzk/1,753,j8UugkSTzzk,1
data/Eleanor_Tomlinson/1.6/neQO6_CUY4w/6,906,neQO6_CUY4w,6,data/Ezra_Miller/1.6/XMLMvfrgdzY/12,106,XMLMvfrgdzY,12
data/Ernest_Borgnine/1.6/8EDKH42GZ1o/3,650,8EDKH42GZ1o,3,data/Eva_Longoria/1.6/BpIz2lAf22Y/2,716,BpIz2lAf22Y,2
data/Eddie_McClintock/1.6/UBMwbGlSLLg/1,699,UBMwbGlSLLg,1,data/Efren_Ramirez/1.6/IvOQNamNtF4/2,915,IvOQNamNtF4,2
data/Ernie_Hudson/1.6/eVfmXU0RtRo/3,1132,eVfmXU0RtRo,3,data/Edgar_Wright/1.6/AeZoMAJ4Ejs/11,943,AeZoMAJ4Ejs,11
data/Eddie_McClintock/1.6/CVUXDNZzcmA/8,699,CVUXDNZzcmA,8,data/Elle_Fanning/1.6/0sETQ5nxvf8/1,1119,0sETQ5nxvf8,1
data/Eddie_Izzard/1.6/5TWpQYtboq0/1,113,5TWpQYtboq0,1,data/Ellen_Burstyn/1.6/nJkteFlsqPk/1,268,nJkteFlsqPk,1
data/Eoin_Macken/1.6/OMOpC0gi-gQ/3,1015,OMOpC0gi-gQ,3,data/Ernie_Hudson/1.6/eVfmXU0RtRo/6,1132,eVfmXU0RtRo,6
data/Eli_Roth/1.6/gAKHqHbNt2g/5,753,gAKHqHbNt2g,5,data/Eva_Longoria/1.6/wtqPC9vEZ0M/1,716,wtqPC9vEZ0M,1
data/Edward_Asner/1.6/DSGE2F5sTcg/21,16,DSGE2F5sTcg,21,data/Eoin_Macken/1.6/8lGvPwJszxI/3,1015,8lGvPwJszxI,3
data/Esai_Morales/1.6/K2_D_tFdAgY/21,437,K2_D_tFdAgY,21,data/Eva_Longoria/1.6/yUv37vQWmzE/13,716,yUv37vQWmzE,13
data/Elodie_Yung/1.6/3g9CjhcNEWk/8,270,3g9CjhcNEWk,8,data/Ernest_Borgnine/1.6/mYSVs_d1aMQ/10,650,mYSVs_d1aMQ,10
data/Eddie_Izzard/1.6/8cfyJEV7hP8/35,113,8cfyJEV7hP8,35,data/Eric_Braeden/1.6/a4msZPEjhMc/5,364,a4msZPEjhMc,5
data/Eugene_Levy/1.6/JQtDfEz08aU/11,166,JQtDfEz08aU,11,data/Emile_Hirsch/1.6/VYk_DxNl_T8/1,158,VYk_DxNl_T8,1
data/Eva_Longoria/1.6/c_aEjTGGhZ4/9,716,c_aEjTGGhZ4,9,data/Edward_Asner/1.6/d3By4475krs/4,16,d3By4475krs,4
data/Esai_Morales/1.6/KaZPZcTPQ-c/4,437,KaZPZcTPQ-c,4,data/Eric_Roberts/1.6/6pjKcuVoHLM/9,687,6pjKcuVoHLM,9
data/Eric_Braeden/1.6/a4msZPEjhMc/2,364,a4msZPEjhMc,2,data/Eddie_Izzard/1.6/prqT1CcDqMc/4,113,prqT1CcDqMc,4
data/Eric_Dane/1.6/NZvythQO-SM/1,983,NZvythQO-SM,1,data/Eddie_Izzard/1.6/MqKFZOAwUsg/1,113,MqKFZOAwUsg,1
data/Efren_Ramirez/1.6/nTPJ6asPSV0/3,915,nTPJ6asPSV0,3,data/Ed_Westwick/1.6/_YimahVgI1A/1,844,_YimahVgI1A,1
data/Ernest_Borgnine/1.6/8EDKH42GZ1o/4,650,8EDKH42GZ1o,4,data/Esai_Morales/1.6/ZAMRSlopMWA/1,437,ZAMRSlopMWA,1
data/Ezra_Miller/1.6/V_tzoDBiP8A/5,106,V_tzoDBiP8A,5,data/Eartha_Kitt/1.6/GWXujl-xAVM/2,365,GWXujl-xAVM,2
data/Eva_Green/1.6/IANjHJYjfW8/9,833,IANjHJYjfW8,9,data/Eartha_Kitt/1.6/5r0dWxy17C8/20,365,5r0dWxy17C8,20
data/Ed_Westwick/1.6/LjLjQkfhd2o/6,844,LjLjQkfhd2o,6,data/Esai_Morales/1.6/dtYK1cUF7mo/5,437,dtYK1cUF7mo,5
data/Elaine_Cassidy/1.6/d7S0qeo6EP0/8,491,d7S0qeo6EP0,8,data/Eric_Braeden/1.6/nkIdfM2BFS0/6,364,nkIdfM2BFS0,6
data/Eric_McCormack/1.6/Y-qKARMSO7k/1,379,Y-qKARMSO7k,1,data/Ezra_Miller/1.6/qFrRfhWombs/6,106,qFrRfhWombs,6
data/Elle_Fanning/1.6/yAe_ZhyWdnI/2,1119,yAe_ZhyWdnI,2,data/Emile_Hirsch/1.6/O-V_sInAw5M/5,158,O-V_sInAw5M,5
data/Eric_Braeden/1.6/gETtCLtu1jA/4,364,gETtCLtu1jA,4,data/Elaine_Hendrix/1.6/RDFdX3VxjUQ/21,781,RDFdX3VxjUQ,21
data/Eva_Green/1.6/SBO7kM1IPaY/4,833,SBO7kM1IPaY,4,data/Ezra_Miller/1.6/vobW27_-JyQ/4,106,vobW27_-JyQ,4
data/Edward_Asner/1.6/DSGE2F5sTcg/15,16,DSGE2F5sTcg,15,data/Eddie_Izzard/1.6/prqT1CcDqMc/12,113,prqT1CcDqMc,12
data/Emile_Hirsch/1.6/HYiqXC0B3iY/26,158,HYiqXC0B3iY,26,data/Eli_Wallach/1.6/RNYNkXzY5Hk/3,770,RNYNkXzY5Hk,3
data/Eartha_Kitt/1.6/GWXujl-xAVM/24,365,GWXujl-xAVM,24,data/Eddie_Izzard/1.6/eLl_yTeuaKo/16,113,eLl_yTeuaKo,16
data/Eli_Roth/1.6/vaK4t1-WD4M/11,753,vaK4t1-WD4M,11,data/Esai_Morales/1.6/YQCymlcowOg/2,437,YQCymlcowOg,2
data/Eva_Green/1.6/TCCDPfjdhxo/2,833,TCCDPfjdhxo,2,data/Erik_Estrada/1.6/hjvQiiG71rM/11,1106,hjvQiiG71rM,11
data/Eartha_Kitt/1.6/x6uYqmx31kE/1,365,x6uYqmx31kE,1,data/Erik_Estrada/1.6/6qFnVechX9o/5,1106,6qFnVechX9o,5
data/Ezra_Miller/1.6/_z_BR0ERa9g/4,106,_z_BR0ERa9g,4,data/Evanna_Lynch/1.6/S5BJ45l7wWY/4,1129,S5BJ45l7wWY,4
data/Eric_Braeden/1.6/gETtCLtu1jA/5,364,gETtCLtu1jA,5,data/Elaine_Hendrix/1.6/FL2UicCNcwI/1,781,FL2UicCNcwI,1
data/Eric_Roberts/1.6/6pjKcuVoHLM/6,687,6pjKcuVoHLM,6,data/Eoin_Macken/1.6/Aj0X181Clk0/1,1015,Aj0X181Clk0,1
data/Eoin_Macken/1.6/rZQMeH1FCvM/6,1015,rZQMeH1FCvM,6,data/Elaine_Hendrix/1.6/RDFdX3VxjUQ/1,781,RDFdX3VxjUQ,1
data/Elaine_Hendrix/1.6/RDFdX3VxjUQ/20,781,RDFdX3VxjUQ,20,data/Eric_Braeden/1.6/49XYNpeN23I/1,364,49XYNpeN23I,1
data/Edgar_Wright/1.6/AjY0B7kh_-k/6,943,AjY0B7kh_-k,6,data/Elisabeth_Moss/1.6/FUqAFZmZJ80/10,587,FUqAFZmZJ80,10
data/Estelle_Harris/1.6/LKDWhdJQFco/3,518,LKDWhdJQFco,3,data/Eva_Longoria/1.6/cR5FfR4TbEI/2,716,cR5FfR4TbEI,2
data/Elaine_Hendrix/1.6/NHARUN9OhSo/6,781,NHARUN9OhSo,6,data/Ernest_Borgnine/1.6/Fi8lnFPYgII/10,650,Fi8lnFPYgII,10
data/Emraan_Hashmi/1.6/tKl5Y1x4jwc/3,457,tKl5Y1x4jwc,3,data/Eli_Roth/1.6/H4mDLFeGpLU/2,753,H4mDLFeGpLU,2
data/Edward_Asner/1.6/Pp-rAswo4Xg/4,16,Pp-rAswo4Xg,4,data/Eric_Roberts/1.6/uxHwuJ59xNk/2,687,uxHwuJ59xNk,2
data/Emraan_Hashmi/1.6/k_FB95mWrFc/2,457,k_FB95mWrFc,2,data/Erin_Andrews/1.6/uaPd2Ix-wSI/5,919,uaPd2Ix-wSI,5
data/Edgar_Wright/1.6/HrA2BLcLApA/22,943,HrA2BLcLApA,22,data/Eartha_Kitt/1.6/GWXujl-xAVM/22,365,GWXujl-xAVM,22
data/Eric_McCormack/1.6/z2AISmwaXjo/8,379,z2AISmwaXjo,8,data/Edgar_Wright/1.6/aaJo0S1lnhY/2,943,aaJo0S1lnhY,2
data/Elodie_Yung/1.6/8l5ZnDf-FUA/5,270,8l5ZnDf-FUA,5,data/Esai_Morales/1.6/K2_D_tFdAgY/16,437,K2_D_tFdAgY,16
data/Estelle_Harris/1.6/VCEs8oAQAiM/9,518,VCEs8oAQAiM,9,data/Eric_Braeden/1.6/OiRXHy35Euk/5,364,OiRXHy35Euk,5
data/Eva_Longoria/1.6/kp_GCjLq4qA/4,716,kp_GCjLq4qA,4,data/Eric_Dane/1.6/K1gPy1UKmBE/8,983,K1gPy1UKmBE,8
data/Eddie_McClintock/1.6/HK20g60KlTI/1,699,HK20g60KlTI,1,data/Elodie_Yung/1.6/fGlKVvjgUdY/7,270,fGlKVvjgUdY,7
data/Emile_Hirsch/1.6/_mSMCsWY96o/3,158,_mSMCsWY96o,3,data/Emraan_Hashmi/1.6/KgY2xhg4Tqk/8,457,KgY2xhg4Tqk,8
data/Eartha_Kitt/1.6/GWXujl-xAVM/18,365,GWXujl-xAVM,18,data/Eleanor_Tomlinson/1.6/neQO6_CUY4w/4,906,neQO6_CUY4w,4
data/Eugenio_Derbez/1.6/nJbBcMdxQU4/16,1066,nJbBcMdxQU4,16,data/Eleanor_Tomlinson/1.6/OjG2EYFgubs/1,906,OjG2EYFgubs,1
data/Eugene_Levy/1.6/FJOvOooCIvs/5,166,FJOvOooCIvs,5,data/Eric_McCormack/1.6/_BVSKK5mGnY/3,379,_BVSKK5mGnY,3
data/Eddie_Izzard/1.6/GRB1GXRafiY/4,113,GRB1GXRafiY,4,data/Eric_Roberts/1.6/utAY0zpsv1U/11,687,utAY0zpsv1U,11
data/Emraan_Hashmi/1.6/ya6VNZp-pXw/27,457,ya6VNZp-pXw,27,data/Edward_Asner/1.6/DSGE2F5sTcg/27,16,DSGE2F5sTcg,27
data/Eddie_Izzard/1.6/E50E5hbggyM/2,113,E50E5hbggyM,2,data/Ezra_Miller/1.6/XMLMvfrgdzY/8,106,XMLMvfrgdzY,8
data/Esai_Morales/1.6/2Er-cV85fc4/1,437,2Er-cV85fc4,1,data/Elle_Fanning/1.6/mmFmN0OPhKs/1,1119,mmFmN0OPhKs,1
data/Emile_Hirsch/1.6/HYiqXC0B3iY/10,158,HYiqXC0B3iY,10,data/Eugenio_Derbez/1.6/19OCRADWjgA/2,1066,19OCRADWjgA,2
data/Eli_Wallach/1.6/7yx9A0yzLYk/1,770,7yx9A0yzLYk,1,data/Eli_Wallach/1.6/Uzxv7Axh3Z8/6,770,Uzxv7Axh3Z8,6
data/Eddie_Griffin/1.6/olePnztkm6U/7,1014,olePnztkm6U,7,data/Emraan_Hashmi/1.6/ENIHEvg_VLM/3,457,ENIHEvg_VLM,3
data/Eli_Roth/1.6/x6M3KQ8-gM4/4,753,x6M3KQ8-gM4,4,data/Eric_Roberts/1.6/o1EKUvjvNHY/10,687,o1EKUvjvNHY,10
data/Edgar_Wright/1.6/3vWez3baO60/11,943,3vWez3baO60,11,data/Eduardo_Noriega/1.6/znxUWA2QAGs/17,112,znxUWA2QAGs,17
data/Emile_Hirsch/1.6/cIi74VD0LF0/2,158,cIi74VD0LF0,2,data/Eric_Braeden/1.6/zIkTBKfnbso/3,364,zIkTBKfnbso,3
data/Elaine_Cassidy/1.6/v0Q-VyO4TjI/3,491,v0Q-VyO4TjI,3,data/Ezra_Miller/1.6/vobW27_-JyQ/12,106,vobW27_-JyQ,12
data/Eoin_Macken/1.6/SJxWXqMu2ds/4,1015,SJxWXqMu2ds,4,data/Eric_McCormack/1.6/tlP585mCdl0/6,379,tlP585mCdl0,6
data/Eugene_Levy/1.6/7geDDtDmWQU/7,166,7geDDtDmWQU,7,data/Elodie_Yung/1.6/7UePD3HoAS8/4,270,7UePD3HoAS8,4
data/Eddie_Kaye_Thomas/1.6/7rkVfW2yw0c/3,865,7rkVfW2yw0c,3,data/Erin_Andrews/1.6/HcyUmRYz-aE/5,919,HcyUmRYz-aE,5
data/Eduardo_Noriega/1.6/tbh20gz_KRA/26,112,tbh20gz_KRA,26,data/Elle_Fanning/1.6/cJ40ZqTY3dQ/2,1119,cJ40ZqTY3dQ,2
data/Emile_Hirsch/1.6/dDnqp9503Mg/11,158,dDnqp9503Mg,11,data/Eva_Longoria/1.6/bLrL6c37TYI/4,716,bLrL6c37TYI,4
data/Edward_Asner/1.6/x5dqrDlwxR4/1,16,x5dqrDlwxR4,1,data/Eric_McCormack/1.6/p1--IINtgGg/4,379,p1--IINtgGg,4
data/Eva_Longoria/1.6/0nH78dDh0N0/19,716,0nH78dDh0N0,19,data/Ed_Westwick/1.6/gO805KoL2RM/1,844,gO805KoL2RM,1
data/Eddie_Izzard/1.6/8cfyJEV7hP8/32,113,8cfyJEV7hP8,32,data/Ernest_Borgnine/1.6/85wn4sW4CgQ/4,650,85wn4sW4CgQ,4
data/Elodie_Yung/1.6/8l5ZnDf-FUA/4,270,8l5ZnDf-FUA,4,data/Eric_McCormack/1.6/iLMjiAp4rTo/1,379,iLMjiAp4rTo,1
data/Erik_Estrada/1.6/6qFnVechX9o/6,1106,6qFnVechX9o,6,data/Eli_Roth/1.6/uA1E_38TuTw/4,753,uA1E_38TuTw,4
data/Ezra_Miller/1.6/rxnN8thYzEQ/7,106,rxnN8thYzEQ,7,data/Edgar_Wright/1.6/HrA2BLcLApA/16,943,HrA2BLcLApA,16
data/Elodie_Yung/1.6/zFii0ROZZjc/3,270,zFii0ROZZjc,3,data/Eli_Wallach/1.6/YN4cTBWM-QE/7,770,YN4cTBWM-QE,7
data/Eugene_Levy/1.6/zV7LlMi0eHo/9,166,zV7LlMi0eHo,9,data/Emily_Atack/1.6/iPZGPcrYIZs/5,871,iPZGPcrYIZs,5
data/Emraan_Hashmi/1.6/3kzw8lTcUBU/15,457,3kzw8lTcUBU,15,data/Eugenio_Derbez/1.6/3QrLepYlH6o/10,1066,3QrLepYlH6o,10
data/Eli_Wallach/1.6/7yx9A0yzLYk/27,770,7yx9A0yzLYk,27,data/Estelle_Harris/1.6/R5JGtwc4o1M/11,518,R5JGtwc4o1M,11
data/Emraan_Hashmi/1.6/3kzw8lTcUBU/3,457,3kzw8lTcUBU,3,data/Eoin_Macken/1.6/SJxWXqMu2ds/6,1015,SJxWXqMu2ds,6
data/Elisabeth_Moss/1.6/m-uILToQ9ss/3,587,m-uILToQ9ss,3,data/Erik_Estrada/1.6/hjvQiiG71rM/4,1106,hjvQiiG71rM,4
data/Eric_Dane/1.6/K1gPy1UKmBE/2,983,K1gPy1UKmBE,2,data/Ed_Westwick/1.6/EOQXxK1whgU/3,844,EOQXxK1whgU,3
data/Ellen_Wong/1.6/A3ZvNuG8_oM/4,1156,A3ZvNuG8_oM,4,data/Eddie_Izzard/1.6/58VB-LYIoRM/4,113,58VB-LYIoRM,4
data/Eddie_Izzard/1.6/SgBON1gLfbo/5,113,SgBON1gLfbo,5,data/Eddie_McClintock/1.6/CVUXDNZzcmA/3,699,CVUXDNZzcmA,3
data/Edgar_Wright/1.6/5WOZXLMujwY/6,943,5WOZXLMujwY,6,data/Edgar_Wright/1.6/3vWez3baO60/8,943,3vWez3baO60,8
data/Eddie_Izzard/1.6/prqT1CcDqMc/18,113,prqT1CcDqMc,18,data/Ernest_Borgnine/1.6/VHWZdctr_4s/8,650,VHWZdctr_4s,8
data/Eartha_Kitt/1.6/5r0dWxy17C8/9,365,5r0dWxy17C8,9,data/Eddie_Izzard/1.6/8cfyJEV7hP8/8,113,8cfyJEV7hP8,8
data/Estelle_Harris/1.6/R5JGtwc4o1M/7,518,R5JGtwc4o1M,7,data/Emraan_Hashmi/1.6/57KbI2UvGss/6,457,57KbI2UvGss,6
data/Eddie_Izzard/1.6/58VB-LYIoRM/1,113,58VB-LYIoRM,1,data/Eddie_Izzard/1.6/xN2fSTQHHkw/7,113,xN2fSTQHHkw,7
data/Eugenio_Derbez/1.6/3QrLepYlH6o/12,1066,3QrLepYlH6o,12,data/Eleanor_Tomlinson/1.6/37XQxZ5lBD8/2,906,37XQxZ5lBD8,2
data/Estelle_Harris/1.6/Tgph483ZOQ8/3,518,Tgph483ZOQ8,3,data/Eugene_Levy/1.6/CN6JpPYbHCQ/10,166,CN6JpPYbHCQ,10
data/Ezra_Miller/1.6/rqaAm4bEsXc/9,106,rqaAm4bEsXc,9,data/Emile_Hirsch/1.6/zii-zlYDpGc/3,158,zii-zlYDpGc,3
data/Efren_Ramirez/1.6/nTPJ6asPSV0/2,915,nTPJ6asPSV0,2,data/Eddie_Izzard/1.6/gHPh9j7lc58/7,113,gHPh9j7lc58,7
data/Eddie_Izzard/1.6/8cfyJEV7hP8/13,113,8cfyJEV7hP8,13,data/Erin_Andrews/1.6/IwB3vu418E4/1,919,IwB3vu418E4,1
data/Elaine_Cassidy/1.6/v0Q-VyO4TjI/9,491,v0Q-VyO4TjI,9,data/Eugene_Levy/1.6/o9bD_E99Jpg/10,166,o9bD_E99Jpg,10
data/Ernest_Borgnine/1.6/8EDKH42GZ1o/12,650,8EDKH42GZ1o,12,data/Erik_Estrada/1.6/aEuSKFj0xo8/1,1106,aEuSKFj0xo8,1
data/Eva_Green/1.6/2SaEbN8hYz4/24,833,2SaEbN8hYz4,24,data/Eoin_Macken/1.6/OMOpC0gi-gQ/7,1015,OMOpC0gi-gQ,7
data/Eoin_Macken/1.6/gegIAYxfpVA/1,1015,gegIAYxfpVA,1,data/Edgar_Wright/1.6/X1Yr4eI2oRw/3,943,X1Yr4eI2oRw,3
data/Edward_Asner/1.6/d6WJf6TOoIQ/4,16,d6WJf6TOoIQ,4,data/Emile_Hirsch/1.6/T1y64qFjv3M/4,158,T1y64qFjv3M,4
data/Elisabeth_Moss/1.6/uArtiTSTnSU/16,587,uArtiTSTnSU,16,data/Erik_Estrada/1.6/6qFnVechX9o/24,1106,6qFnVechX9o,24
data/Estelle_Harris/1.6/VCEs8oAQAiM/17,518,VCEs8oAQAiM,17,data/Eva_Longoria/1.6/wtqPC9vEZ0M/10,716,wtqPC9vEZ0M,10
data/Ernest_Borgnine/1.6/Xroutc-3_SU/10,650,Xroutc-3_SU,10,data/Eric_Braeden/1.6/1l9B0dz7gjc/12,364,1l9B0dz7gjc,12
data/Eva_Longoria/1.6/ZNT2uhs3jF4/1,716,ZNT2uhs3jF4,1,data/Efren_Ramirez/1.6/CmKv2T7ebTQ/1,915,CmKv2T7ebTQ,1
data/Ernest_Borgnine/1.6/Fi8lnFPYgII/12,650,Fi8lnFPYgII,12,data/Evanna_Lynch/1.6/We7oIBrKQKg/3,1129,We7oIBrKQKg,3
data/Emily_Atack/1.6/4aLg_keiGHw/7,871,4aLg_keiGHw,7,data/Ernest_Borgnine/1.6/BL7XmN8w_UY/9,650,BL7XmN8w_UY,9
data/Eva_Longoria/1.6/yUv37vQWmzE/1,716,yUv37vQWmzE,1,data/Emraan_Hashmi/1.6/YvmWRnJnTz0/8,457,YvmWRnJnTz0,8
data/Elle_Fanning/1.6/pqJw3UuOuCY/1,1119,pqJw3UuOuCY,1,data/Efren_Ramirez/1.6/DTbpchx4xes/5,915,DTbpchx4xes,5
data/Ed_Westwick/1.6/zWyD72sHVwA/3,844,zWyD72sHVwA,3,data/Eva_Green/1.6/IANjHJYjfW8/5,833,IANjHJYjfW8,5
data/Esai_Morales/1.6/2Er-cV85fc4/15,437,2Er-cV85fc4,15,data/Emraan_Hashmi/1.6/ya6VNZp-pXw/23,457,ya6VNZp-pXw,23
data/Eva_Longoria/1.6/c_aEjTGGhZ4/4,716,c_aEjTGGhZ4,4,data/Eugene_Levy/1.6/dz2ohrKoOBA/1,166,dz2ohrKoOBA,1
data/Eleanor_Tomlinson/1.6/U3xR3MZjEVg/2,906,U3xR3MZjEVg,2,data/Ellen_Burstyn/1.6/I99R40TUF1s/3,268,I99R40TUF1s,3
data/Eugene_Levy/1.6/PgZsH9ijC3Y/1,166,PgZsH9ijC3Y,1,data/Emily_Atack/1.6/4aLg_keiGHw/1,871,4aLg_keiGHw,1
data/Eartha_Kitt/1.6/GWXujl-xAVM/46,365,GWXujl-xAVM,46,data/Eugenio_Derbez/1.6/cpXXdMJuCdw/6,1066,cpXXdMJuCdw,6
data/Eli_Wallach/1.6/Rzpm9hlXV6I/1,770,Rzpm9hlXV6I,1,data/Esai_Morales/1.6/K2_D_tFdAgY/4,437,K2_D_tFdAgY,4
data/Emraan_Hashmi/1.6/2qlrpSAc9Xs/8,457,2qlrpSAc9Xs,8,data/Eduardo_Noriega/1.6/tbh20gz_KRA/23,112,tbh20gz_KRA,23
data/Emraan_Hashmi/1.6/KgY2xhg4Tqk/3,457,KgY2xhg4Tqk,3,data/Eddie_Izzard/1.6/eLl_yTeuaKo/10,113,eLl_yTeuaKo,10
data/Edward_Asner/1.6/fvX1Vtx3sNo/6,16,fvX1Vtx3sNo,6,data/Eddie_Kaye_Thomas/1.6/s7vZT3_8Smo/7,865,s7vZT3_8Smo,7
data/Edward_Asner/1.6/DSGE2F5sTcg/19,16,DSGE2F5sTcg,19,data/Ernest_Borgnine/1.6/AsHhZ_bnpQg/9,650,AsHhZ_bnpQg,9
data/Edgar_Wright/1.6/HrA2BLcLApA/14,943,HrA2BLcLApA,14,data/Eartha_Kitt/1.6/5r0dWxy17C8/14,365,5r0dWxy17C8,14
data/Estelle_Harris/1.6/LKDWhdJQFco/24,518,LKDWhdJQFco,24,data/Esai_Morales/1.6/2Er-cV85fc4/31,437,2Er-cV85fc4,31
data/Eva_Green/1.6/2SaEbN8hYz4/22,833,2SaEbN8hYz4,22,data/Eli_Wallach/1.6/7yx9A0yzLYk/34,770,7yx9A0yzLYk,34
data/Efren_Ramirez/1.6/4Q1IvdayPR8/10,915,4Q1IvdayPR8,10,data/Esai_Morales/1.6/VRCidrXwd1s/15,437,VRCidrXwd1s,15
data/Elle_Fanning/1.6/iH0jGPqp3Hc/2,1119,iH0jGPqp3Hc,2,data/Estelle_Harris/1.6/Zs8VK91yVMI/25,518,Zs8VK91yVMI,25
data/Eli_Roth/1.6/S-dgypZHvhg/4,753,S-dgypZHvhg,4,data/Edgar_Wright/1.6/CAhGBfTmCHw/3,943,CAhGBfTmCHw,3
data/Eoin_Macken/1.6/Mp1IXRquJ9s/4,1015,Mp1IXRquJ9s,4,data/Eli_Wallach/1.6/RNYNkXzY5Hk/16,770,RNYNkXzY5Hk,16
data/Edgar_Wright/1.6/HrA2BLcLApA/5,943,HrA2BLcLApA,5,data/Ernest_Borgnine/1.6/Fi8lnFPYgII/7,650,Fi8lnFPYgII,7
data/Emile_Hirsch/1.6/T1y64qFjv3M/5,158,T1y64qFjv3M,5,data/Eric_Braeden/1.6/L812MIi7ruk/3,364,L812MIi7ruk,3
data/Eric_Roberts/1.6/31XtFWtF7Sc/11,687,31XtFWtF7Sc,11,data/Ezra_Miller/1.6/0b1inHMAr6o/1,106,0b1inHMAr6o,1
data/Elodie_Yung/1.6/fGlKVvjgUdY/10,270,fGlKVvjgUdY,10,data/Eoin_Macken/1.6/BbAymRBSpPM/1,1015,BbAymRBSpPM,1
data/Emraan_Hashmi/1.6/YvmWRnJnTz0/5,457,YvmWRnJnTz0,5,data/Elaine_Hendrix/1.6/RDFdX3VxjUQ/7,781,RDFdX3VxjUQ,7
data/Emily_Atack/1.6/kt4P4cyTpWQ/2,871,kt4P4cyTpWQ,2,data/Eddie_Izzard/1.6/OYi3rZSdAOE/2,113,OYi3rZSdAOE,2
data/Eva_Green/1.6/ST2JZXcyYkE/2,833,ST2JZXcyYkE,2,data/Eric_Dane/1.6/3tvnlmkCiTw/4,983,3tvnlmkCiTw,4
data/Ernest_Borgnine/1.6/pVKJjm4sKdI/1,650,pVKJjm4sKdI,1,data/Eugene_Levy/1.6/JQtDfEz08aU/37,166,JQtDfEz08aU,37
data/Ernest_Borgnine/1.6/8EDKH42GZ1o/32,650,8EDKH42GZ1o,32,data/Ellen_Wong/1.6/owPgCDQ_URk/1,1156,owPgCDQ_URk,1
data/Elaine_Cassidy/1.6/NXjT3732Ekg/2,491,NXjT3732Ekg,2,data/Estelle_Harris/1.6/VCEs8oAQAiM/13,518,VCEs8oAQAiM,13
data/Eva_Green/1.6/4E-dEOQQsvo/7,833,4E-dEOQQsvo,7,data/Emraan_Hashmi/1.6/3kzw8lTcUBU/12,457,3kzw8lTcUBU,12
data/Eddie_Izzard/1.6/ZpPPaMazpf0/1,113,ZpPPaMazpf0,1,data/Eli_Roth/1.6/clznvDi-ybg/9,753,clznvDi-ybg,9
data/Eva_Green/1.6/a2rD02CrRdU/4,833,a2rD02CrRdU,4,data/Eartha_Kitt/1.6/8jEAjG6SegY/34,365,8jEAjG6SegY,34
data/Elaine_Cassidy/1.6/d7S0qeo6EP0/6,491,d7S0qeo6EP0,6,data/Eleanor_Tomlinson/1.6/ek_uqADnhPQ/6,906,ek_uqADnhPQ,6
data/Eddie_Kaye_Thomas/1.6/L9q6XabEpEI/11,865,L9q6XabEpEI,11,data/Eli_Roth/1.6/vaK4t1-WD4M/32,753,vaK4t1-WD4M,32
data/Eva_Green/1.6/5jsUg3uxG-E/7,833,5jsUg3uxG-E,7,data/Eva_Green/1.6/C3AhSlYJd3w/6,833,C3AhSlYJd3w,6
data/Emile_Hirsch/1.6/FAOLWl96MY0/2,158,FAOLWl96MY0,2,data/Emily_Atack/1.6/kt4P4cyTpWQ/3,871,kt4P4cyTpWQ,3
data/Eugene_Levy/1.6/Zjzoo3L9Oto/2,166,Zjzoo3L9Oto,2,data/Ernest_Borgnine/1.6/85wn4sW4CgQ/6,650,85wn4sW4CgQ,6
data/Emraan_Hashmi/1.6/azw51ZGuz9k/9,457,azw51ZGuz9k,9,data/Eugenio_Derbez/1.6/Piw0wvQbpnQ/1,1066,Piw0wvQbpnQ,1
data/Edgar_Wright/1.6/YloBWJxXzMI/10,943,YloBWJxXzMI,10,data/Erik_Estrada/1.6/3rge7xFekcQ/1,1106,3rge7xFekcQ,1
data/Ellen_Burstyn/1.6/I99R40TUF1s/19,268,I99R40TUF1s,19,data/Eli_Roth/1.6/x6M3KQ8-gM4/2,753,x6M3KQ8-gM4,2
data/Estelle_Harris/1.6/Zs8VK91yVMI/8,518,Zs8VK91yVMI,8,data/Ezra_Miller/1.6/e-IdJ8a4gy4/12,106,e-IdJ8a4gy4,12
data/Emraan_Hashmi/1.6/gm6PJowclv0/4,457,gm6PJowclv0,4,data/Eoin_Macken/1.6/l3J1f06Slfo/1,1015,l3J1f06Slfo,1
data/Eva_Longoria/1.6/IASj5B-pAyM/2,716,IASj5B-pAyM,2,data/Erin_Andrews/1.6/it0-Z6L2128/2,919,it0-Z6L2128,2
data/Eric_Braeden/1.6/dYC_mN16I_k/7,364,dYC_mN16I_k,7,data/Eoin_Macken/1.6/nAtqrkWKIhM/8,1015,nAtqrkWKIhM,8
data/Eric_Braeden/1.6/L812MIi7ruk/7,364,L812MIi7ruk,7,data/Eric_Roberts/1.6/6pjKcuVoHLM/8,687,6pjKcuVoHLM,8
data/Eddie_Kaye_Thomas/1.6/L9q6XabEpEI/1,865,L9q6XabEpEI,1,data/Eddie_Izzard/1.6/0LbtndiXJC0/6,113,0LbtndiXJC0,6
data/Erik_Estrada/1.6/hjvQiiG71rM/32,1106,hjvQiiG71rM,32,data/Emraan_Hashmi/1.6/sHw5KMonD3o/1,457,sHw5KMonD3o,1
data/Ernest_Borgnine/1.6/TMBdUkVfwOg/3,650,TMBdUkVfwOg,3,data/Eva_Green/1.6/cc5WSHcgkl8/11,833,cc5WSHcgkl8,11
data/Ellen_Wong/1.6/FIxC_PNJNkc/2,1156,FIxC_PNJNkc,2,data/Eoin_Macken/1.6/vD3qGRbmXws/7,1015,vD3qGRbmXws,7
data/Emraan_Hashmi/1.6/L2zjJyZd6-g/1,457,L2zjJyZd6-g,1,data/Ellen_Wong/1.6/R4S2c-NiPfA/2,1156,R4S2c-NiPfA,2
data/Ernest_Borgnine/1.6/VHWZdctr_4s/9,650,VHWZdctr_4s,9,data/Eduardo_Noriega/1.6/tbh20gz_KRA/5,112,tbh20gz_KRA,5
data/Esai_Morales/1.6/VRCidrXwd1s/36,437,VRCidrXwd1s,36,data/Ed_Westwick/1.6/1gtz-CUIygI/15,844,1gtz-CUIygI,15
data/Evanna_Lynch/1.6/rgpPBT4yQcg/15,1129,rgpPBT4yQcg,15,data/Elisabeth_Moss/1.6/FUqAFZmZJ80/15,587,FUqAFZmZJ80,15
data/Eva_Green/1.6/cc5WSHcgkl8/2,833,cc5WSHcgkl8,2,data/Emraan_Hashmi/1.6/ya6VNZp-pXw/6,457,ya6VNZp-pXw,6
data/Ellen_Burstyn/1.6/4oOmqI1myzY/2,268,4oOmqI1myzY,2,data/Eric_Dane/1.6/K1gPy1UKmBE/4,983,K1gPy1UKmBE,4
data/Evanna_Lynch/1.6/rgpPBT4yQcg/13,1129,rgpPBT4yQcg,13,data/Emraan_Hashmi/1.6/ya6VNZp-pXw/17,457,ya6VNZp-pXw,17
data/Eoin_Macken/1.6/gegIAYxfpVA/6,1015,gegIAYxfpVA,6,data/Ernie_Hudson/1.6/vhzF7dhGJzI/3,1132,vhzF7dhGJzI,3
data/Emraan_Hashmi/1.6/ETJd_jPboYc/2,457,ETJd_jPboYc,2,data/Ernest_Borgnine/1.6/1ZyvrJaiLQk/2,650,1ZyvrJaiLQk,2
data/Emraan_Hashmi/1.6/v6MWr5UAZ94/1,457,v6MWr5UAZ94,1,data/Evanna_Lynch/1.6/XQWpVt5n3Ic/3,1129,XQWpVt5n3Ic,3
data/Edgar_Wright/1.6/YloBWJxXzMI/14,943,YloBWJxXzMI,14,data/Esai_Morales/1.6/dtYK1cUF7mo/3,437,dtYK1cUF7mo,3
data/Eric_McCormack/1.6/0mOnLGSG2jM/2,379,0mOnLGSG2jM,2,data/Eva_Green/1.6/ST2JZXcyYkE/5,833,ST2JZXcyYkE,5
data/Eli_Roth/1.6/vaK4t1-WD4M/38,753,vaK4t1-WD4M,38,data/Ernest_Borgnine/1.6/2cAiIYHfon0/10,650,2cAiIYHfon0,10
data/Eddie_Izzard/1.6/8cfyJEV7hP8/18,113,8cfyJEV7hP8,18,data/Ernest_Borgnine/1.6/7byARrJfhlI/21,650,7byARrJfhlI,21
data/Eric_Dane/1.6/vHpJ0TSVKZs/2,983,vHpJ0TSVKZs,2,data/Elisabeth_Moss/1.6/FUqAFZmZJ80/12,587,FUqAFZmZJ80,12
data/Elisabeth_Moss/1.6/FUqAFZmZJ80/21,587,FUqAFZmZJ80,21,data/Eugene_Levy/1.6/jUSC4i_eGHs/3,166,jUSC4i_eGHs,3
data/Edward_Asner/1.6/_a9CIdlTOr8/2,16,_a9CIdlTOr8,2,data/Eartha_Kitt/1.6/OhfKF8FSq3Y/8,365,OhfKF8FSq3Y,8
data/Emile_Hirsch/1.6/HYiqXC0B3iY/27,158,HYiqXC0B3iY,27,data/Eduardo_Noriega/1.6/tbh20gz_KRA/6,112,tbh20gz_KRA,6
data/Eddie_Izzard/1.6/prqT1CcDqMc/22,113,prqT1CcDqMc,22,data/Ellen_Wong/1.6/JzNVSA7eFwc/7,1156,JzNVSA7eFwc,7
data/Esai_Morales/1.6/VRCidrXwd1s/35,437,VRCidrXwd1s,35,data/Erik_Estrada/1.6/Cjt5DP6qc5Q/1,1106,Cjt5DP6qc5Q,1
data/Eddie_Izzard/1.6/5TWpQYtboq0/7,113,5TWpQYtboq0,7,data/Eddie_McClintock/1.6/JbpXWB1V8cA/1,699,JbpXWB1V8cA,1
data/Esai_Morales/1.6/K2_D_tFdAgY/14,437,K2_D_tFdAgY,14,data/Emile_Hirsch/1.6/O-V_sInAw5M/2,158,O-V_sInAw5M,2
data/Eartha_Kitt/1.6/8jEAjG6SegY/25,365,8jEAjG6SegY,25,data/Edgar_Wright/1.6/FDhJhEu0JUM/3,943,FDhJhEu0JUM,3
data/Elle_Fanning/1.6/DPPq8w5ILrA/4,1119,DPPq8w5ILrA,4,data/Ed_Westwick/1.6/1gtz-CUIygI/19,844,1gtz-CUIygI,19
data/Eartha_Kitt/1.6/OhfKF8FSq3Y/7,365,OhfKF8FSq3Y,7,data/Eugene_Levy/1.6/hDBMV_0Vz4E/9,166,hDBMV_0Vz4E,9
data/Erik_Estrada/1.6/VHtcwtdPjpE/2,1106,VHtcwtdPjpE,2,data/Eric_Roberts/1.6/6pjKcuVoHLM/10,687,6pjKcuVoHLM,10
data/Estelle_Harris/1.6/Zs8VK91yVMI/15,518,Zs8VK91yVMI,15,data/Ernest_Borgnine/1.6/VHWZdctr_4s/5,650,VHWZdctr_4s,5
data/Eddie_Izzard/1.6/8cfyJEV7hP8/36,113,8cfyJEV7hP8,36,data/Eric_Braeden/1.6/1l9B0dz7gjc/7,364,1l9B0dz7gjc,7
data/Edgar_Wright/1.6/AeZoMAJ4Ejs/1,943,AeZoMAJ4Ejs,1,data/Ernest_Borgnine/1.6/8EDKH42GZ1o/30,650,8EDKH42GZ1o,30
data/Eric_Roberts/1.6/6pjKcuVoHLM/1,687,6pjKcuVoHLM,1,data/Eva_Green/1.6/a2rD02CrRdU/3,833,a2rD02CrRdU,3
data/Eva_Green/1.6/cc5WSHcgkl8/7,833,cc5WSHcgkl8,7,data/Elisabeth_Moss/1.6/thghCiJZYwI/3,587,thghCiJZYwI,3
data/Eduardo_Noriega/1.6/SeXsHJ3fW1c/1,112,SeXsHJ3fW1c,1,data/Eleanor_Tomlinson/1.6/ek_uqADnhPQ/3,906,ek_uqADnhPQ,3
data/Eric_Roberts/1.6/6pjKcuVoHLM/3,687,6pjKcuVoHLM,3,data/Elle_Fanning/1.6/mmFmN0OPhKs/4,1119,mmFmN0OPhKs,4
data/Eva_Green/1.6/a2rD02CrRdU/2,833,a2rD02CrRdU,2,data/Elaine_Hendrix/1.6/ni6gO5jDLJE/9,781,ni6gO5jDLJE,9
data/Eric_Dane/1.6/S9FeIMntmUE/3,983,S9FeIMntmUE,3,data/Esai_Morales/1.6/2Er-cV85fc4/23,437,2Er-cV85fc4,23
data/Eddie_Izzard/1.6/prqT1CcDqMc/8,113,prqT1CcDqMc,8,data/Elle_Fanning/1.6/DPPq8w5ILrA/3,1119,DPPq8w5ILrA,3
data/Eduardo_Noriega/1.6/znxUWA2QAGs/13,112,znxUWA2QAGs,13,data/Edgar_Wright/1.6/FDhJhEu0JUM/19,943,FDhJhEu0JUM,19
data/Ed_Westwick/1.6/PfcJLmkhGbk/5,844,PfcJLmkhGbk,5,data/Eoin_Macken/1.6/SJxWXqMu2ds/1,1015,SJxWXqMu2ds,1
data/Ezra_Miller/1.6/_z_BR0ERa9g/10,106,_z_BR0ERa9g,10,data/Eva_Longoria/1.6/120gjdqGWNQ/2,716,120gjdqGWNQ,2
data/Eddie_McClintock/1.6/LqcUAxrtYOk/6,699,LqcUAxrtYOk,6,data/Eli_Roth/1.6/clznvDi-ybg/7,753,clznvDi-ybg,7
data/Elodie_Yung/1.6/8l5ZnDf-FUA/20,270,8l5ZnDf-FUA,20,data/Eugenio_Derbez/1.6/19OCRADWjgA/1,1066,19OCRADWjgA,1
data/Edward_Asner/1.6/QiMd9_dc-M4/1,16,QiMd9_dc-M4,1,data/Eric_Braeden/1.6/JUyxHgPHR-s/1,364,JUyxHgPHR-s,1
data/Estelle_Harris/1.6/LKDWhdJQFco/8,518,LKDWhdJQFco,8,data/Eddie_Izzard/1.6/8fKRoUIpAJY/13,113,8fKRoUIpAJY,13
data/Ernest_Borgnine/1.6/SQzWyPhRqmk/2,650,SQzWyPhRqmk,2,data/Eddie_Kaye_Thomas/1.6/89UnsytX6Y8/6,865,89UnsytX6Y8,6
data/Eric_Braeden/1.6/dYC_mN16I_k/3,364,dYC_mN16I_k,3,data/Eddie_Kaye_Thomas/1.6/s7vZT3_8Smo/5,865,s7vZT3_8Smo,5
data/Edward_Asner/1.6/WZ6rcARSDqs/1,16,WZ6rcARSDqs,1,data/Eddie_Izzard/1.6/8cfyJEV7hP8/27,113,8cfyJEV7hP8,27
data/Ed_Westwick/1.6/Zjc7Xy7aT8c/3,844,Zjc7Xy7aT8c,3,data/Eoin_Macken/1.6/rZQMeH1FCvM/11,1015,rZQMeH1FCvM,11
data/Eva_Longoria/1.6/0nH78dDh0N0/16,716,0nH78dDh0N0,16,data/Eddie_Izzard/1.6/eLl_yTeuaKo/13,113,eLl_yTeuaKo,13
data/Eduardo_Noriega/1.6/SeXsHJ3fW1c/5,112,SeXsHJ3fW1c,5,data/Eva_Longoria/1.6/120gjdqGWNQ/20,716,120gjdqGWNQ,20
data/Eli_Roth/1.6/h87Y8nir1o0/5,753,h87Y8nir1o0,5,data/Elle_Fanning/1.6/iH0jGPqp3Hc/3,1119,iH0jGPqp3Hc,3
data/Eli_Roth/1.6/clznvDi-ybg/15,753,clznvDi-ybg,15,data/Eoin_Macken/1.6/gegIAYxfpVA/5,1015,gegIAYxfpVA,5
data/Eoin_Macken/1.6/gegIAYxfpVA/3,1015,gegIAYxfpVA,3,data/Ezra_Miller/1.6/e-IdJ8a4gy4/2,106,e-IdJ8a4gy4,2
data/Eugene_Levy/1.6/WBN84VSZbIQ/1,166,WBN84VSZbIQ,1,data/Eugenio_Derbez/1.6/vbDKF8bZJQA/7,1066,vbDKF8bZJQA,7
data/Eli_Wallach/1.6/7yx9A0yzLYk/40,770,7yx9A0yzLYk,40,data/Esai_Morales/1.6/KaZPZcTPQ-c/1,437,KaZPZcTPQ-c,1
data/Elle_Fanning/1.6/iH0jGPqp3Hc/1,1119,iH0jGPqp3Hc,1,data/Elodie_Yung/1.6/sf4uMnkYFG8/5,270,sf4uMnkYFG8,5
data/Eric_Braeden/1.6/ba0ZhyVTodw/2,364,ba0ZhyVTodw,2,data/Eli_Roth/1.6/p5g1heXp34o/2,753,p5g1heXp34o,2
data/Eva_Green/1.6/uzt36PBzT2w/2,833,uzt36PBzT2w,2,data/Erik_Estrada/1.6/hjvQiiG71rM/37,1106,hjvQiiG71rM,37
data/Eddie_Kaye_Thomas/1.6/L9q6XabEpEI/9,865,L9q6XabEpEI,9,data/Eli_Wallach/1.6/7yx9A0yzLYk/9,770,7yx9A0yzLYk,9
data/Elle_Fanning/1.6/4TtOX8dgtYI/1,1119,4TtOX8dgtYI,1,data/Eddie_Izzard/1.6/E50E5hbggyM/1,113,E50E5hbggyM,1
data/Elle_Fanning/1.6/isKyMAYUOgg/1,1119,isKyMAYUOgg,1,data/Eva_Longoria/1.6/depvF9rYJX4/1,716,depvF9rYJX4,1
data/Eddie_Griffin/1.6/olePnztkm6U/3,1014,olePnztkm6U,3,data/Eugene_Levy/1.6/0TJ9sdJiDvA/6,166,0TJ9sdJiDvA,6
data/Eric_Dane/1.6/w9jwTc5wuV4/4,983,w9jwTc5wuV4,4,data/Eddie_Izzard/1.6/0LbtndiXJC0/4,113,0LbtndiXJC0,4
data/Emraan_Hashmi/1.6/2qlrpSAc9Xs/12,457,2qlrpSAc9Xs,12,data/Emily_Atack/1.6/TMCTm7GxiDE/5,871,TMCTm7GxiDE,5
data/Eli_Roth/1.6/clznvDi-ybg/16,753,clznvDi-ybg,16,data/Ellen_Wong/1.6/A3ZvNuG8_oM/7,1156,A3ZvNuG8_oM,7
data/Elle_Fanning/1.6/7I1GtGzVfmw/4,1119,7I1GtGzVfmw,4,data/Eric_Braeden/1.6/1l9B0dz7gjc/14,364,1l9B0dz7gjc,14
data/Erik_Estrada/1.6/SCYPNx1H2pM/3,1106,SCYPNx1H2pM,3,data/Emily_Atack/1.6/d2Lasybvo7s/5,871,d2Lasybvo7s,5
data/Ernie_Hudson/1.6/eVfmXU0RtRo/5,1132,eVfmXU0RtRo,5,data/Eugenio_Derbez/1.6/19OCRADWjgA/11,1066,19OCRADWjgA,11
data/Eva_Green/1.6/U4FY88wt4w8/1,833,U4FY88wt4w8,1,data/Emile_Hirsch/1.6/dDnqp9503Mg/2,158,dDnqp9503Mg,2
data/Elodie_Yung/1.6/8l5ZnDf-FUA/11,270,8l5ZnDf-FUA,11,data/Edward_Asner/1.6/Pp-rAswo4Xg/13,16,Pp-rAswo4Xg,13
data/Emraan_Hashmi/1.6/2qlrpSAc9Xs/21,457,2qlrpSAc9Xs,21,data/Eduardo_Noriega/1.6/tbh20gz_KRA/8,112,tbh20gz_KRA,8
data/Eric_Braeden/1.6/NRMQOFYS41I/2,364,NRMQOFYS41I,2,data/Eartha_Kitt/1.6/x6uYqmx31kE/4,365,x6uYqmx31kE,4
data/Eli_Roth/1.6/QitLqlca660/1,753,QitLqlca660,1,data/Emraan_Hashmi/1.6/YvmWRnJnTz0/7,457,YvmWRnJnTz0,7
data/Eddie_Griffin/1.6/0qqQJVFKpbA/2,1014,0qqQJVFKpbA,2,data/Erin_Andrews/1.6/uaPd2Ix-wSI/4,919,uaPd2Ix-wSI,4
data/Edward_Asner/1.6/iEAqbqZ7dDg/17,16,iEAqbqZ7dDg,17,data/Emraan_Hashmi/1.6/ENIHEvg_VLM/2,457,ENIHEvg_VLM,2
data/Ernie_Hudson/1.6/VIAnMw7J5tI/9,1132,VIAnMw7J5tI,9,data/Evanna_Lynch/1.6/We7oIBrKQKg/1,1129,We7oIBrKQKg,1
data/Emile_Hirsch/1.6/HYiqXC0B3iY/15,158,HYiqXC0B3iY,15,data/Edgar_Wright/1.6/AeZoMAJ4Ejs/20,943,AeZoMAJ4Ejs,20
data/Ernie_Hudson/1.6/VIAnMw7J5tI/10,1132,VIAnMw7J5tI,10,data/Eugenio_Derbez/1.6/vbDKF8bZJQA/13,1066,vbDKF8bZJQA,13
data/Edgar_Wright/1.6/3vWez3baO60/9,943,3vWez3baO60,9,data/Eric_Dane/1.6/NkqrS8yJOL0/3,983,NkqrS8yJOL0,3
data/Eli_Roth/1.6/vaK4t1-WD4M/40,753,vaK4t1-WD4M,40,data/Esai_Morales/1.6/_zm31vf2P7U/1,437,_zm31vf2P7U,1
data/Elisabeth_Moss/1.6/uArtiTSTnSU/7,587,uArtiTSTnSU,7,data/Elodie_Yung/1.6/3g9CjhcNEWk/14,270,3g9CjhcNEWk,14
data/Emraan_Hashmi/1.6/N8_clYCM9n8/5,457,N8_clYCM9n8,5,data/Evanna_Lynch/1.6/rgpPBT4yQcg/10,1129,rgpPBT4yQcg,10
data/Edward_Asner/1.6/QOq66XogW3Q/3,16,QOq66XogW3Q,3,data/Estelle_Harris/1.6/Zs8VK91yVMI/20,518,Zs8VK91yVMI,20
data/Eugene_Levy/1.6/7geDDtDmWQU/4,166,7geDDtDmWQU,4,data/Ezra_Miller/1.6/qFrRfhWombs/17,106,qFrRfhWombs,17
data/Eva_Green/1.6/IANjHJYjfW8/7,833,IANjHJYjfW8,7,data/Eli_Roth/1.6/p5g1heXp34o/10,753,p5g1heXp34o,10
data/Eric_Braeden/1.6/Jr2KDTTWYgM/2,364,Jr2KDTTWYgM,2,data/Eduardo_Noriega/1.6/8rby6ETXo8Q/2,112,8rby6ETXo8Q,2
data/Elaine_Cassidy/1.6/NXjT3732Ekg/3,491,NXjT3732Ekg,3,data/Eartha_Kitt/1.6/8jEAjG6SegY/31,365,8jEAjG6SegY,31
data/Emile_Hirsch/1.6/FAOLWl96MY0/5,158,FAOLWl96MY0,5,data/Eoin_Macken/1.6/SJxWXqMu2ds/10,1015,SJxWXqMu2ds,10
data/Eva_Longoria/1.6/f8Ms66atECE/7,716,f8Ms66atECE,7,data/Eric_McCormack/1.6/tlP585mCdl0/11,379,tlP585mCdl0,11
data/Eartha_Kitt/1.6/5r0dWxy17C8/27,365,5r0dWxy17C8,27,data/Estelle_Harris/1.6/LKDWhdJQFco/19,518,LKDWhdJQFco,19
data/Emraan_Hashmi/1.6/ENIHEvg_VLM/19,457,ENIHEvg_VLM,19,data/Eric_Dane/1.6/iVxjBZtQwBg/1,983,iVxjBZtQwBg,1
data/Emraan_Hashmi/1.6/2qlrpSAc9Xs/18,457,2qlrpSAc9Xs,18,data/Ernest_Borgnine/1.6/VHWZdctr_4s/7,650,VHWZdctr_4s,7
data/Eleanor_Tomlinson/1.6/U3xR3MZjEVg/8,906,U3xR3MZjEVg,8,data/Eric_Braeden/1.6/3BRezdwX-4I/1,364,3BRezdwX-4I,1
data/Eugene_Levy/1.6/WBN84VSZbIQ/4,166,WBN84VSZbIQ,4,data/Evanna_Lynch/1.6/sy19cFuDvX8/2,1129,sy19cFuDvX8,2
data/Edgar_Wright/1.6/FDhJhEu0JUM/10,943,FDhJhEu0JUM,10,data/Esai_Morales/1.6/ZAMRSlopMWA/4,437,ZAMRSlopMWA,4
data/Edward_Asner/1.6/x5dqrDlwxR4/4,16,x5dqrDlwxR4,4,data/Eric_McCormack/1.6/Y-qKARMSO7k/3,379,Y-qKARMSO7k,3
data/Eduardo_Noriega/1.6/znxUWA2QAGs/10,112,znxUWA2QAGs,10,data/Eugenio_Derbez/1.6/3QrLepYlH6o/17,1066,3QrLepYlH6o,17
data/Eugenio_Derbez/1.6/gbTZ7k9e_Z0/7,1066,gbTZ7k9e_Z0,7,data/Ernest_Borgnine/1.6/1ZyvrJaiLQk/15,650,1ZyvrJaiLQk,15
data/Eli_Wallach/1.6/7yx9A0yzLYk/4,770,7yx9A0yzLYk,4,data/Ernest_Borgnine/1.6/Fi8lnFPYgII/11,650,Fi8lnFPYgII,11
data/Eva_Green/1.6/XcXDiYWIS6E/12,833,XcXDiYWIS6E,12,data/Estelle_Harris/1.6/VCEs8oAQAiM/19,518,VCEs8oAQAiM,19
data/Ed_Westwick/1.6/LjLjQkfhd2o/3,844,LjLjQkfhd2o,3,data/Ezra_Miller/1.6/vobW27_-JyQ/8,106,vobW27_-JyQ,8
data/Edward_Asner/1.6/Pp-rAswo4Xg/32,16,Pp-rAswo4Xg,32,data/Esai_Morales/1.6/VRCidrXwd1s/29,437,VRCidrXwd1s,29
data/Ernest_Borgnine/1.6/xiFC4HwUcww/12,650,xiFC4HwUcww,12,data/Esai_Morales/1.6/2Er-cV85fc4/18,437,2Er-cV85fc4,18
data/Esai_Morales/1.6/2Er-cV85fc4/20,437,2Er-cV85fc4,20,data/Eli_Roth/1.6/SwMoq9ZHxpw/5,753,SwMoq9ZHxpw,5
data/Eli_Wallach/1.6/7yx9A0yzLYk/5,770,7yx9A0yzLYk,5,data/Eugene_Levy/1.6/CaR6c7RO7Dc/1,166,CaR6c7RO7Dc,1
data/Ernest_Borgnine/1.6/2cAiIYHfon0/2,650,2cAiIYHfon0,2,data/Emile_Hirsch/1.6/HYiqXC0B3iY/1,158,HYiqXC0B3iY,1
data/Edgar_Wright/1.6/FDhJhEu0JUM/20,943,FDhJhEu0JUM,20,data/Emraan_Hashmi/1.6/3kzw8lTcUBU/5,457,3kzw8lTcUBU,5
data/Eric_Roberts/1.6/6pjKcuVoHLM/12,687,6pjKcuVoHLM,12,data/Emraan_Hashmi/1.6/ya6VNZp-pXw/16,457,ya6VNZp-pXw,16
data/Edgar_Wright/1.6/CAhGBfTmCHw/4,943,CAhGBfTmCHw,4,data/Eric_Dane/1.6/3tvnlmkCiTw/3,983,3tvnlmkCiTw,3
data/Elaine_Cassidy/1.6/MEa183Zyf5g/1,491,MEa183Zyf5g,1,data/Eric_Braeden/1.6/nkIdfM2BFS0/1,364,nkIdfM2BFS0,1
data/Eugene_Levy/1.6/Okaw5vJCGCk/1,166,Okaw5vJCGCk,1,data/Emile_Hirsch/1.6/fVOTAQKIfY4/1,158,fVOTAQKIfY4,1
data/Emile_Hirsch/1.6/fVOTAQKIfY4/3,158,fVOTAQKIfY4,3,data/Eva_Green/1.6/2SaEbN8hYz4/20,833,2SaEbN8hYz4,20
data/Eoin_Macken/1.6/Mp1IXRquJ9s/10,1015,Mp1IXRquJ9s,10,data/Eddie_Izzard/1.6/5TWpQYtboq0/10,113,5TWpQYtboq0,10
data/Eddie_Izzard/1.6/ZpPPaMazpf0/7,113,ZpPPaMazpf0,7,data/Estelle_Harris/1.6/R5JGtwc4o1M/1,518,R5JGtwc4o1M,1
data/Eddie_Kaye_Thomas/1.6/L9q6XabEpEI/5,865,L9q6XabEpEI,5,data/Ezra_Miller/1.6/pwfqGqgezH4/3,106,pwfqGqgezH4,3
data/Edgar_Wright/1.6/FDhJhEu0JUM/5,943,FDhJhEu0JUM,5,data/Emile_Hirsch/1.6/kKQpvHl21Cg/4,158,kKQpvHl21Cg,4
data/Edgar_Wright/1.6/5YncBThNd5E/10,943,5YncBThNd5E,10,data/Emraan_Hashmi/1.6/57KbI2UvGss/14,457,57KbI2UvGss,14
data/Eva_Green/1.6/ST2JZXcyYkE/6,833,ST2JZXcyYkE,6,data/Ezra_Miller/1.6/rqaAm4bEsXc/4,106,rqaAm4bEsXc,4
data/Edgar_Wright/1.6/aaJo0S1lnhY/3,943,aaJo0S1lnhY,3,data/Elaine_Cassidy/1.6/XiKRlssBw2M/1,491,XiKRlssBw2M,1
data/Emraan_Hashmi/1.6/6Bh6P9nGsM4/3,457,6Bh6P9nGsM4,3,data/Eric_Braeden/1.6/1l9B0dz7gjc/11,364,1l9B0dz7gjc,11
data/Eartha_Kitt/1.6/GWXujl-xAVM/30,365,GWXujl-xAVM,30,data/Ernest_Borgnine/1.6/AytdA2W0Y_M/9,650,AytdA2W0Y_M,9
data/Eugene_Levy/1.6/HTL8iLI75TY/2,166,HTL8iLI75TY,2,data/Eddie_Izzard/1.6/8fKRoUIpAJY/14,113,8fKRoUIpAJY,14
data/Eric_McCormack/1.6/SKwsA_nq1P8/3,379,SKwsA_nq1P8,3,data/Eli_Roth/1.6/gAKHqHbNt2g/4,753,gAKHqHbNt2g,4
data/Estelle_Harris/1.6/Zs8VK91yVMI/26,518,Zs8VK91yVMI,26,data/Elaine_Hendrix/1.6/UkIpd_3qMak/4,781,UkIpd_3qMak,4
data/Ernest_Borgnine/1.6/2cAiIYHfon0/1,650,2cAiIYHfon0,1,data/Elle_Fanning/1.6/7I1GtGzVfmw/16,1119,7I1GtGzVfmw,16
data/Eddie_Izzard/1.6/8fKRoUIpAJY/3,113,8fKRoUIpAJY,3,data/Emile_Hirsch/1.6/BTnbKeUJ5r8/2,158,BTnbKeUJ5r8,2
data/Emraan_Hashmi/1.6/3kzw8lTcUBU/21,457,3kzw8lTcUBU,21,data/Erik_Estrada/1.6/hjvQiiG71rM/21,1106,hjvQiiG71rM,21
data/Edgar_Wright/1.6/lWeNK_hi-aI/1,943,lWeNK_hi-aI,1,data/Edgar_Wright/1.6/5YncBThNd5E/8,943,5YncBThNd5E,8
data/Eli_Roth/1.6/gAKHqHbNt2g/11,753,gAKHqHbNt2g,11,data/Elle_Fanning/1.6/9K2YB1d8BqY/5,1119,9K2YB1d8BqY,5
data/Eric_Dane/1.6/3tvnlmkCiTw/6,983,3tvnlmkCiTw,6,data/Eugene_Levy/1.6/CN6JpPYbHCQ/6,166,CN6JpPYbHCQ,6
data/Edward_Asner/1.6/iEAqbqZ7dDg/8,16,iEAqbqZ7dDg,8,data/Eva_Longoria/1.6/c_aEjTGGhZ4/2,716,c_aEjTGGhZ4,2
data/Eli_Roth/1.6/cmG1DiHm-fM/5,753,cmG1DiHm-fM,5,data/Eli_Roth/1.6/u3s9xdUlmmk/10,753,u3s9xdUlmmk,10
data/Eartha_Kitt/1.6/5r0dWxy17C8/21,365,5r0dWxy17C8,21,data/Eva_Green/1.6/kQOkcEZUpJ4/8,833,kQOkcEZUpJ4,8
data/Emily_Atack/1.6/kt4P4cyTpWQ/9,871,kt4P4cyTpWQ,9,data/Eli_Wallach/1.6/YN4cTBWM-QE/9,770,YN4cTBWM-QE,9
data/Ernest_Borgnine/1.6/1ZyvrJaiLQk/20,650,1ZyvrJaiLQk,20,data/Edgar_Wright/1.6/HrA2BLcLApA/26,943,HrA2BLcLApA,26
data/Esai_Morales/1.6/VRCidrXwd1s/31,437,VRCidrXwd1s,31,data/Elle_Fanning/1.6/Qkll9n7U5ak/13,1119,Qkll9n7U5ak,13
data/Emile_Hirsch/1.6/HYiqXC0B3iY/4,158,HYiqXC0B3iY,4,data/Emraan_Hashmi/1.6/YvmWRnJnTz0/11,457,YvmWRnJnTz0,11
data/Elisabeth_Moss/1.6/LbFFEF1pHO0/1,587,LbFFEF1pHO0,1,data/Esai_Morales/1.6/K2_D_tFdAgY/34,437,K2_D_tFdAgY,34
data/Elaine_Hendrix/1.6/NHARUN9OhSo/2,781,NHARUN9OhSo,2,data/Eva_Longoria/1.6/cR5FfR4TbEI/1,716,cR5FfR4TbEI,1
data/Edward_Asner/1.6/shA_TsV-PFs/4,16,shA_TsV-PFs,4,data/Emraan_Hashmi/1.6/ya6VNZp-pXw/22,457,ya6VNZp-pXw,22
data/Eoin_Macken/1.6/TnOGBL8p-RM/10,1015,TnOGBL8p-RM,10,data/Emraan_Hashmi/1.6/ENIHEvg_VLM/23,457,ENIHEvg_VLM,23
data/Ezra_Miller/1.6/0b1inHMAr6o/5,106,0b1inHMAr6o,5,data/Eva_Longoria/1.6/f8Ms66atECE/1,716,f8Ms66atECE,1
data/Elaine_Hendrix/1.6/NHARUN9OhSo/1,781,NHARUN9OhSo,1,data/Emraan_Hashmi/1.6/ya6VNZp-pXw/33,457,ya6VNZp-pXw,33
data/Eva_Green/1.6/ux1zzNHqQI8/3,833,ux1zzNHqQI8,3,data/Eric_Braeden/1.6/KMM3INYWEeY/2,364,KMM3INYWEeY,2
data/Eric_Dane/1.6/vHpJ0TSVKZs/1,983,vHpJ0TSVKZs,1,data/Eduardo_Noriega/1.6/tbh20gz_KRA/22,112,tbh20gz_KRA,22
data/Erik_Estrada/1.6/hSC1Yb953Sg/1,1106,hSC1Yb953Sg,1,data/Eleanor_Tomlinson/1.6/U3xR3MZjEVg/7,906,U3xR3MZjEVg,7
data/Emile_Hirsch/1.6/HYiqXC0B3iY/11,158,HYiqXC0B3iY,11,data/Eleanor_Tomlinson/1.6/Q5fbv-Wyj7k/3,906,Q5fbv-Wyj7k,3
data/Eugene_Levy/1.6/o9bD_E99Jpg/8,166,o9bD_E99Jpg,8,data/Erin_Andrews/1.6/SX-117N_MoI/2,919,SX-117N_MoI,2
data/Edgar_Wright/1.6/5YncBThNd5E/20,943,5YncBThNd5E,20,data/Edgar_Wright/1.6/5YncBThNd5E/14,943,5YncBThNd5E,14
data/Edgar_Wright/1.6/YloBWJxXzMI/8,943,YloBWJxXzMI,8,data/Eartha_Kitt/1.6/GWXujl-xAVM/4,365,GWXujl-xAVM,4
data/Emily_Atack/1.6/EX6SP5_i96o/1,871,EX6SP5_i96o,1,data/Eva_Green/1.6/cc5WSHcgkl8/4,833,cc5WSHcgkl8,4
data/Eva_Green/1.6/ux1zzNHqQI8/2,833,ux1zzNHqQI8,2,data/Edward_Asner/1.6/QiMd9_dc-M4/2,16,QiMd9_dc-M4,2
data/Eartha_Kitt/1.6/8jEAjG6SegY/8,365,8jEAjG6SegY,8,data/Eddie_Griffin/1.6/olePnztkm6U/14,1014,olePnztkm6U,14
data/Emraan_Hashmi/1.6/3kzw8lTcUBU/4,457,3kzw8lTcUBU,4,data/Ellen_Wong/1.6/dRr05CxK0jQ/1,1156,dRr05CxK0jQ,1
data/Eric_Dane/1.6/kTLpYHUNf5A/2,983,kTLpYHUNf5A,2,data/Eva_Green/1.6/4E-dEOQQsvo/5,833,4E-dEOQQsvo,5
data/Erik_Estrada/1.6/hjvQiiG71rM/28,1106,hjvQiiG71rM,28,data/Eoin_Macken/1.6/TwfthltapLg/4,1015,TwfthltapLg,4
data/Ezra_Miller/1.6/rqaAm4bEsXc/6,106,rqaAm4bEsXc,6,data/Eddie_McClintock/1.6/Mdk1SXywHck/3,699,Mdk1SXywHck,3
data/Esai_Morales/1.6/K2_D_tFdAgY/35,437,K2_D_tFdAgY,35,data/Eric_Roberts/1.6/m-v3iy3sVjs/1,687,m-v3iy3sVjs,1
data/Eddie_Kaye_Thomas/1.6/O9xLIdaUG-k/4,865,O9xLIdaUG-k,4,data/Eddie_Izzard/1.6/eLl_yTeuaKo/22,113,eLl_yTeuaKo,22
data/Eugenio_Derbez/1.6/Piw0wvQbpnQ/16,1066,Piw0wvQbpnQ,16,data/Ellen_Burstyn/1.6/8vC0LQMqy8Y/1,268,8vC0LQMqy8Y,1
data/Eva_Green/1.6/tELtXMqh_xg/4,833,tELtXMqh_xg,4,data/Emraan_Hashmi/1.6/ya6VNZp-pXw/19,457,ya6VNZp-pXw,19
data/Erik_Estrada/1.6/KaNukQi4imU/1,1106,KaNukQi4imU,1,data/Eartha_Kitt/1.6/GWXujl-xAVM/9,365,GWXujl-xAVM,9
data/Eugenio_Derbez/1.6/3QrLepYlH6o/14,1066,3QrLepYlH6o,14,data/Eoin_Macken/1.6/k1jiAINXHRI/30,1015,k1jiAINXHRI,30
data/Elaine_Hendrix/1.6/RDFdX3VxjUQ/15,781,RDFdX3VxjUQ,15,data/Eli_Wallach/1.6/7yx9A0yzLYk/30,770,7yx9A0yzLYk,30
data/Estelle_Harris/1.6/R5JGtwc4o1M/20,518,R5JGtwc4o1M,20,data/Eddie_Izzard/1.6/0OCW1HUxZyg/4,113,0OCW1HUxZyg,4
data/Ellen_Wong/1.6/R4S2c-NiPfA/9,1156,R4S2c-NiPfA,9,data/Eddie_Izzard/1.6/hW0Q6eHqN-U/5,113,hW0Q6eHqN-U,5
data/Eli_Roth/1.6/SwMoq9ZHxpw/3,753,SwMoq9ZHxpw,3,data/Eric_Roberts/1.6/6pjKcuVoHLM/4,687,6pjKcuVoHLM,4
data/Eli_Roth/1.6/vaK4t1-WD4M/14,753,vaK4t1-WD4M,14,data/Eva_Longoria/1.6/f8Ms66atECE/6,716,f8Ms66atECE,6
data/Emraan_Hashmi/1.6/3kzw8lTcUBU/27,457,3kzw8lTcUBU,27,data/Elisabeth_Moss/1.6/uArtiTSTnSU/10,587,uArtiTSTnSU,10
data/Ed_Westwick/1.6/LjLjQkfhd2o/5,844,LjLjQkfhd2o,5,data/Eugenio_Derbez/1.6/19OCRADWjgA/9,1066,19OCRADWjgA,9
data/Eva_Longoria/1.6/0nH78dDh0N0/1,716,0nH78dDh0N0,1,data/Ezra_Miller/1.6/qFrRfhWombs/8,106,qFrRfhWombs,8
data/Elaine_Cassidy/1.6/9AtE4C309P8/4,491,9AtE4C309P8,4,data/Ellen_Burstyn/1.6/2iaCNe7ajII/1,268,2iaCNe7ajII,1
data/Eric_Braeden/1.6/TsdCaeLEoOU/1,364,TsdCaeLEoOU,1,data/Emraan_Hashmi/1.6/ENIHEvg_VLM/1,457,ENIHEvg_VLM,1
data/Esai_Morales/1.6/dtYK1cUF7mo/2,437,dtYK1cUF7mo,2,data/Eddie_McClintock/1.6/Mdk1SXywHck/21,699,Mdk1SXywHck,21
data/Eduardo_Noriega/1.6/tbh20gz_KRA/2,112,tbh20gz_KRA,2,data/Eli_Wallach/1.6/RNYNkXzY5Hk/1,770,RNYNkXzY5Hk,1
data/Eugene_Levy/1.6/zV7LlMi0eHo/4,166,zV7LlMi0eHo,4,data/Emraan_Hashmi/1.6/0zvzJa5HOUQ/2,457,0zvzJa5HOUQ,2
data/Estelle_Harris/1.6/Zs8VK91yVMI/1,518,Zs8VK91yVMI,1,data/Eric_Braeden/1.6/3BRezdwX-4I/7,364,3BRezdwX-4I,7
data/Ernest_Borgnine/1.6/1ZyvrJaiLQk/35,650,1ZyvrJaiLQk,35,data/Ernest_Borgnine/1.6/fAe7DXqrZls/11,650,fAe7DXqrZls,11
data/Eugene_Levy/1.6/zV7LlMi0eHo/7,166,zV7LlMi0eHo,7,data/Edward_Asner/1.6/Pp-rAswo4Xg/9,16,Pp-rAswo4Xg,9
data/Eugene_Levy/1.6/HTL8iLI75TY/1,166,HTL8iLI75TY,1,data/Ernest_Borgnine/1.6/fAe7DXqrZls/9,650,fAe7DXqrZls,9
data/Eddie_McClintock/1.6/Mdk1SXywHck/9,699,Mdk1SXywHck,9,data/Eli_Wallach/1.6/7yx9A0yzLYk/32,770,7yx9A0yzLYk,32
data/Eli_Roth/1.6/gAKHqHbNt2g/16,753,gAKHqHbNt2g,16,data/Elle_Fanning/1.6/L2jRsPDZGgw/8,1119,L2jRsPDZGgw,8
data/Edgar_Wright/1.6/HrA2BLcLApA/10,943,HrA2BLcLApA,10,data/Esai_Morales/1.6/2Er-cV85fc4/4,437,2Er-cV85fc4,4
data/Emraan_Hashmi/1.6/3kzw8lTcUBU/28,457,3kzw8lTcUBU,28,data/Eric_Braeden/1.6/dYC_mN16I_k/8,364,dYC_mN16I_k,8
data/Elle_Fanning/1.6/isKyMAYUOgg/7,1119,isKyMAYUOgg,7,data/Eugene_Levy/1.6/hDBMV_0Vz4E/12,166,hDBMV_0Vz4E,12
data/Emraan_Hashmi/1.6/v6MWr5UAZ94/8,457,v6MWr5UAZ94,8,data/Eddie_Griffin/1.6/wb6ligRbbZ4/9,1014,wb6ligRbbZ4,9
data/Elle_Fanning/1.6/7I1GtGzVfmw/5,1119,7I1GtGzVfmw,5,data/Eoin_Macken/1.6/TnOGBL8p-RM/6,1015,TnOGBL8p-RM,6
data/Eddie_McClintock/1.6/Mdk1SXywHck/19,699,Mdk1SXywHck,19,data/Eddie_Izzard/1.6/xadnDft3rpU/1,113,xadnDft3rpU,1
data/Estelle_Harris/1.6/Zs8VK91yVMI/4,518,Zs8VK91yVMI,4,data/Elaine_Hendrix/1.6/1CiBWgsHT4E/2,781,1CiBWgsHT4E,2
data/Emraan_Hashmi/1.6/ETJd_jPboYc/6,457,ETJd_jPboYc,6,data/Ellen_Burstyn/1.6/I99R40TUF1s/13,268,I99R40TUF1s,13
data/Ernest_Borgnine/1.6/2cAiIYHfon0/4,650,2cAiIYHfon0,4,data/Edward_Asner/1.6/d3By4475krs/1,16,d3By4475krs,1
data/Elle_Fanning/1.6/9K2YB1d8BqY/7,1119,9K2YB1d8BqY,7,data/Erik_Estrada/1.6/U_1vfIVOigA/2,1106,U_1vfIVOigA,2
data/Eddie_McClintock/1.6/Mdk1SXywHck/6,699,Mdk1SXywHck,6,data/Eva_Longoria/1.6/120gjdqGWNQ/12,716,120gjdqGWNQ,12
data/Elisabeth_Moss/1.6/uArtiTSTnSU/2,587,uArtiTSTnSU,2,data/Eduardo_Noriega/1.6/0rpfN7wThsg/2,112,0rpfN7wThsg,2
data/Eva_Longoria/1.6/120gjdqGWNQ/21,716,120gjdqGWNQ,21,data/Eugene_Levy/1.6/CN6JpPYbHCQ/1,166,CN6JpPYbHCQ,1
data/Eva_Longoria/1.6/hs255kxqdIA/1,716,hs255kxqdIA,1,data/Ernie_Hudson/1.6/AeRSD9jIdSg/6,1132,AeRSD9jIdSg,6
data/Ernie_Hudson/1.6/vhzF7dhGJzI/4,1132,vhzF7dhGJzI,4,data/Eric_Braeden/1.6/OiRXHy35Euk/4,364,OiRXHy35Euk,4
data/Eli_Roth/1.6/h87Y8nir1o0/4,753,h87Y8nir1o0,4,data/Eli_Wallach/1.6/EoCPhxtWUOc/1,770,EoCPhxtWUOc,1
data/Ezra_Miller/1.6/XMLMvfrgdzY/7,106,XMLMvfrgdzY,7,data/Elodie_Yung/1.6/sf4uMnkYFG8/4,270,sf4uMnkYFG8,4
data/Ezra_Miller/1.6/rxnN8thYzEQ/4,106,rxnN8thYzEQ,4,data/Efren_Ramirez/1.6/rPcBjEZlHdo/1,915,rPcBjEZlHdo,1
data/Esai_Morales/1.6/ZAMRSlopMWA/3,437,ZAMRSlopMWA,3,data/Eduardo_Noriega/1.6/tbh20gz_KRA/11,112,tbh20gz_KRA,11
data/Erik_Estrada/1.6/6qFnVechX9o/1,1106,6qFnVechX9o,1,data/Edgar_Wright/1.6/3vWez3baO60/5,943,3vWez3baO60,5
data/Ernest_Borgnine/1.6/8EDKH42GZ1o/16,650,8EDKH42GZ1o,16,data/Eduardo_Noriega/1.6/znxUWA2QAGs/1,112,znxUWA2QAGs,1
data/Eddie_Griffin/1.6/U-K8tabeDcI/3,1014,U-K8tabeDcI,3,data/Eric_Braeden/1.6/NRMQOFYS41I/6,364,NRMQOFYS41I,6
data/Emraan_Hashmi/1.6/gm6PJowclv0/15,457,gm6PJowclv0,15,data/Emily_Atack/1.6/TMCTm7GxiDE/10,871,TMCTm7GxiDE,10
data/Ernest_Borgnine/1.6/BL7XmN8w_UY/5,650,BL7XmN8w_UY,5,data/Evanna_Lynch/1.6/XQWpVt5n3Ic/1,1129,XQWpVt5n3Ic,1
data/Emraan_Hashmi/1.6/gm6PJowclv0/18,457,gm6PJowclv0,18,data/Elisabeth_Moss/1.6/thghCiJZYwI/10,587,thghCiJZYwI,10
data/Erik_Estrada/1.6/hjvQiiG71rM/36,1106,hjvQiiG71rM,36,data/Ezra_Miller/1.6/qFrRfhWombs/16,106,qFrRfhWombs,16
data/Eddie_Izzard/1.6/prqT1CcDqMc/19,113,prqT1CcDqMc,19,data/Eva_Green/1.6/IANjHJYjfW8/6,833,IANjHJYjfW8,6
data/Eric_McCormack/1.6/iLMjiAp4rTo/4,379,iLMjiAp4rTo,4,data/Eric_Braeden/1.6/L812MIi7ruk/10,364,L812MIi7ruk,10
data/Eugene_Levy/1.6/7geDDtDmWQU/5,166,7geDDtDmWQU,5,data/Ernie_Hudson/1.6/VIAnMw7J5tI/3,1132,VIAnMw7J5tI,3
data/Eddie_Izzard/1.6/eLl_yTeuaKo/18,113,eLl_yTeuaKo,18,data/Eugenio_Derbez/1.6/cpXXdMJuCdw/3,1066,cpXXdMJuCdw,3
data/Emraan_Hashmi/1.6/57KbI2UvGss/13,457,57KbI2UvGss,13,data/Emraan_Hashmi/1.6/azw51ZGuz9k/1,457,azw51ZGuz9k,1
data/Eva_Longoria/1.6/120gjdqGWNQ/6,716,120gjdqGWNQ,6,data/Eddie_McClintock/1.6/Mdk1SXywHck/23,699,Mdk1SXywHck,23
data/Eli_Roth/1.6/gAKHqHbNt2g/13,753,gAKHqHbNt2g,13,data/Emraan_Hashmi/1.6/57KbI2UvGss/16,457,57KbI2UvGss,16
data/Eric_McCormack/1.6/tlP585mCdl0/12,379,tlP585mCdl0,12,data/Esai_Morales/1.6/2Er-cV85fc4/21,437,2Er-cV85fc4,21
data/Esai_Morales/1.6/K2_D_tFdAgY/11,437,K2_D_tFdAgY,11,data/Edward_Asner/1.6/Pp-rAswo4Xg/37,16,Pp-rAswo4Xg,37
data/Emraan_Hashmi/1.6/0H91VC07Q3s/3,457,0H91VC07Q3s,3,data/Eartha_Kitt/1.6/8jEAjG6SegY/23,365,8jEAjG6SegY,23
data/Eleanor_Tomlinson/1.6/XtwIcZPYN_8/2,906,XtwIcZPYN_8,2,data/Edgar_Wright/1.6/AeZoMAJ4Ejs/17,943,AeZoMAJ4Ejs,17
data/Estelle_Harris/1.6/VCEs8oAQAiM/3,518,VCEs8oAQAiM,3,data/Eartha_Kitt/1.6/x6uYqmx31kE/6,365,x6uYqmx31kE,6
data/Emile_Hirsch/1.6/HYiqXC0B3iY/14,158,HYiqXC0B3iY,14,data/Emile_Hirsch/1.6/kKQpvHl21Cg/1,158,kKQpvHl21Cg,1
data/Eli_Wallach/1.6/RNYNkXzY5Hk/4,770,RNYNkXzY5Hk,4,data/Ed_Westwick/1.6/_YimahVgI1A/3,844,_YimahVgI1A,3
data/Edgar_Wright/1.6/S0j29b3KVWQ/2,943,S0j29b3KVWQ,2,data/Eddie_Kaye_Thomas/1.6/s7vZT3_8Smo/3,865,s7vZT3_8Smo,3
data/Eric_Dane/1.6/3tvnlmkCiTw/2,983,3tvnlmkCiTw,2,data/Edgar_Wright/1.6/5YncBThNd5E/9,943,5YncBThNd5E,9
data/Erik_Estrada/1.6/VHtcwtdPjpE/1,1106,VHtcwtdPjpE,1,data/Elaine_Hendrix/1.6/NHARUN9OhSo/3,781,NHARUN9OhSo,3
data/Eli_Wallach/1.6/7yx9A0yzLYk/29,770,7yx9A0yzLYk,29,data/Eddie_Izzard/1.6/prqT1CcDqMc/20,113,prqT1CcDqMc,20
data/Elodie_Yung/1.6/fGlKVvjgUdY/9,270,fGlKVvjgUdY,9,data/Edward_Asner/1.6/iEAqbqZ7dDg/15,16,iEAqbqZ7dDg,15
data/Elle_Fanning/1.6/lJQTN_wK9vA/2,1119,lJQTN_wK9vA,2,data/Eddie_Izzard/1.6/prqT1CcDqMc/1,113,prqT1CcDqMc,1
data/Esai_Morales/1.6/2Er-cV85fc4/16,437,2Er-cV85fc4,16,data/Eric_Braeden/1.6/oTRparDs-84/4,364,oTRparDs-84,4
data/Evanna_Lynch/1.6/MxBuaaxNnlE/4,1129,MxBuaaxNnlE,4,data/Esai_Morales/1.6/OMw6_X2IDvE/2,437,OMw6_X2IDvE,2
data/Ezra_Miller/1.6/nMZkxUQ1RqI/1,106,nMZkxUQ1RqI,1,data/Eddie_McClintock/1.6/Mdk1SXywHck/22,699,Mdk1SXywHck,22
data/Eleanor_Tomlinson/1.6/qkZNuvX1UNo/6,906,qkZNuvX1UNo,6,data/Eartha_Kitt/1.6/GWXujl-xAVM/43,365,GWXujl-xAVM,43
data/Eddie_Kaye_Thomas/1.6/7rkVfW2yw0c/1,865,7rkVfW2yw0c,1,data/Edgar_Wright/1.6/HrA2BLcLApA/15,943,HrA2BLcLApA,15
data/Eva_Longoria/1.6/IASj5B-pAyM/3,716,IASj5B-pAyM,3,data/Eartha_Kitt/1.6/8jEAjG6SegY/27,365,8jEAjG6SegY,27
data/Eugenio_Derbez/1.6/3QrLepYlH6o/13,1066,3QrLepYlH6o,13,data/Ernest_Borgnine/1.6/2cAiIYHfon0/16,650,2cAiIYHfon0,16
data/Eduardo_Noriega/1.6/SeXsHJ3fW1c/4,112,SeXsHJ3fW1c,4,data/Eddie_McClintock/1.6/Mdk1SXywHck/10,699,Mdk1SXywHck,10
data/Emily_Atack/1.6/TMCTm7GxiDE/8,871,TMCTm7GxiDE,8,data/Eli_Roth/1.6/j8UugkSTzzk/6,753,j8UugkSTzzk,6
data/Eddie_Kaye_Thomas/1.6/O9xLIdaUG-k/3,865,O9xLIdaUG-k,3,data/Eugenio_Derbez/1.6/cpXXdMJuCdw/9,1066,cpXXdMJuCdw,9
data/Ernest_Borgnine/1.6/SQzWyPhRqmk/8,650,SQzWyPhRqmk,8,data/Eugene_Levy/1.6/0TJ9sdJiDvA/1,166,0TJ9sdJiDvA,1
data/Edgar_Wright/1.6/YloBWJxXzMI/16,943,YloBWJxXzMI,16,data/Ernie_Hudson/1.6/Eu8Bj1gx5_4/2,1132,Eu8Bj1gx5_4,2
data/Efren_Ramirez/1.6/DTbpchx4xes/3,915,DTbpchx4xes,3,data/Emily_Atack/1.6/iPZGPcrYIZs/3,871,iPZGPcrYIZs,3
data/Emily_Atack/1.6/oLJhH76d0kU/3,871,oLJhH76d0kU,3,data/Eddie_Kaye_Thomas/1.6/wH6ebv-K8AA/8,865,wH6ebv-K8AA,8
data/Elaine_Hendrix/1.6/RDFdX3VxjUQ/19,781,RDFdX3VxjUQ,19,data/Eva_Green/1.6/lhXzCbjbosM/1,833,lhXzCbjbosM,1
data/Eduardo_Noriega/1.6/znxUWA2QAGs/8,112,znxUWA2QAGs,8,data/Eddie_McClintock/1.6/CVUXDNZzcmA/12,699,CVUXDNZzcmA,12
data/Emraan_Hashmi/1.6/57KbI2UvGss/18,457,57KbI2UvGss,18,data/Ezra_Miller/1.6/XMLMvfrgdzY/9,106,XMLMvfrgdzY,9
data/Eric_McCormack/1.6/LUFoMNPpdbY/9,379,LUFoMNPpdbY,9,data/Ernest_Borgnine/1.6/AsHhZ_bnpQg/3,650,AsHhZ_bnpQg,3
data/Ernest_Borgnine/1.6/8EDKH42GZ1o/17,650,8EDKH42GZ1o,17,data/Edward_Asner/1.6/iEAqbqZ7dDg/9,16,iEAqbqZ7dDg,9
data/Edward_Asner/1.6/d3By4475krs/3,16,d3By4475krs,3,data/Eddie_Kaye_Thomas/1.6/s7vZT3_8Smo/9,865,s7vZT3_8Smo,9
data/Eva_Green/1.6/SBO7kM1IPaY/3,833,SBO7kM1IPaY,3,data/Eva_Longoria/1.6/yUv37vQWmzE/3,716,yUv37vQWmzE,3
data/Eric_Roberts/1.6/FvbLoirHpx0/4,687,FvbLoirHpx0,4,data/Elle_Fanning/1.6/lBkbWztMEUY/5,1119,lBkbWztMEUY,5
data/Evanna_Lynch/1.6/rgpPBT4yQcg/11,1129,rgpPBT4yQcg,11,data/Ezra_Miller/1.6/rqaAm4bEsXc/3,106,rqaAm4bEsXc,3
data/Emraan_Hashmi/1.6/6Bh6P9nGsM4/1,457,6Bh6P9nGsM4,1,data/Eugene_Levy/1.6/o9bD_E99Jpg/14,166,o9bD_E99Jpg,14
data/Emile_Hirsch/1.6/zii-zlYDpGc/1,158,zii-zlYDpGc,1,data/Eugenio_Derbez/1.6/Ih2s_PikIdI/4,1066,Ih2s_PikIdI,4
data/Emily_Atack/1.6/4aLg_keiGHw/3,871,4aLg_keiGHw,3,data/Edward_Asner/1.6/DSGE2F5sTcg/9,16,DSGE2F5sTcg,9
data/Evanna_Lynch/1.6/sLv-3TCu2fE/6,1129,sLv-3TCu2fE,6,data/Eli_Wallach/1.6/7yx9A0yzLYk/10,770,7yx9A0yzLYk,10
data/Elle_Fanning/1.6/isKyMAYUOgg/2,1119,isKyMAYUOgg,2,data/Eddie_Griffin/1.6/V10d_shmAaY/1,1014,V10d_shmAaY,1
data/Eric_Braeden/1.6/49XYNpeN23I/5,364,49XYNpeN23I,5,data/Eoin_Macken/1.6/OMOpC0gi-gQ/9,1015,OMOpC0gi-gQ,9
data/Ernest_Borgnine/1.6/SQzWyPhRqmk/11,650,SQzWyPhRqmk,11,data/Esai_Morales/1.6/33L7c-DPCJQ/2,437,33L7c-DPCJQ,2
data/Emraan_Hashmi/1.6/tsv5WA_ikH4/3,457,tsv5WA_ikH4,3,data/Emraan_Hashmi/1.6/0H91VC07Q3s/6,457,0H91VC07Q3s,6
data/Eartha_Kitt/1.6/GWXujl-xAVM/27,365,GWXujl-xAVM,27,data/Eleanor_Tomlinson/1.6/Zbz058o9j6s/5,906,Zbz058o9j6s,5
data/Eduardo_Noriega/1.6/tbh20gz_KRA/7,112,tbh20gz_KRA,7,data/Eric_McCormack/1.6/DKDZ6ENKX0o/1,379,DKDZ6ENKX0o,1
data/Eddie_Kaye_Thomas/1.6/xbGp2KSUr0E/3,865,xbGp2KSUr0E,3,data/Emile_Hirsch/1.6/zii-zlYDpGc/5,158,zii-zlYDpGc,5
data/Edgar_Wright/1.6/HrA2BLcLApA/27,943,HrA2BLcLApA,27,data/Ernie_Hudson/1.6/AeRSD9jIdSg/9,1132,AeRSD9jIdSg,9
data/Eric_Braeden/1.6/L812MIi7ruk/2,364,L812MIi7ruk,2,data/Ezra_Miller/1.6/vobW27_-JyQ/3,106,vobW27_-JyQ,3
data/Ernie_Hudson/1.6/vhzF7dhGJzI/7,1132,vhzF7dhGJzI,7,data/Emile_Hirsch/1.6/O-V_sInAw5M/3,158,O-V_sInAw5M,3
data/Edward_Asner/1.6/R_h7875g_PI/9,16,R_h7875g_PI,9,data/Elisabeth_Moss/1.6/5nGO1Mq_iGM/1,587,5nGO1Mq_iGM,1
data/Eartha_Kitt/1.6/GWXujl-xAVM/12,365,GWXujl-xAVM,12,data/Ed_Westwick/1.6/PfcJLmkhGbk/7,844,PfcJLmkhGbk,7
data/Eric_Braeden/1.6/3BRezdwX-4I/3,364,3BRezdwX-4I,3,data/Eva_Longoria/1.6/yUv37vQWmzE/7,716,yUv37vQWmzE,7
data/Eartha_Kitt/1.6/8jEAjG6SegY/5,365,8jEAjG6SegY,5,data/Elle_Fanning/1.6/gkDeAS985L4/5,1119,gkDeAS985L4,5
data/Esai_Morales/1.6/VRCidrXwd1s/19,437,VRCidrXwd1s,19,data/Ernest_Borgnine/1.6/8EDKH42GZ1o/8,650,8EDKH42GZ1o,8
data/Eva_Green/1.6/cc5WSHcgkl8/10,833,cc5WSHcgkl8,10,data/Eddie_Izzard/1.6/8cfyJEV7hP8/11,113,8cfyJEV7hP8,11
data/Eleanor_Tomlinson/1.6/qkZNuvX1UNo/5,906,qkZNuvX1UNo,5,data/Elaine_Cassidy/1.6/YcIZDAhexy8/2,491,YcIZDAhexy8,2
data/Eva_Green/1.6/uzt36PBzT2w/5,833,uzt36PBzT2w,5,data/Ernest_Borgnine/1.6/1ZyvrJaiLQk/8,650,1ZyvrJaiLQk,8
data/Ernest_Borgnine/1.6/2cAiIYHfon0/11,650,2cAiIYHfon0,11,data/Eartha_Kitt/1.6/x6uYqmx31kE/16,365,x6uYqmx31kE,16
data/Eva_Green/1.6/U4FY88wt4w8/3,833,U4FY88wt4w8,3,data/Eduardo_Noriega/1.6/SeXsHJ3fW1c/2,112,SeXsHJ3fW1c,2
data/Eli_Roth/1.6/vaK4t1-WD4M/42,753,vaK4t1-WD4M,42,data/Ellen_Wong/1.6/mMHfMIiIQP0/1,1156,mMHfMIiIQP0,1
data/Emraan_Hashmi/1.6/2qlrpSAc9Xs/16,457,2qlrpSAc9Xs,16,data/Eddie_Izzard/1.6/hW0Q6eHqN-U/4,113,hW0Q6eHqN-U,4
data/Eugene_Levy/1.6/FJOvOooCIvs/1,166,FJOvOooCIvs,1,data/Emraan_Hashmi/1.6/N8_clYCM9n8/7,457,N8_clYCM9n8,7
data/Eric_Braeden/1.6/JUyxHgPHR-s/2,364,JUyxHgPHR-s,2,data/Eric_McCormack/1.6/SKwsA_nq1P8/1,379,SKwsA_nq1P8,1
data/Elisabeth_Moss/1.6/uArtiTSTnSU/5,587,uArtiTSTnSU,5,data/Erik_Estrada/1.6/a0S-epXYJME/4,1106,a0S-epXYJME,4
data/Erik_Estrada/1.6/f5eaTNf7-io/3,1106,f5eaTNf7-io,3,data/Eoin_Macken/1.6/k1jiAINXHRI/11,1015,k1jiAINXHRI,11
data/Ellen_Wong/1.6/A3ZvNuG8_oM/6,1156,A3ZvNuG8_oM,6,data/Eli_Roth/1.6/r9-0pljhZqs/6,753,r9-0pljhZqs,6
data/Elaine_Cassidy/1.6/Np6typH1VKE/1,491,Np6typH1VKE,1,data/Emraan_Hashmi/1.6/6Bh6P9nGsM4/4,457,6Bh6P9nGsM4,4
data/Emraan_Hashmi/1.6/3kzw8lTcUBU/24,457,3kzw8lTcUBU,24,data/Eva_Green/1.6/2SaEbN8hYz4/15,833,2SaEbN8hYz4,15
data/Emraan_Hashmi/1.6/tsv5WA_ikH4/4,457,tsv5WA_ikH4,4,data/Edgar_Wright/1.6/YloBWJxXzMI/12,943,YloBWJxXzMI,12
data/Eli_Roth/1.6/vv4mvANXHcs/4,753,vv4mvANXHcs,4,data/Elaine_Cassidy/1.6/PQBBKBYGWgU/6,491,PQBBKBYGWgU,6
data/Eva_Green/1.6/g7twW6td2gA/1,833,g7twW6td2gA,1,data/Eric_Dane/1.6/NkqrS8yJOL0/4,983,NkqrS8yJOL0,4
data/Elle_Fanning/1.6/cJ40ZqTY3dQ/6,1119,cJ40ZqTY3dQ,6,data/Esai_Morales/1.6/VRCidrXwd1s/26,437,VRCidrXwd1s,26
data/Emily_Atack/1.6/d2Lasybvo7s/4,871,d2Lasybvo7s,4,data/Ed_Westwick/1.6/LjLjQkfhd2o/8,844,LjLjQkfhd2o,8
data/Eva_Green/1.6/vZ56u00v6WA/1,833,vZ56u00v6WA,1,data/Eartha_Kitt/1.6/5r0dWxy17C8/6,365,5r0dWxy17C8,6
data/Eli_Roth/1.6/cmG1DiHm-fM/1,753,cmG1DiHm-fM,1,data/Emraan_Hashmi/1.6/ENIHEvg_VLM/17,457,ENIHEvg_VLM,17
data/Eleanor_Tomlinson/1.6/37XQxZ5lBD8/1,906,37XQxZ5lBD8,1,data/Emily_Atack/1.6/d2Lasybvo7s/9,871,d2Lasybvo7s,9
data/Edgar_Wright/1.6/S0j29b3KVWQ/4,943,S0j29b3KVWQ,4,data/Erin_Andrews/1.6/fUs5d-C3k5E/1,919,fUs5d-C3k5E,1
data/Eli_Roth/1.6/u3s9xdUlmmk/1,753,u3s9xdUlmmk,1,data/Eddie_McClintock/1.6/cFv9Ofrmc9k/2,699,cFv9Ofrmc9k,2
data/Eric_Braeden/1.6/WJPpL58RruA/4,364,WJPpL58RruA,4,data/Eric_McCormack/1.6/DKDZ6ENKX0o/4,379,DKDZ6ENKX0o,4
data/Elisabeth_Moss/1.6/9HcPA8lluoY/4,587,9HcPA8lluoY,4,data/Eugenio_Derbez/1.6/3QrLepYlH6o/2,1066,3QrLepYlH6o,2
data/Ed_Westwick/1.6/1gtz-CUIygI/11,844,1gtz-CUIygI,11,data/Eva_Green/1.6/tELtXMqh_xg/1,833,tELtXMqh_xg,1
data/Estelle_Harris/1.6/Zs8VK91yVMI/3,518,Zs8VK91yVMI,3,data/Elisabeth_Moss/1.6/bd0jqkNxNdU/3,587,bd0jqkNxNdU,3
data/Eleanor_Tomlinson/1.6/neQO6_CUY4w/2,906,neQO6_CUY4w,2,data/Eduardo_Noriega/1.6/tbh20gz_KRA/18,112,tbh20gz_KRA,18
data/Eartha_Kitt/1.6/8jEAjG6SegY/22,365,8jEAjG6SegY,22,data/Eleanor_Tomlinson/1.6/U3xR3MZjEVg/11,906,U3xR3MZjEVg,11
data/Edgar_Wright/1.6/5YncBThNd5E/17,943,5YncBThNd5E,17,data/Elaine_Cassidy/1.6/9AtE4C309P8/8,491,9AtE4C309P8,8
data/Ezra_Miller/1.6/rxnN8thYzEQ/11,106,rxnN8thYzEQ,11,data/Esai_Morales/1.6/VRCidrXwd1s/25,437,VRCidrXwd1s,25
data/Elisabeth_Moss/1.6/d-ZEojJk-rs/1,587,d-ZEojJk-rs,1,data/Esai_Morales/1.6/2Er-cV85fc4/10,437,2Er-cV85fc4,10
data/Emraan_Hashmi/1.6/3kzw8lTcUBU/1,457,3kzw8lTcUBU,1,data/Eric_Roberts/1.6/6pjKcuVoHLM/11,687,6pjKcuVoHLM,11
data/Ellen_Burstyn/1.6/I99R40TUF1s/6,268,I99R40TUF1s,6,data/Eugenio_Derbez/1.6/Ih2s_PikIdI/5,1066,Ih2s_PikIdI,5
data/Ernest_Borgnine/1.6/8EDKH42GZ1o/31,650,8EDKH42GZ1o,31,data/Elaine_Hendrix/1.6/R1RQnIQGy10/2,781,R1RQnIQGy10,2
data/Erik_Estrada/1.6/8v0-r8HKI_0/1,1106,8v0-r8HKI_0,1,data/Eartha_Kitt/1.6/x6uYqmx31kE/19,365,x6uYqmx31kE,19
data/Eugenio_Derbez/1.6/19OCRADWjgA/4,1066,19OCRADWjgA,4,data/Eva_Green/1.6/QRMq4DnyM3I/3,833,QRMq4DnyM3I,3
data/Elle_Fanning/1.6/ZAK9gLYNqPs/1,1119,ZAK9gLYNqPs,1,data/Evanna_Lynch/1.6/XQWpVt5n3Ic/4,1129,XQWpVt5n3Ic,4
data/Eric_Roberts/1.6/o1EKUvjvNHY/8,687,o1EKUvjvNHY,8,data/Erin_Andrews/1.6/fUs5d-C3k5E/2,919,fUs5d-C3k5E,2
data/Evanna_Lynch/1.6/rgpPBT4yQcg/5,1129,rgpPBT4yQcg,5,data/Ellen_Wong/1.6/FIxC_PNJNkc/9,1156,FIxC_PNJNkc,9
data/Ed_Westwick/1.6/_YimahVgI1A/2,844,_YimahVgI1A,2,data/Ezra_Miller/1.6/uTOEzdTJNmU/2,106,uTOEzdTJNmU,2
data/Edward_Asner/1.6/Pp-rAswo4Xg/21,16,Pp-rAswo4Xg,21,data/Esai_Morales/1.6/VRCidrXwd1s/32,437,VRCidrXwd1s,32
data/Erik_Estrada/1.6/DWT9P35cXT4/8,1106,DWT9P35cXT4,8,data/Estelle_Harris/1.6/R5JGtwc4o1M/9,518,R5JGtwc4o1M,9
data/Eartha_Kitt/1.6/8jEAjG6SegY/9,365,8jEAjG6SegY,9,data/Emile_Hirsch/1.6/HYiqXC0B3iY/2,158,HYiqXC0B3iY,2
data/Estelle_Harris/1.6/Zs8VK91yVMI/12,518,Zs8VK91yVMI,12,data/Ezra_Miller/1.6/V_tzoDBiP8A/2,106,V_tzoDBiP8A,2
data/Eugene_Levy/1.6/JQtDfEz08aU/13,166,JQtDfEz08aU,13,data/Elaine_Cassidy/1.6/PQBBKBYGWgU/1,491,PQBBKBYGWgU,1
data/Edward_Asner/1.6/QOq66XogW3Q/2,16,QOq66XogW3Q,2,data/Elodie_Yung/1.6/7UePD3HoAS8/3,270,7UePD3HoAS8,3
data/Eli_Wallach/1.6/7yx9A0yzLYk/20,770,7yx9A0yzLYk,20,data/Edward_Asner/1.6/rgcxEM5jOc4/7,16,rgcxEM5jOc4,7
data/Ernest_Borgnine/1.6/TMBdUkVfwOg/2,650,TMBdUkVfwOg,2,data/Eli_Roth/1.6/clznvDi-ybg/12,753,clznvDi-ybg,12
